cod_marca;cod_modelo;nome_modelo;ultimo_ano
1;1;Integra GS 1.8;1992
1;2;Legend 3.2/3.5;1998
1;3;NSX 3.0;1995
2;4;MARRUÁ 2.8 12V 132cv TDI Diesel;2007
2;4564;MARRUÁ AM 100 2.8  CS TDI Diesel;2015
2;4563;MARRUÁ AM 100 2.8 CD TDI Diesel;2015
2;4566;MARRUÁ AM 150 2.8  CS TDI Diesel;2015
2;4565;MARRUÁ AM 150 2.8 CD TDI Diesel;2015
2;4569;MARRUÁ AM 50 2.8 140cv TDI Diesel;2011
3;5;145 Elegant 1.7/1.8 16V;1999
3;6;145 Elegant 2.0 16V;1998
3;7;145 Quadrifoglio 2.0;1999
3;8;145 QV;1998
3;9;147 2.0 16V 148cv 4p Semi-Aut.;2005
3;10;155;1997
3;11;155 Super;1997
3;12;156 2.5 V6 24V 190cv 4p Aut.;2003
3;13;156 Sport Wagon 2.0 16V;2002
3;14;156 Sport Wagon 2.5 V6 24V 4p Aut.;2004
3;15;156 TS/Sport/Elegant 2.0 16V;2002
3;16;164 3.0 V6;1996
3;17;164 Super V6 24V;1996
3;18;166 3.0 V6 24V;2003
3;19;2300 TI/TI-4;1986
3;20;Spider 2.0/3.0;1997
4;21;Hummer Hard-Top 6.5 4x4 Diesel TB;2000
4;22;Hummer Open-Top 6.5 4x4 Diesel TB;2000
4;23;Hummer Wagon 6.5 4x4 Diesel TB;2000
5;24;AM-825 Luxo 4.0 Diesel;1998
5;25;AM-825 Super Luxo 4.0 Diesel;1998
5;26;Hi-Topic SLX/SDX/DLX Full Diesel;1998
5;27;Hi-Topic STD Diesel;1998
5;28;Hi-Topic Van 2.7 Diesel (furgão);1997
5;29;Jipe Rocsta GT 4x4 2.2 Diesel;1995
5;30;Topic Carga 2.7 Diesel (furgão);1999
5;31;Topic Luxo Diesel;1999
5;32;Topic Super Luxo Diesel;1999
5;33;Towner Coach Full;1998
5;34;Towner Furgão;1999
5;35;Towner Glass Van;1998
5;36;Towner Luxo;1999
5;37;Towner Multiuso 5p;1999
5;38;Towner Panel Van;1998
5;39;Towner Pick-Up;1999
5;40;Towner SDX / DLX/ STD;1998
5;41;Towner Super Luxo;1999
5;42;Towner Truck;1998
189;6906;DB9 Coupe 6.0 V12 510cv;2016
189;6340;DB9 Volante 6.0 V12 470cv;2011
189;6341;Rapide 6.0 V12 477cv;2012
189;6907;Rapide S 6.0 V12 550cv;2016
189;6909;Vanquish V12 6.0 565cv;2016
189;6342;Vantage 6.0 V12 510cv;2012
189;6343;Vantage Coupe 4.7 V8 425cv;2016
189;6344;Vantage Roadster 4.7 V8 420cv;2011
189;6908;Vantage S 6.0 V12 565cv;2016
189;6345;Vantage S Coupe 4.7 V8 430cv;2012
189;6346;Virage Coupe 6.0 V12 490cv;2012
6;43;100 2.8 V6;1995
6;44;100 2.8 V6 Avant;1995
6;45;100 S-4 2.2 Avant Turbo;1995
6;46;80 2.0;1995
6;47;80 2.0 Avant;1995
6;48;80 2.6/ 2.8;1995
6;49;80 2.6/2.8 Avant;1996
6;50;80 2.8 Cabriolet;1999
6;51;80 S2 Avant;1995
6;5496;A1 1.4 TFSI 122cv S-tronic 3p;2014
6;6293;A1 2.0 TFSI Quattro 256cv 3p;2013
6;6143;A1 Sport 1.4 TFSI 185cv 3p S-tronic;2014
6;7727;A1 Sport. S Edition 1.4 TFSI 5p S-tronic;2017
6;6201;A1 Sportback 1.4 TFSI 185cv 5p S-tronic;2015
6;52;A3 1.6 3p;2003
6;53;A3 1.6 3p Aut.;2003
6;54;A3 1.6 5p;2006
6;55;A3 1.6 5p Aut.;2003
6;4154;A3 1.6 8V 102cv 3p;2007
6;56;A3 1.8 3p;2004
6;57;A3 1.8 3p Aut.;2004
6;58;A3 1.8 5p Aut.;2006
6;59;A3 1.8 5p Mec.;2006
6;60;A3 1.8 Turbo 180cv 3p Aut./ Tip.;2003
6;61;A3 1.8 Turbo 180cv 3p Mec.;2004
6;62;A3 1.8 Turbo 180cv 5p Aut./ Tip.;2006
6;63;A3 1.8 Turbo 180cv 5p Mec.;2006
6;64;A3 1.8 Turbo 3p Aut.;2003
6;65;A3 1.8 Turbo 3p Mec.;2004
6;66;A3 1.8 Turbo 5p Aut.;2006
6;67;A3 1.8 Turbo 5p Mec.;2006
6;6950;A3 Cabriolet 1.8 16V TFSI 180cv S-tronic;2016
6;6689;A3 Sed.1.8/1.8 Ambit.16V TB FSI S-tronic;2016
6;6768;A3 Sedan 1.4/ Attra. 16V TB FSI S-tronic;2016
6;6461;A3 Sport 1.8 16V TFSI S-tronic 3p;2014
6;5125;A3 Sport 2.0 16V TFSI S- tronic;2013
6;4155;A3 Sportback 1.6 8V 102cv 5p;2010
6;6511;A3 Sportback 1.8 16V TFSI S-tronic 5p;2016
6;4156;A3 Sportback 2.0 16V TFSI Mec.;2011
6;4157;A3 Sportback 2.0 16V TFSI S-tronic;2013
6;68;A4 1.8  Aut.;2001
6;69;A4 1.8  Mec.;2001
6;70;A4 1.8 Avant Aut.;2001
6;71;A4 1.8 Avant Mec.;2001
6;72;A4 1.8 Avant Turbo Mec.;2001
6;73;A4 1.8 Avant Turbo Tip./ Multitronic;2016
6;74;A4 1.8 Tip./ Multitronic Turbo;2016
6;75;A4 1.8 Turbo;2001
6;4843;A4 2.0 16V TFSI 183/180cv Multitronic;2014
6;4182;A4 2.0 16V TFSI 200/ 214cv Multitronic;2011
6;6144;A4 2.0 16V TFSI Quattro Stronic;2014
6;76;A4 2.0 20V 130cv Multitronic 4p;2003
6;6145;A4 2.0 Avant 16V TFSI Quattro Stronic;2014
6;4844;A4 2.0 Avant TFSI 183/180cv Multitroni;2014
6;4183;A4 2.0 Avant TFSI 200/214cv Multitron.;2011
6;77;A4 2.4 30V Avant Mec.;2001
6;78;A4 2.4 30V Avant Tip./Multitronic;2003
6;79;A4 2.4 30V Mec.;2001
6;80;A4 2.4 30V Tip./Multitronic;2004
6;81;A4 2.4 Avant V6 30V Quattro Mec.;2001
6;82;A4 2.4 Avant V6 30V Quattro Tiptronic;2001
6;83;A4 2.4 V6 30V Quattro Mec.;2001
6;84;A4 2.4 V6 30V Quattro Tiptronic;2001
6;85;A4 2.8;1997
6;86;A4 2.8 30V  Tiptronic/ Aut.;2001
6;87;A4 2.8 30V Mec.;2001
6;88;A4 2.8 Avant V6 12V;1997
6;89;A4 2.8 Avant V6 30V Mec.;2001
6;90;A4 2.8 Avant V6 30V Quattro Mec.;2001
6;91;A4 2.8 Avant V6 30V Quattro Tiptronic;2001
6;92;A4 2.8 Avant V6 30V Tiptronic;2001
6;93;A4 2.8 V6 30V  Quattro Tiptronic;2001
6;94;A4 2.8 V6 30V Quattro Mec.;2001
6;95;A4 3.0 30V 218cv Multitronic 4p;2006
6;96;A4 3.0 30V 218cv Quattro Tiptron./Aut 4p;2003
6;97;A4 3.0 Avant 30V 218cv Multitronic 5p;2006
6;98;A4 3.0 Avant 30V 218cv Quattro Tiptronic;2003
6;99;A4 3.0 Cabriolet 30V 218cv Multitronic;2004
6;4286;A4 3.2 FSI 24V 255cv Multitronic;2008
6;4731;A4 3.2 FSI 24V 269cv Quattro Tiptronic;2012
6;4287;A4 3.2 FSI Avant 24V 255cv Multitronic;2008
6;4935;A4 3.2 FSI Avant 24V Quattro S Tronic;2012
6;4288;A4 3.2 FSI Cabriolet 24V 255cv Multitron;2007
6;7537;A4 Launch Edition 2.0 TFSI 190cv S troni;2017
6;4798;A5 3.2 FSI 24V 269cv Multitronic;2009
6;5126;A5 3.2 FSI V6 24V 269cv Quattro Tiptroni;2011
6;6082;A5 Cabriolet 2.0 TFSI Quattro Stronic;2016
6;6083;A5 Coupê 2.0 TFSI Quattro Stronic;2016
6;6084;A5 Sportb. 2.0 16V TFSI Quat. S-tronic;2016
6;7022;A5 Sportback 1.8 TFSI 170cv Multi.;2017
6;6043;A5 Sportback 2.0 16V TFSI 180cv Multi.;2014
6;5234;A5 Sportback 2.0 16V TFSI 211cv Multi.;2011
6;100;A6 2.4 30V Mec;2001
6;101;A6 2.4 30V Tip./Multitronic;2003
6;102;A6 2.4 Avant 30V Mec.;2001
6;103;A6 2.4 Avant 30V Tip./ Multitronic;2003
6;104;A6 2.4 Avant V6 30V Quattro Mec.;2001
6;105;A6 2.4 Avant V6 30V Quattro Tiptronic;2001
6;106;A6 2.4 V6 30V Quattro Mec;2001
6;107;A6 2.4 V6 30V Quattro Tiptronic;2001
6;108;A6 2.7 30V Avant Tiptronic;2001
6;109;A6 2.7 30V Mec.;2000
6;110;A6 2.7 Avant Quattro Tiptronic;2002
6;111;A6 2.7 Quattro Tiptronic;2004
6;112;A6 2.8;1997
6;113;A6 2.8 30V Mec.;2001
6;114;A6 2.8 30V Tiptronic;2001
6;115;A6 2.8 Avant;1997
6;116;A6 2.8 Avant 30V Mec.;2001
6;117;A6 2.8 Avant 30V Tiptronic;2001
6;118;A6 2.8 Avant V6 30V Quattro Mec.;2001
6;119;A6 2.8 Avant V6 30V Quattro Tiptronic;2001
6;120;A6 2.8 V6 30V Quattro Mec.;2001
6;121;A6 2.8 V6 30V Quattro Tiptronic;2001
6;122;A6 3.0 Avant V6 30V 218cv Multitronic 5p;2007
6;5374;A6 3.0 Avant. TB FSI V6 Quattro Tip. 5p;2012
6;6413;A6 3.0 Avant.TFSI V6 Quattro S tronic 5p;2014
6;4958;A6 3.0 TB FSI V6 Quattro Tiptronic;2012
6;123;A6 3.0 V6 30V 218cv Multitronic 4p;2006
6;4526;A6 3.2 FSI 24V 255cv Multitronic;2008
6;124;A6 4.2 Avant Quattro Tiptronic;2006
6;125;A6 4.2 Quattro Tiptronic;2008
6;6462;A6 Allroad 3.0 TFSI V6 Quattro S tronic;2017
6;7447;A7 Sportback 2.0 TFSI S Tronic;2016
6;7127;A8 3.0 TFSI 310cv Quattro Tiptronic 4p;2016
6;6631;A8 4.0 TFSI Quattro Tiptronic;2017
6;126;A8 4.2 Quattro Tiptronic;2013
6;127;A8 4.2 V8 32V Tiptronic;2000
6;3928;A8 6.0 W12 48V 450cv Quattro Tiptronic;2006
6;5717;A8 6.3 W12 48V Quattro Tiptronic;2017
6;128;Allroad 2.7 30V Quattro Turbo Tiptronic;2005
6;129;Avant RS2;1995
6;6573;Q5 2.0 16V TFSI 225cv Quattro Tiptronic;2017
6;4936;Q5 2.0 16V TFSI Quattro S Tronic;2013
6;6486;Q5 3.0 V6 TFSI 272cv Quattro Tiptronic;2016
6;4959;Q5 3.2 FSI V6 Quattro S Tronic;2012
6;4694;Q7 3.6 V6 284cv Quattro Tiptronic;2010
6;4184;Q7 4.2 V8 40V 350cv Quattro Tiptronic;2010
6;5235;R8 4.2 V8 426cv Quattro R-tronic;2012
6;5974;R8 GT 5.2 V10 560cv Quattro R-tronic;2012
6;5550;R8 Spyder 5.2 Quattro R-tronic/S-tronic;2016
6;130;RS4 2.7 Avant V6 30V BI-TB Quattro 380cv;2001
6;6487;RS4 4.2 Avant 32V FSI Quattro S-tronic;2015
6;5410;RS5 4.2 FSI V8 450cv Quattro S-Tron. 2p;2015
6;131;RS6 4.2 450cv BI-TB Quattro Tiptronic 4p;2004
6;132;RS6 4.2 Avant  BI-TB Quattro Tiptron. 5p;2004
6;5335;RS6 5.0 Avant.FSI V10 Bi-TB Quattro Tip.;2011
6;5336;RS6 5.0 FSI V10 Bi-TB Quattro Tip.;2011
6;133;S3 1.8 225cv Turbo Quattro;2003
6;6951;S3 Sedan 2.0 TFSI Quattro 286cv S-tronic;2016
6;5127;S3 Sportback 2.0 TFSI Quattro S Tronic;2016
6;134;S4 2.7 Avant Turbo Quattro;2001
6;135;S4 2.7 Turbo Quattro Mec.;2001
6;6085;S4 3.0 Avant TFSI V6 24V Quattro Stronic;2014
6;6086;S4 3.0 TFSI V6 24V Quattro Stronic;2014
6;136;S4 4.2 Avant V8 40V 344cv Quattro Tipt.;2005
6;137;S4 4.2 V8 40V 344cv Quattro Tiptronic;2005
6;6087;S5 Cabriolet 3.0 TFSI Quattro Stronic;2013
6;6088;S5 Coupê 3.0 TFSI Quattro Stronic;2013
6;6089;S5 Sportback 3.0 TFSI Quattro Stronic;2015
6;138;S6 2.2 20V TB;1997
6;139;S6 2.2 Avant 20V TB;1997
6;7302;S6 4.0 TFSI Quattro S-Tronic 4p;2016
6;140;S6 4.2 Avant V8 40V Quattro Tiptronic;2001
6;141;S6 4.2 V8 40V Quattro Mec;2001
6;142;S6 4.2 V8 40V Quattro Tiptronic;2004
6;5186;S6 5.2 Avant FSI V10 435cv Quattro Tiptr;2011
6;5187;S6 5.2 FSI V10 435cv Quattro Tiptronic;2011
6;143;S6 Plus 4.2 Avant V8 32V;1998
6;144;S6 Plus 4.2 V8 32V;1998
6;6632;S7 4.0 TFSI 420/450cv Quattro S-tronic;2016
6;7128;S8 4.0 TFSI Quattro Tiptronic 4p;2017
6;145;S8 4.2 Mec;1998
6;146;S8 4.2 Quattro Mec.;2000
6;147;S8 4.2 Quattro Tiptronic;2000
6;148;S8 4.2 Tiptronic;2001
6;149;TT 1.8 TB 180cv;2006
6;150;TT 1.8 TB Quattro 225cv;2006
6;151;TT Roadster 1.8 TB Quattro 225cv (Conv.);2006
6;6259;TTRS Roadster 2.5 TB FSI Quat. S Tronic;2014
207;8274;Buggy 1.6 2-Lug.;1997
7;6146;116iA 1.6 TB 16V 136cv 5p;2015
7;5576;118iA 2.0 16V 136cv 3p;2012
7;4960;118iA 2.0 16V 136cv 5p;2012
7;6147;118iA Full 1.6 TB 16V 170cv 5p;2014
7;5923;118iA/ Urban/Sport 1.6 TB 16V 170cv 5p;2015
7;152;120i 2.0 16V 150cv/ 156cv 5p;2009
7;153;120iA 2.0 16V 150cv/ 156cv 5p;2012
7;4700;120iA 2.0 16V 156cv 3p;2009
7;4683;120iA Cabrio 2.0 16V 156cv 2p;2012
7;3879;130i 3.0 24V 265cv 5p;2009
7;4473;130iA 3.0 24V 265cv 3p;2009
7;4199;130iA 3.0 24V 265cv 5p;2012
7;4961;135iA Coupé 3.0 24V 306cv;2012
7;7129;225i Active Tourer Sport 2.0 TB Aut.;2016
7;154;316 (todas);1995
7;6660;316i 1.6 TB 16V 136cv 4p;2015
7;155;318i Cabrio 1.8 16V;1995
7;156;318i/iA 1.8 16V;1998
7;157;318i/iA Compact 1.8 16V;1997
7;5607;318iA 2.0 16V 136cv 5p;2012
7;158;318iS/ISA 1.9 16V;1998
7;159;318Ti Compact Mec;1998
7;160;318Ti/TiA Compact 1.9 16V;1999
7;161;320i;2007
7;162;320iA;2012
7;6609;320iA GT Sport 2.0 Turbo 16V 184cv 5p;2017
7;163;323Ci Coupê;2000
7;164;323CiA Coupê;2000
7;165;323i 2.5 24V;2001
7;166;323i Confort;2000
7;167;323i Sport;1998
7;168;323i Touring;2000
7;172;323i/iA Exclusive;2000
7;169;323iA 2.5 24V;2001
7;170;323iA Confort;2000
7;171;323iA Entry Sedan;2000
7;173;323iA Sport;2001
7;174;323iA Top Sedan;2002
7;175;323iA Touring;1999
7;176;323Ti Compact;2000
7;177;323Ti Compact Sport;2000
7;178;323TiA Compact Top;1999
7;179;325i;2001
7;180;325i/iA Cabrio;1996
7;181;325iA;2012
7;182;325iA 2.5 24V Protection;2003
7;183;325iA Coupé 2.5 24V 2p;2010
7;3955;325iA Touring;2009
7;184;328i Exclusive 2.8 24V;2000
7;185;328i Touring/Sport;1999
7;186;328i/iA (modelo antigo);1998
7;187;328i/iA (novo modelo);2000
7;188;328i/iA Cabrio;1998
7;6046;328iA 2.0 TB/2.0 TB Flex 16V 4p;2014
7;189;328iA Exclusive 2.8 24V;2000
7;6633;328iA GT M Sport 2.0 Turbo 16V 245cv 5p;2016
7;6047;328iA Luxury/Modern 2.0 TB 16V 4p;2013
7;6048;328iA Plus 2.0 TB 16V 245cv 4p;2013
7;190;328iA Touring/Sport;1999
7;191;330Ci Cabriolet;2004
7;192;330CiA Cabriolet;2006
7;193;330i MotorSport 3.0 24V 4p;2003
7;3956;330iA Exclusive 3.0 24V 4p;2006
7;194;330iA MotorSport 4p;2007
7;195;330iA Top 4p;2007
7;9957;335i 3.0 Active 3 (Híbrido);2014
7;4272;335iA 3.0 24V 306cv;2012
7;4416;335iA Cabriolet 3.0 24V 306cv;2012
7;6513;335iA M Sport 3.0 24V 306cv 4p;2015
7;6148;335iA Sport 3.0 24V 306cv 4p;2013
7;7083;420i Cabriolet Sport 2.0 TB 184cv 2p;2016
7;6952;428i Cabriolet Sport 2.0 TB 245cv 2p;2016
7;7084;428i Gran Coupe M Sport 2.0 TB 245cv;2016
7;7085;428i Gran Coupe Sport 2.0 TB 245cv;2015
7;7728;430i Cab. Sport Limited Ed.2.0 TB 2p;2017
7;7729;430i Gran Coupé M Sport TB 5p;2017
7;6691;435iA M Sport Coupe 3.0 24V 306cv 2p;2015
7;196;520i 2.0 16V;1993
7;197;525i/iA;2003
7;198;525i/iA Touring;1995
7;199;528i/iA;2000
7;6149;528iA 2.0 Turbo 16V 245cv 4p;2014
7;200;528iA High;2001
7;6514;528iA M Sport 2.0 Turbo 16V 245cv 4p;2016
7;201;528iA Touring;1999
7;8816;530i Security;2008
7;202;530i/iA;2010
7;203;530i/iA Touring;1995
7;204;535i/iA 3.5 24V;1993
7;5267;535iA 3.0 24V 306cv Bi-Turbo;2013
7;5292;535iA GT 3.0 306cv Bi-Turbo;2012
7;6415;535iA M Sport 3.0 24V 306cv Bi-Turbo;2016
7;205;540i;2000
7;206;540i/iA Touring;2001
7;207;540iA;2003
7;208;540iA MotorSport;2003
7;209;540iA Protection;2003
7;210;540iTA;2001
7;211;545iA 4.4 32V V8 333cv;2006
7;5268;550iA 4.4 32V 407cv Bi-Turbo;2012
7;3880;550iA 4.8 32V;2009
7;4995;550iA Limited Sport Edition 4.8 32V;2010
7;4432;550iA Security 4.8 32V;2009
7;6378;640i Gran Coupe 3.0 320cv 4p;2015
7;3929;645Ci Cabriolet 4.4 V8 32V 333cv;2005
7;212;645iA 4.4 V8 32V 333cv;2005
7;5718;650Ci Cabriolet 4.4 407cv Bi-Turbo;2012
7;4126;650Ci Cabriolet 4.8 V8 32V 360cv;2012
7;6634;650i Gran Coupe 4.4 V8 450cv 4p;2016
7;6150;650iA 4.4 407cv Bi-Turbo;2012
7;4125;650iA 4.8 V8 32V 360cv;2009
7;5057;650iA Limited Sport  Edition 4.8 32V;2010
7;213;730i 3.0 32V;1992
7;214;730iA 3.0 32V;1992
7;215;735i/iA 3.5 32V;1992
7;216;740i;1997
7;217;740iA;2001
7;218;740iL/iLA Highline 4.4 32V;1996
7;219;740iLA Protection;2001
7;220;745iA 4.4 V8 32V 333cv;2005
7;221;750i;1996
7;7147;750i M Sport Sedan 4.4 V8 450cv Aut.;2015
7;222;750iA;2014
7;223;750iL Highline 5.4 24V;1998
7;9962;750iLA 4.4 Active 7 (Híbrido);2012
7;224;760iL 6.0 V12 445cv/544cv;2012
7;225;840Ci;1997
7;226;840CiA;1998
7;227;850Ci/CiA 5.0 24V;1995
7;228;850Ci/CiA 5.4 24V;1998
7;229;850CSi 5.6 24V;1995
7;230;850i 5.0 24V;1996
7;6416;M 135i 3.0 24V 320cv;2016
7;6910;M 235i Coupe 3.0 24V 326cv;2016
7;231;M Roadster;2000
7;5719;M1 Coupe 3.0 24V 340cv;2012
7;232;M3 3.2 24V;2006
7;233;M3 Cabrio 3.0 24V;1995
7;4919;M3 Cabrio 4.0 32V;2010
7;234;M3 Coupê 3.0 24V 255cv;1998
7;235;M3 Coupê 3.0 V6 24V 282cv;1995
7;4527;M3 Coupê 4.0 32V;2013
7;4823;M3 Sedan 4.0 32V;2012
7;7148;M4 Cabriolet 3.0 Bi-Turbo 24V 431cv 2p;2016
7;236;M5 3.8/Touring 3.8 24V;1995
7;6260;M5 4.4 560cv Bi-Turbo Aut.;2015
7;237;M5 5.0 32V/ 40V;2010
7;238;M6 5.0 V10 40V 507cv;2010
7;6460;M6 Coupe 4.4 Bi-Turbo V8 32V;2015
7;5269;X1 SDRIVE 18i 2.0 16V 4x2 Aut.;2014
7;6151;X1 XDRIVE 28i 2.0 Turbo 16V 4x4 Aut.;2014
7;5158;X1 XDRIVE 28i 3.0 24V 4x4 Aut.;2012
7;7086;X1 XDRIVE 28i Sport 2.0 ActiveFlex Aut.;2015
7;239;X3 Family 2.5 24V 192cv/ 218cv;2009
7;240;X3 Family 3.0 24V 231cv;2006
7;4241;X3 Sport 2.5 24V 192cv/ 218cv;2010
7;241;X3 Sport 3.0 24V 231cv;2010
7;6294;X3 XDRIVE 28i 2.0 Turbo 245cv Aut.;2015
7;5608;X3 XDRIVE 28i 3.0 258cv;2012
7;5497;X3 XDRIVE 35i/M-Sport 3.0 306cv Bi-Turbo;2017
7;7066;X4 XDRIVE 35i M-Sport 3.0 TB 306cv Aut.;2017
7;242;X5 3.0 4x4;2010
7;243;X5 4.4 4x4;2003
7;244;X5 4.8 4x4 V8 32V 360cv;2008
7;4585;X5 Endurance 4.8is 4x4 V8 32V 355cv Aut.;2010
7;4242;X5 Security 4.4 4x4 V8 32V;2006
7;5020;X5 Security 4.8is 4x4 V8 32V 355cv Aut.;2010
7;245;X5 Sport 4.4 4x4 V8 32V;2006
7;4331;X5 Sport 4.8 4x4 V8 32V 355cv;2010
7;7087;X5 XDRIVE 30d Full 3.0 258cv Diesel;2015
7;5356;X5 XDRIVE 35i 3.0 306cv Bi-Turbo;2015
7;6911;X5 XDRIVE 35i Full 3.0 306cv Bi-Turbo;2017
7;5357;X5 XDRIVE 50i 4.4  Bi-Turbo;2015
7;6710;X5 XDRIVE 50i M Sport 4.4 Bi-Turbo;2015
7;5590;X5 XDRIVE 50i Security 4.4 Bi-Turbo;2016
7;4746;X6 XDRIVE 50i 4.4 407cv Bi-Turbo;2015
7;7088;X6 XDRIVE 50i M Sport 4.4 Bi-Turbo;2016
7;246;Z3 2.8 Aut.;2000
7;247;Z3 2.8 Mec.;2001
7;248;Z3 3.0 24V Roadster 2p;2002
7;249;Z3 Roadster 1.9 Mec.;1999
7;4887;Z3 Roadster 2.8;2000
7;250;Z3 Roadster M 3.2;2002
7;4243;Z4 Coupé M 3.2 V6 24V 343cv;2008
7;4185;Z4 Roadster 2.0 150cv 2p;2009
7;251;Z4 Roadster 3.0 V6 24V Aut.;2008
7;4244;Z4 Roadster M 3.2 V6 24V 343cv;2008
7;6261;Z4 Roadster sDRIVE 20i 2.0 16V 2p Aut.;2016
7;4996;Z4 Roadster sDRIVE 23i 2.5 24V 204cv 2p;2012
7;4997;Z4 Roadster sDRIVE 35i 3.0 24V 306cv 2p;2014
7;252;Z4 Roadster Sport 3.0 24V 231cv Aut.;2003
7;253;Z8 5.0 V8;2001
123;4053;Buggy IV e V;2008
10;258;Deville/Eldorado 4.9;1995
10;259;Seville 4.6;1996
161;6379;Celer Hatch 1.5 16V Flex 5p;2017
161;5208;CIELO 1.6 16V 119cv  5p;2012
161;5209;CIELO Sedan 1.6 16V 119cv  4p;2012
161;5210;Face 1.3 16V/1.3 16V Flex.Mec.;2015
161;7089;QQ 1.0 ACT 12V 69cv 5p;2015
161;5534;QQ 1.1/1.0 12V 69cv 5p;2015
161;5740;S-18 1.3 16V Flex Mec. 5p;2012
161;6661;Tiggo 2.0 16V Aut. 5p;2015
161;5021;Tiggo 2.0 16V Mec. 5p;2015
11;260;Javali 3.0 4x4 Diesel;1995
136;4392;Cargo 1.0 8V 53cv (Pick-Up);2012
136;4393;Cargo CD 1.0 8V 53cv (Pick-Up);2012
136;4394;Cargo CE 1.0 8V 53cv (Pick-Up);2012
136;4395;Family 1.0 8V 53cv (Perua);2009
136;4396;Utility 1.0 8V 53cv  (Furgão);2009
182;5872;MINI STAR CD 1.0 8V 53cv (Pick-Up);2012
182;5873;MINI STAR CE 1.0 8V 53cv (Pick-Up);2012
182;5874;MINI STAR CS 1.0 8V 53cv (Pick-Up);2012
182;5875;MINI STAR CSB 1.0 8V 53cv (Pick-Up Báu);2012
182;5876;MINI STAR Family 1.0 8V 53cv (MiniVan);2012
182;5877;MINI STAR Utility 1.0 8V 53cv (Furgão);2012
12;4528;300 C 3.5 V6 249cv;2009
12;5878;300 C 3.6 V6 Aut.;2016
12;3881;300 C 5.7 V8 16V 340cv Aut.;2009
12;4186;300 C SRT8 6.1 V8 16V 431cv Aut;2010
12;4158;300 C Touring 5.7 V8 16V 340cv Aut.;2009
12;261;300 M 3.5;2001
12;262;Caravan LE  3.3;2000
12;3811;Caravan LX 3.3 V6 182cv;2007
12;263;Caravan LX 3.8;1999
12;264;Caravan SE 2.4/3.3;2001
12;265;Cirrus LXi 2.5 V6 24V;1995
12;267;Grand Caravan LE 3.3 Aut;2001
12;268;Grand Caravan Limited 3.3 V6 12V 182cv;2007
12;269;Grand Caravan LX 3.8;2001
12;266;Grand Caravan SE 3.3 V6;2006
12;270;LE Baron 3.0 V6;1993
12;271;LE Baron 3.0 V6 Conv.;1995
12;272;Neon LE 1.8;1999
12;273;Neon LE/Highline 2.0;2001
12;274;Neon Sport 1.8/2.0;1999
12;4255;PT Cruiser Cabrio 2.4 16V 143cv 2p;2007
12;3882;PT Cruiser Classic 2.4 16V 143cv 4p;2009
12;275;PT Cruiser Limited 2.0 16V 4p;2004
12;276;PT Cruiser Limited 2.4 16V 143cv 4p;2009
12;5237;PT Cruiser Touring DEC. EDITION 2.4 16V;2010
12;277;Sebring LX 2.7 V6 24V 204cv;2003
12;278;Stratus LE 2.0;2001
12;279;Stratus LX 2.0 Mec;1998
12;280;Stratus LX 2.5 Aut;2000
12;281;Stratus LX 2.5 Conversível Aut;1999
12;4623;TOWN & COUNTRY Limited 3.8 /3.6 V6 Aut.;2015
12;5720;TOWN & COUNTRY Touring 3.6 V6 Aut.;2014
12;282;Vision 3.5 24V;1995
13;8045;AIRCROSS BUSINESS 1.6 Flex 16V 5p Mec.;2017
13;6418;AIRCROSS Exc. ATACA. 1.6 Flex 16V 5p Aut;2014
13;6419;AIRCROSS Exc. ATACA. 1.6 Flex 16V 5p Mec;2014
13;5609;AIRCROSS Exclusive 1.6 Flex 16V 5p Aut.;2015
13;5337;AIRCROSS Exclusive 1.6 Flex 16V 5p Mec.;2015
13;5338;AIRCROSS GL 1.6 Flex 16V 5p Mec.;2012
13;5610;AIRCROSS GLX 1.6 Flex 16V 5p Aut.;2014
13;5339;AIRCROSS GLX 1.6 Flex 16V 5p Mec.;2014
13;6420;AIRCROSS GLX ATACAMA 1.6 Flex 16V 5p Aut;2014
13;6421;AIRCROSS GLX ATACAMA 1.6 Flex 16V 5p Mec;2014
13;7903;AIRCROSS SALOMON 1.5 Flex 8V 5p Mec.;2017
13;7897;AIRCROSS SALOMON 1.6 Flex 16V 5p Aut.;2017
13;7090;AIRCROSS SALOMON EXCLUSIVE 1.6 Flex Aut.;2015
13;7091;AIRCROSS SALOMON EXCLUSIVE 1.6 Flex Mec.;2015
13;7092;AIRCROSS SALOMON TENDANCE 1.6 Flex Aut.;2015
13;7093;AIRCROSS SALOMON TENDANCE 1.6 Flex Mec.;2015
13;7425;AIRCROSS Start 1.5 Flex 8V 5p Mec.;2017
13;6770;AIRCROSS TENDANCE 1.6 Flex 16V 5p Aut.;2015
13;6771;AIRCROSS TENDANCE 1.6 Flex 16V 5p Mec.;2015
13;283;AX GTi;1995
13;285;Berlingo MultSpace GLX 1.6 16V 110cv 4p;2007
13;284;Berlingo MultSpace GLX 1.8i 3p;2001
13;286;Berlingo MultSpace GLX 1.8i 4p;2002
13;287;BX 1.6S 16V;1993
13;288;BX GTi 1.9;1993
13;6835;C3 Attra/Origine Pack 1.5 Flex 8V 5p Mec;2017
13;6153;C3 Excl. 1.6 VTi Flex Start 16V 5p Mec.;2015
13;4761;C3 Excl./Excl.Solar./Sonora 1.6 Flex Aut;2012
13;289;C3 Exclus./Excl.Solaris 1.6 Flex 16V Mec;2011
13;4315;C3 Exclusive 1.4 Flex 8V 5p;2012
13;6772;C3 Exclusive 1.5 Flex 8V 5p Mec.;2016
13;290;C3 GLX 1.4/ GLX Sonora 1.4 Flex 8V 5p;2012
13;4762;C3 GLX 1.6 Flex 16V 5p  Aut.;2010
13;291;C3 GLX 1.6/ 1.6 Flex 16V 5p;2010
13;292;C3 Ocimar Versolato 1.6 16V 110cv 5p;2005
13;6154;C3 Origine 1.5 Flex 8V 5p Mec.;2017
13;5611;C3 Picasso Excl. 1.6 Flex 16V 5p Aut.;2015
13;5551;C3 Picasso Exclusive 1.6 Flex 16V 5p Mec;2015
13;6092;C3 Picasso GL 1.5 Flex 8V Mec.;2014
13;5552;C3 Picasso GL 1.6 Flex 16V 5p Mec.;2012
13;6093;C3 Picasso GLX 1.5 Flex 8V 5p Mec.;2014
13;5612;C3 Picasso GLX 1.6 Flex 16V 5p Aut.;2014
13;5553;C3 Picasso GLX 1.6 Flex 16V 5p Mec.;2012
13;6773;C3 Picasso Origine 1.5 Flex 8V Mec.;2015
13;6774;C3 Picasso Tendance 1.5 Flex 8V 5p Mec.;2015
13;6775;C3 Picasso Tendance 1.6 Flex 16V 5p Aut.;2015
13;7730;C3 Style Ed. Pure Tech 1.2 Flex 12V Mec.;2017
13;7731;C3 Style Edition 1.6 Flex 16V Aut.;2017
13;6155;C3 Tendance 1.5 Flex 8V 5p Mec.;2017
13;6777;C3 X-BOX ONE 1.6 VTi Flex 16V 5p Mec.;2014
13;4302;C3 XTR 1.4 Flex 8V 5p;2012
13;4054;C3 XTR 1.6 Flex 16V 5p;2011
13;6574;C4 Competition 1.6 Flex 16V 5p Mec.;2014
13;6559;C4 Competition 2.0 Flex 16V 5p Aut.;2014
13;4888;C4 Excl./Excl. Solar. 2.0 Flex 16V Mec.;2013
13;4845;C4 Excl.2.0/2.0 Solaris Flex 16V 5p Aut.;2014
13;4846;C4 GLX 1.6 Flex 16V 5p Mec.;2013
13;4847;C4 GLX 2.0 Flex 16V 5p Aut.;2013
13;4889;C4 GLX 2.0 Flex 16V 5p Mec.;2010
13;6575;C4 LOUNGE Exclusive 1.6 Turbo 4p Aut.;2015
13;6576;C4 LOUNGE Exclusive 2.0 Flex 4p Aut.;2015
13;7658;C4 LOUNGE Orig.Business 1.6 TB Flex Aut.;2017
13;7685;C4 LOUNGE Origine 1.6 Turbo Flex Mec.;2017
13;7370;C4 LOUNGE Origine 2.0 Flex 4p Aut.;2016
13;6577;C4 LOUNGE Origine 2.0 Flex 4p Mec.;2015
13;6884;C4 LOUNGE Tendance 1.6 Turbo 4p Aut;2015
13;6578;C4 LOUNGE Tendance 2.0 Flex 4p Aut.;2016
13;6579;C4 LOUNGE Tendance 2.0 Flex 4p Mec.;2016
13;4397;C4 PAL.Excl/Excl(Tech.) 2.0/2.0 Flex Aut;2013
13;4398;C4 PALLAS Exclusive 2.0/2.0 Flex 16V Mec;2010
13;4399;C4 PALLAS GLX 2.0/ 2.0 Flex Aut.;2013
13;4400;C4 PALLAS GLX 2.0/2.0 Flex 16V Mec.;2013
13;4667;C4 Picasso Grand 2.0 16V 143cv Aut;2014
13;4824;C4 Picasso/Pic. La Luna 2.0 16V  Aut.;2014
13;6580;C4 Rock You 1.6 Flex 16V 5p Mec.;2014
13;6737;C4 Tendance 1.6 Flex 16V 5p Mec.;2014
13;6738;C4 Tendance 2.0 Flex 16V 5p Aut.;2014
13;4159;C4 VTR 2.0 16V 143cv;2009
13;293;C5 3.0 24V 210cv 4p Aut.;2008
13;294;C5 Exclusive 2.0 16V 138cv 4p Mec.;2003
13;295;C5 Exclusive 2.0 16V 4p Aut.;2012
13;296;C5 Exclusive Break 2.0 16V 138cv 5p Mec.;2002
13;297;C5 Exclusive Break 2.0 16V Aut.;2008
13;4937;C5 Tourer Exclusive 2.0 16V 5p Aut.;2012
13;4328;C6 Exclusive 3.0 V6 24V 215cv Aut.;2008
13;298;C8 Exclusive 2.0 16V 138cv 5p Aut.;2005
13;6050;DS3 1.6 Turbo 16V 3p Mec.;2014
13;7067;DS3 Sport Chic 1.6 TB 16V 3p Mec.;2017
13;7068;DS4 1.6 Chic Turbo 16V 5p Aut.;2016
13;7069;DS4 1.6 So Chic Turbo 16V 5p Aut.;2016
13;6347;DS4 1.6 Turbo 16V 5p Aut.;2014
13;7095;DS5 1.6 Be Chic Turbo 16V 5p Aut.;2016
13;6295;DS5 1.6 Turbo 16V 5p Aut.;2014
13;299;Evasion  GLX 2.0 16V;2001
13;300;Evasion VSX Turbo;1997
13;5103;Jumper 2.3 15/16Lug. TB Diesel;2017
13;5140;Jumper 2.3 Furgão TB Diesel;2017
13;5659;Jumper 2.3 Vetrato Exec. 16Lug. TB Dies.;2015
13;5411;Jumper 2.3 Vetrato TB Diesel;2016
13;301;Jumper 2.5 Diesel;1998
13;302;Jumper 2.8 16Lug.  Diesel;2009
13;303;Jumper 2.8 Furgão 35C Diesel;2000
13;304;Jumper 2.8 Furgão 35MH Diesel;2005
13;305;Xantia 2.0  16V;1997
13;306;Xantia Activa 2.0;1997
13;307;Xantia Activa 2.0 TB;1997
13;308;Xantia Activa 3.0 V6 Mec;1999
13;309;Xantia Break 2.0 8V/GLX 2.0 16V Aut;2001
13;310;Xantia Break GLX 2.0 16V Mec.;2001
13;311;Xantia Exclusive 2.0 16V;2000
13;312;Xantia Exclusive 3.0 V6;2000
13;313;Xantia GLX 2.0 16V Aut.;2001
13;314;Xantia GLX 2.0 16V Mec.;2002
13;315;Xantia SX 1.8;1999
13;316;Xantia SX 2.0 8V/16V Mec./Aut.;1998
13;317;Xantia VSX 2.0;1998
13;318;Xantia VSX 2.0 16V;1998
13;319;XM Exclusive 12v;1997
13;320;XM Exclusive 24V;2000
13;321;XM Exclusive Break;1995
13;322;XM Sensation 2.0 TB;1995
13;323;Xsara Break Exclusive 1.6 16V 5p Aut.;2001
13;324;Xsara Break Exclusive 1.6 16V 5p Mec.;2001
13;325;Xsara Break Exclusive 1.8 16V;2001
13;326;Xsara Break Exclusive 2.0 16V;2003
13;327;Xsara Break GLX 1.6 16V 5p Aut.;2003
13;328;Xsara Break GLX 1.6 16V 5p Mec.;2003
13;329;Xsara Break GLX 1.8 16V;2001
13;330;Xsara Break GLX/ Paris 2.0 16V;2003
13;331;Xsara Exclusive 1.6 16V 5p Aut.;2001
13;332;Xsara Exclusive 1.6 16V 5p Mec.;2001
13;333;Xsara Exclusive 1.8 8V/16V 5p Aut.;2000
13;334;Xsara Exclusive 1.8 8V/16V 5p Mec.;2001
13;335;Xsara Exclusive 2.0 16V;2003
13;336;Xsara GLX 1.6 16V 3p;2003
13;337;Xsara GLX 1.6 16V 5p Aut.;2003
13;338;Xsara GLX 1.6 16V 5p Mec.;2003
13;339;Xsara GLX 1.8 16V 5p Mec.;2001
13;340;Xsara GLX 1.8 16V Cupê Mec.;2001
13;341;Xsara GLX 1.8 8V 5p Aut.;1999
13;342;Xsara GLX 1.8 8V Cupê Aut.;1999
13;343;Xsara GLX/ Paris 2.0 16V;2001
13;344;Xsara Picasso Exc./Etoile 2.0 16V Mec.;2010
13;3930;Xsara Picasso Exclus. 1.6/ 1.6 Flex 16V;2012
13;345;Xsara Picasso Exclusive 2.0 16V Aut.;2011
13;347;Xsara Picasso GLX 1.6/ 1.6 Flex 16V;2012
13;348;Xsara Picasso GLX 2.0 16V  Aut.;2010
13;346;Xsara Picasso GLX/Brasil/Etoile 2.0 Mec.;2010
13;349;Xsara VTS 1.6 16V 3p;2002
13;350;Xsara VTS 1.8 16V;2001
13;351;Xsara VTS 2.0  16V Cupê Mec.;2002
13;352;ZX Cupê 16V;1998
13;353;ZX Dakar 2.0 16V;1997
13;354;ZX Furio;1998
13;355;ZX Paris 1.8;1998
13;356;ZX Volcane 3p e 5p;1998
14;357;CL-244 2.8 132cv 4x4 TB Int. Diesel;2006
14;3964;CL-330 2.8 132cv 4x4 TB Int. Diesel;2006
15;358;Espero 2.0;1995
15;359;Espero CD / DLX 2.0;1997
15;360;Lanos Hatch SX 1.6 16V;1999
15;361;Lanos SX 1.6 16V;1999
15;362;Lanos SX 1.6 16V Aut.;2001
15;363;Leganza CDX 2.0 16V Aut.;1999
15;364;Leganza CDX 2.0 16V Mec.;1999
15;365;Nubira CDX 2.0 16V Aut.;1999
15;366;Nubira CDX 2.0 16V Mec.;1999
15;367;Nubira SW CDX 2.0 16V Aut.;1999
15;368;Nubira SW CDX 2.0 16V Mec.;1999
15;369;Prince Ace 2.0;1995
15;370;Racer GTi 1.5 16V;1995
15;371;Super Salon Ace;1995
15;372;Tico;1995
16;373;Applause 1.6 16V;1995
16;374;Applause DLX 1.6 16V;1995
16;375;Charade CX/TS 1.0;1995
16;377;Charade Sedan 1.3i 16V;1995
16;376;Charade Sedan 1.5/DLX 1.3;1995
16;378;Charade TS/TSi 1.3/LSi 1.5 16V;1995
16;379;Charade TX 1.3 16V;1995
16;380;Cuore 0/TS0 85i;1999
16;381;Cuore CS/CSL;1998
16;382;Cuore TS/TSL;1997
16;383;Feroza DX 1.6 16V;1995
16;384;Feroza SX 1.6i 16V;1997
16;385;Gran Move 1.5/1.6 16V;1999
16;386;Move Van;1997
16;387;Terios 1.3 16V;1999
17;388;Avenger ES 2.0/2.5 16V;1995
17;389;Dakota 2.5;2001
17;390;Dakota Club 2.5;1995
17;391;Dakota Durango 5.9 4x4 V8;2000
17;392;Dakota Durango SLT 5.2 4x4 V8;2000
17;394;Dakota RT 5.2 Aut.;2001
17;395;Dakota RT 5.2 CE Aut.;2001
17;396;Dakota Sport 2.5 4x4;1995
17;397;Dakota Sport 2.5 CD Diesel;2001
17;398;Dakota Sport 2.5 Diesel;2001
17;399;Dakota Sport 3.9 V6;2001
17;400;Dakota Sport 3.9 V6 CD Aut.;2001
17;401;Dakota Sport 3.9 V6 CD Mec.;2001
17;402;Dakota Sport 5.2 V8;2000
17;403;Dakota Sport 5.2 V8 CD Aut.;2001
17;404;Dakota Sport CE 2.5 Diesel;2001
17;405;Dakota Sport CE 3.9 V6;2001
17;6316;Durango Citadel 3.6 24V 4x4 Aut.;2013
17;6317;Durango Crew 3.6 24V 4x4 Aut.;2013
17;7131;Durango Limited 3.6 24V 4x4 Aut.;2015
17;393;Intrepid 3.3 V6;1993
17;6953;JOURNEY Crossroad 3.6 V6 Aut.;2015
17;5238;JOURNEY RT 2.7 V6 185cv Aut.;2011
17;6954;JOURNEY RT 3.6 AWD V6 Aut.;2016
17;5270;JOURNEY SE 2.7 V6 185cv Aut.;2010
17;4732;JOURNEY SXT 2.7 V6 185cv Aut.;2011
17;5694;JOURNEY SXT 3.6 V6 Aut.;2015
17;406;Ram 2500 H.DUTY 5.9 SLT 24V CD 4x4 Dies.;2009
17;3931;Ram 2500 H.DUTY 5.9 SLT TDI CS 4x4 Dies.;2009
17;5924;Ram 2500 LARAMIE 6.7 TDI CD 4x4 Dies;2012
17;5150;Ram 2500 TROPIVAN 5.9 SLT Exec.TDI Dies.;2010
17;4575;Ram 2500 TROPIVAN 5.9 SLT TDI 4x4 Dies.;2010
17;407;Ram Laramie 5.9 V8;1995
17;408;Ram Laramie/SLT 5.2 V8;1996
17;409;Ram Sport 5.9 V8;2001
17;410;Stealth 3.0 MPI;1994
147;4637;M-100 1.0 8V 5p;2012
147;5660;Plutus 3.2 8V 4x2 CD Turbo Diesel;2012
147;5661;Start Picape CD 1.0 8V 5p;2014
147;5662;Start Picape L 1.0 8V 2p;2014
147;5663;Start Van 1.0 8V 4p;2012
147;4638;ULC FURGÃO 1.0 8V 5p;2011
147;4639;ULC PICAPE 1.0 8V 2p;2012
147;5358;ULC PICAPE CD 1.0 8V 4p;2012
147;5359;ULC PICAPE Longa 1.0 8V 2p;2012
147;5360;ULC PICAPE Longa Bau 1.0 8V 2p;2011
147;4640;ULC VAN 1.0 8V 5p;2012
18;411;Engesa 4x4 2.5/4.1;1994
18;412;Engesa 4x4 4.0 Diesel;1994
19;413;Camper 2.5/GL/GLS/Master 4.1;1996
19;414;Camper 4x4 2.5 Diesel;1995
19;415;Camper GL/GLS 4x4 4.0 Diesel;1995
19;416;Master 4.0 Diesel;1996
20;417;348 GTS 3.4;1994
20;418;348 Spider 3.4;1994
20;419;348 TS/TB 3.4;1994
20;420;355 Berlinetta;1999
20;421;355 Berlinetta F1;1999
20;422;355 GTS;1999
20;423;355 GTS F1;1999
20;424;355 GTS Spider;2000
20;425;355 GTS Targa;1999
20;426;355 Spider F1;2000
20;427;360 Challenge Stradale;2004
20;428;360 Modena;2001
20;429;360 Modena F1;2004
20;430;360 Spider 400cv;2001
20;431;360 Spider F1 400cv;2005
20;432;456 GT;2001
20;433;456 GTA;2000
20;434;456 M-GT 5.5 V12;2001
20;7881;458 Speciale A;2015
20;435;550 Maranello;2001
20;436;575M Maranello F1 V12 515cv;2005
20;3932;612 Scaglietti F1 V12 540cv;2011
20;7179;California 3.9 Turbo F1 V8 560cv;2017
20;5058;California F1 V8 460cv/ California 30;2014
20;6463;F12 Berlinetta 740cv;2017
20;7788;F12 TDF 780cv;2017
20;3812;F430 F1;2009
20;4809;F430 SCUDERIA F1;2009
20;4055;F430 Spider F1;2009
20;6094;F458 Italia F1 4.5 V8 570cv;2015
20;6912;F458 Speciale F1 4.5 V8;2015
20;6156;F458 Spider F1 4.5 V8 570cv;2015
20;4289;F599 GTB Fiorano F1 6.0 V12 620cv;2012
20;6095;FF F1 6.3 V12 660cv;2016
21;437;147 C/ CL;1987
21;438;147 Furgão (todos);1987
21;439;147 Pick-Up (todas);1988
21;7097;500 ABARTH MULTIAIR 1.4 TB 16V 3p;2015
21;6885;500 Cabrio Dualogic Flex 1.4 8V;2017
21;6886;500 Cabrio Flex 1.4 8V Mec.;2015
21;6262;500 Cabrio/500 Coupe Gucci/Flex 1.4 Aut.;2015
21;5613;500 Cult 1.4 Flex 8V EVO Dualogic;2015
21;5614;500 Cult 1.4 Flex 8V EVO Mec.;2017
21;5059;500 LOUNGE 1.4 16V 100cv  Mec.;2010
21;5060;500 LOUNGE 1.4 16V 100cv Dualogic;2012
21;5615;500 Lounge Air 1.4/ 1.4 Flex 16V Aut.;2014
21;5061;500 SPORT 1.4 16V 100cv  Dualogic;2010
21;5062;500 SPORT 1.4 16V 100cv Mec.;2010
21;5616;500 Sport Air 1.4 16V/1.4 Flex 16V Aut.;2015
21;5617;500 Sport Air 1.4 16V/1.4 Flex Mec.;2014
21;440;Brava ELX  1.6 16V 4p;2003
21;441;Brava HGT 1.8 mpi 16V  4p;2003
21;442;Brava SX 1.6 16V 4p;2003
21;5446;Bravo ABSOLUTE 1.8 Flex 16V 5p;2012
21;5447;Bravo ABSOLUTE Dualogic 1.8 Flex 16V 5p;2014
21;7132;Bravo BlackMotion 1.8 Dualogic Flex 5p;2016
21;7133;Bravo BlackMotion 1.8 Flex 16v 5p;2016
21;5448;Bravo ESSENCE 1.8 Flex 16V 5p;2016
21;5449;Bravo ESSENCE Dualogic 1.8 Flex 16V 5p;2016
21;6051;Bravo SPORTING 1.8 Dualogic Flex 16V 5p;2016
21;6052;Bravo SPORTING 1.8 Flex 16V 5p;2016
21;443;Bravo SX 1.6;1999
21;5591;Bravo T-JET 1.4 16V Turbo 5p;2016
21;6515;Bravo WOLVERINE 1.8 Dualogic Flex 16V 5p;2014
21;6516;Bravo WOLVERINE 1.8 Flex 16V 5p;2014
21;444;Cinquecento 0.7;1995
21;445;Coupe 16V;1997
21;8518;CRONOS DRIVE 1.8 16V Flex Aut.;2021
21;8201;CRONOS DRIVE GSR 1.3 8V Flex;2020
21;8778;CRONOS HGT 1.8 16V Flex Aut.;2021
21;8202;CRONOS PRECISION 1.8 16V Flex Aut.;2021
21;8203;CRONOS PRECISION 1.8 16V Flex Mec.;2019
21;5104;Doblo  1.4 mpi Fire Flex  8V 4p;2011
21;5105;Doblo  Cargo 1.4 mpi Fire Flex 8V 3p;2016
21;6053;Doblo Adv. XINGU 1.8 Flex 16V 5p;2014
21;6054;Doblo Adv. XINGU LOCKER 1.8 Flex 16V 5p;2014
21;7503;Doblo Adv.Ext./Adv.Ext.Loc. 1.8 16V Flex;2016
21;3933;Doblo Adv/Adv TRYON/LOCKER 1.8 Flex;2020
21;446;Doblo Adventure/ Adv.ER 1.8 mpi 8V 103cv;2006
21;5535;Doblo ATTRACTIVE 1.4 Fire Flex 8V 5p;2016
21;447;Doblo Cargo 1.3 Fire 16V 4/5p;2006
21;448;Doblo Cargo 1.6 16V 4/5p;2003
21;449;Doblo Cargo 1.8 mpi 8V 103cv;2006
21;3934;Doblo Cargo 1.8 mpi Fire Flex 8V/16V 4p;2021
21;5106;Doblo ELX 1.4 mpi Fire Flex 8V 4p;2011
21;450;Doblo ELX 1.6 16V 4/5p;2003
21;451;Doblo ELX 1.8 mpi 8V 103cv;2006
21;3935;Doblo ELX 1.8 mpi 8V Flex;2010
21;5536;Doblo ESSENCE 1.8 Flex 16V 5p;2021
21;452;Doblo EX 1.3 Fire 16V 80cv 4/5p;2006
21;4097;Doblo HLX 1.8 mpi Flex 5p;2011
21;453;Ducato Cargo 2.8 Curto/Longo TB Diesel;2009
21;5022;Ducato Cargo Curto 2.3 ME Diesel;2017
21;5023;Ducato Cargo Longo 2.3 ME Diesel;2017
21;5024;Ducato Combinato 2.3 ME Diesel;2012
21;454;Ducato Combinato 2.8 Diesel;2000
21;455;Ducato Combinato 2.8 Turbo Diesel;2009
21;456;Ducato Furgão Maxi 2.8 Diesel;2000
21;5025;Ducato Maxi. Curta 2.3 T.Alto ME Diesel;2017
21;5026;Ducato Maxi. Long. 2.3 T.Alto ME Diesel;2017
21;457;Ducato MaxiCargo/Furgão Maxi 2.8 TB Dies;2009
21;8396;Ducato Minibus 2.3 16V Diesel;2019
21;5027;Ducato Minibus 2.3 ME Diesel;2017
21;5028;Ducato Minibus 2.3 T.Alto ME Diesel;2017
21;458;Ducato Minibus 2.8 Diesel;2000
21;459;Ducato Minibus 2.8 Turbo Diesel;2009
21;460;Ducato Mult/ Vetrato 2.8 T.Alto TB Dies.;2009
21;461;Ducato Mult/ Vetrato 2.8 T.Baixo TB Dies;2008
21;5029;Ducato Multi Long. 2.3 T.Alto ME Diesel;2017
21;462;Ducato Van 2.5  Diesel;1998
21;8398;Ducato Vip Bus 2.3 16V Diesel;2018
21;463;Ducato-10 Furgão 2.5 Diesel;1999
21;464;Ducato-15 2.8 Furgão TB Diesel;2002
21;465;Ducato-15 Furgão 2.8 Diesel;2000
21;466;Ducato-8 Furgão 2.5 Diesel;1999
21;467;Duna 1.6ie;1995
21;468;Elba 1.6i.e/Top/CSL/ 1.6i.e/1.5 2p e 4p;1996
21;469;Elba CS 1.6 / 1.5 /1.3;1992
21;470;Elba S 1.6/ 1.5ie / 1.5 / 1.3;1992
21;471;Elba Weekend 1.5 i.e. 2p e 4p;1996
21;473;Fiorino Furg.1.5/1.3/1.3 Fire/1.3 F.Flex;2013
21;472;Fiorino Furgão 1.0;1997
21;474;Fiorino Furgão 1.5 mpi / i.e.;2005
21;6662;Fiorino Furgão Celeb. EVO 1.4 Flex 8V 2p;2016
21;6663;Fiorino Furgão EVO 1.4 Flex 8V 2p;2021
21;7751;Fiorino Furgão Work. HARD 1.4 Flex 8V 2p;2021
21;475;Fiorino Pick-Up 1.0;1997
21;476;Fiorino Pick-Up 1.5 i.e./1.3/1.5/HD;1997
21;477;Fiorino Pick-Up LX (todas);1998
21;478;Fiorino Pick-Up Trekking 1.5 mpi / i.e.;1999
21;479;Fiorino Pick-Up Working 1.5 mpi / i.e.;1999
21;9208;Fiorino Working 1.4 Flex 8V 2p;2021
21;5618;FREEMONT EMOT./PRECISION 2.4 16V 5p Aut.;2016
21;9209;Grand Siena 1.0 EVO Flex 8V 4p;2021
21;9210;Grand Siena 1.4 EVO Flex 8V 4p;2021
21;5925;Grand Siena ATTRAC. 1.4 EVO F.Flex 8V;2021
21;7824;Grand Siena ATTRACTIVE 1.0 Flex 8V 4p;2021
21;6955;Grand Siena ESSEN. ITALIA Dual. 1.6 Flex;2015
21;6488;Grand Siena ESSEN.SUBLIME 1.6 Flex;2018
21;6489;Grand Siena ESSEN.SUBLIME Dual. 1.6 Flex;2018
21;5926;Grand Siena ESSENCE 1.6 Flex 16V;2018
21;5927;Grand Siena ESSENCE Dual. 1.6 Flex 16V;2018
21;6956;Grand Siena ESSENCE ITALIA 1.6 Flex 16V;2015
21;5928;Grand Siena TETRAFUEL 1.4 Evo F. Flex 8V;2016
21;7504;Idea A.Ext./A..Ext.Loc.Dual. 1.8 Flex 5p;2016
21;4966;Idea Adv./ Adv.LOCK.Dualogic 1.8 Flex 5p;2016
21;7505;Idea Adv.Ext./Adv.Ext. Loc. 1.8 Flex 5p;2016
21;4160;Idea Advent./ Adv.LOCKER 1.8 mpi Flex 5p;2016
21;5340;Idea ATTRACTIVE 1.4 Fire Flex 8V 5p;2016
21;480;Idea ELX 1.4 mpi Fire Flex 8V 5p;2010
21;4962;Idea ELX 1.8 mpi Flex 8V 5p;2010
21;5341;Idea ESSENCE 1.6 Flex 16V 5p;2016
21;5342;Idea ESSENCE Dualogic 1.6 Flex 16V 5p;2016
21;6711;Idea ESSENCE SUBLIME 1.6 Flex 16V 5p;2016
21;6712;Idea ESSENCE SUBLIME Dual.1.6 Flex16V 5p;2016
21;481;Idea HLX 1.8 mpi Flex 8V 5p;2010
21;5343;Idea SPORTING 1.8 Flex 16V 5p;2012
21;5344;Idea SPORTING Dualogic 1.8 Flex 16V 5p;2012
21;4748;LINEA 1.9/ HLX 1.9/ 1.8 Flex 16V 4p;2011
21;4750;LINEA 1.9/ HLX 1.9/1.8 Flex  Dualogic 4p;2011
21;4749;LINEA ABSOLUTE 1.9/1.8 Flex Dualogic 4p;2016
21;6581;LINEA ESSEN.SUBLIME 1.8 Flex 16V 4p;2014
21;6582;LINEA ESSEN.SUBLIME Dual.1.8 Flex 16V 4p;2014
21;5577;LINEA ESSENCE 1.8 Flex 16V 4p;2016
21;5578;LINEA ESSENCE Dualogic 1.8 Flex 16V 4p;2016
21;4921;LINEA LX 1.9/ 1.8 Flex 16V 4p;2011
21;4920;LINEA LX 1.9/ 1.8 Flex 16V Dualogic 4p;2011
21;4751;LINEA T-JET 1.4 16V Turbo 4p;2012
21;482;Marea City;2000
21;483;Marea ELX 1.8 mpi 16V 132cv 4p;2007
21;484;Marea ELX 2.0 20V 4p;2000
21;485;Marea ELX 2.4 mpi 20V 4p;2003
21;486;Marea HLX 2.0 20V 4p;2000
21;487;Marea HLX 2.4 mpi 20V 4p Aut.;2007
21;488;Marea HLX 2.4 mpi 20V 4p Mec.;2002
21;489;Marea SX 1.6 mpi 16V 106cv 4p;2007
21;490;Marea SX 1.8 16V 4p;2005
21;491;Marea SX 2.0 20V 4p;2000
21;492;Marea Turbo 2.0 20V 4p;2007
21;493;Marea Weekend City 4p;2000
21;494;Marea Weekend ELX 1.8 mpi 16V 132cv 4p;2007
21;495;Marea Weekend ELX 2.0 20V 4p;2000
21;496;Marea Weekend ELX 2.4 mpi 20V 4p;2003
21;497;Marea Weekend HLX 2.0 20V 4p;2000
21;498;Marea Weekend HLX 2.4 mpi 20V 4p Aut.;2007
21;499;Marea Weekend HLX 2.4 mpi 20V 4p Mec.;2003
21;500;Marea Weekend SX 1.6 mpi 16V 106cv 4p;2007
21;501;Marea Weekend SX 1.8 16V 4p;2005
21;502;Marea Weekend SX 2.0 20V 4p;2000
21;503;Marea Weekend Turbo 2.0 20V 4p;2007
21;7825;MOBI DRIVE 1.0 Flex 6V 5p;2020
21;7920;MOBI DRIVE GSR 1.0 Flex 6V 5p;2020
21;7538;MOBI EASY 1.0 Fire Flex 5p.;2022
21;8344;MOBI EASY COMFORT 1.0 Flex 5p.;2020
21;7539;MOBI EASY on 1.0 Fire Flex 5p.;2017
21;7541;MOBI LIKE ON 1.0 Fire Flex 5p.;2017
21;7612;MOBI WAY 1.0 Fire Flex 5p.;2020
21;7613;MOBI WAY on 1.0 Fire Flex 5p.;2017
21;504;Oggi;1985
21;4826;Palio 1.0 Cel. ECON./ITALIA F.Flex 8V 4p;2014
21;4825;Palio 1.0 Celebr. ECONOMY F.Flex 8V 2p;2014
21;4827;Palio 1.0 ECONOMY Fire Flex 8V 2p;2014
21;4828;Palio 1.0 ECONOMY Fire Flex 8V 4p;2014
21;505;Palio 1.0/ Trofeo 1.0 Fire/ Fire Flex 2p;2016
21;506;Palio 1.0/ Trofeo 1.0 Fire/ Fire Flex 4p;2017
21;507;Palio 1.5 mpi 8V 2p;2003
21;508;Palio 1.5 mpi 8V 4p;2003
21;509;Palio 1.6 mpi 16V 2p;2000
21;510;Palio 1.6 mpi 16V 4p;2000
21;4290;Palio 1.8R mpi Flex 8V 2p;2010
21;3883;Palio 1.8R mpi Flex 8V 4p;2010
21;7180;Palio ATTRA. Best Seller 1.0 EVO Flex 5p;2016
21;7181;Palio ATTRA. Best Seller 1.4 EVO Flex 5p;2016
21;5271;Palio ATTRA./ITÁLIA 1.4 EVO F.Flex 8V 5p;2017
21;5721;Palio ATTRACTIVE 1.0 EVO Fire Flex 8v 5p;2017
21;3965;Palio Celebration 1.0 Fire Flex 8V 2p;2016
21;3966;Palio Celebration 1.0 Fire Flex 8V 4p;2016
21;511;Palio City 1.0 4p;2000
21;512;Palio City 1.5/1.6 4p;2000
21;513;Palio CityMatic 1.0 mpi;2000
21;514;Palio ED 1.0 mpi 2p e 4p;1999
21;515;Palio EDX 1.0 mpi 2p;1999
21;516;Palio EDX 1.0 mpi 4p;1999
21;517;Palio EL 1.5 mpi 2p e 4p;2000
21;518;Palio EL 1.6 spi 2p e 4p;2000
21;521;Palio ELX 1.0 Fire/30 Anos F. Flex 8V 4p;2011
21;520;Palio ELX 1.0 mpi Fire 16v 4p (25 anos);2003
21;519;Palio ELX 1.0/ 1.0 Fire Flex 8V 2p;2011
21;522;Palio ELX 1.3 mpi  Fire 16V 4p;2003
21;523;Palio ELX 1.3 mpi Flex 8V 4p;2005
21;524;Palio ELX 1.4 Fire/30 Anos F. Flex 8V 4p;2010
21;525;Palio ELX 1.5 4p;2001
21;526;Palio ELX 1.6 4p;2000
21;527;Palio ELX 1.6 mpi 16v 4p;2003
21;528;Palio ELX 1.8/ 1.8 mpi Flex 8V 4p;2010
21;4967;Palio ELX Dualogic 1.8 mpi Flex 8V 4p;2010
21;529;Palio ELX/ 500 1.0 4p;2000
21;5293;Palio ESSENCE 1.6 Flex 16V 5p;2017
21;5294;Palio ESSENCE Dualogic 1.6 Flex 16V 5p;2017
21;530;Palio EX 1.0 mpi 2p;2000
21;531;Palio EX 1.0 mpi 4p;2000
21;533;Palio EX 1.0 mpi Fire 8v 4p;2003
21;532;Palio EX 1.0 mpi Fire/ Fire Flex 8v 2p;2008
21;534;Palio EX 1.3 mpi Fire 8V 67cv 2p;2004
21;535;Palio EX 1.3 mpi Fire 8V 67cv 4p;2003
21;536;Palio EX 1.8 mpi 8V 103cv 4p;2003
21;537;Palio EX Century 1.0 mpi Fire 16v 2p;2003
21;538;Palio EX Century 1.0 mpi Fire 16v 4p;2003
21;539;Palio HLX 1.8 mpi 8V 103cv 4p;2004
21;540;Palio HLX 1.8 mpi Flex 8V 4p;2007
21;7026;Palio Rua 1.0 Fire Flex 8V 5p;2015
21;6318;Palio SPORT.INTERLAGOS 1.6 Flex 16V;2015
21;6319;Palio SPORT.INTERLAGOS Dual.1.6 Flex 16V;2015
21;5696;Palio SPORTING 1.6 Flex 16V 5p;2017
21;7614;Palio SPORTING B.Edit. 1.6 Flex 16V 5p;2016
21;7615;Palio SPORTING Dual. B.Edit. 1.6 Flex 5p;2016
21;5697;Palio SPORTING Dualogic 1.6 Flex 16V 5p;2017
21;541;Palio Stile 1.6 mpi 16v 4p;2003
21;5879;Palio W.Adv. LOC. ITAL.Dual.1.8 Flex 16V;2012
21;5881;Palio W.ADV. LOCK. ITALIA 1.8 Flex 16V;2012
21;6836;Palio Way 1.0 Fire Flex 8V 5p;2017
21;6837;Palio Way Celebration 1.0 F. Flex 8V 5p;2016
21;5619;Palio Week. Adv. Dualogic 1.8 Flex;2018
21;5880;Palio Week. Adv. ITALIA 1.8 Flex 16V;2012
21;547;Palio Week. Adv/Adv TRYON 1.8 mpi Flex;2020
21;5272;Palio Week. ATTRACTIVE 1.4 Fire Flex 8V;2020
21;5882;Palio Week.Adv. ITAL. Dual. 1.8 Flex 16V;2012
21;4968;Palio Week.Adv.LOCK.Dualogic 1.8 Flex;2017
21;542;Palio Weekend 1.0 6-marchas;2000
21;543;Palio Weekend 1.5 mpi 4p;2004
21;544;Palio Weekend 1.6 mpi 16V 4p;1999
21;7542;Palio Weekend Adv. Ext. 1.8 Dual. Flex;2016
21;7543;Palio Weekend Adv. Ext. 1.8 Flex;2016
21;7544;Palio Weekend Adv. Loc.Ext.1.8 Dual.Flex;2016
21;7545;Palio Weekend Adv. LOCKER Ext. 1.8 Flex;2016
21;545;Palio Weekend Adventure 1.6 8V/16V;2003
21;546;Palio Weekend Adventure 1.8 8V 103cv 4p;2004
21;4673;Palio Weekend Adventure LOCKER 1.8 Flex;2020
21;548;Palio Weekend City 1.5/ 1.6 4p;2000
21;549;Palio Weekend ELX 1.0 mpi Fire 16V;2003
21;550;Palio Weekend ELX 1.3 mpi  Fire 16V;2003
21;551;Palio Weekend ELX 1.3 mpi Flex 8V 4p;2005
21;552;Palio Weekend ELX 1.4 mpi Fire Flex 8V;2010
21;553;Palio Weekend ELX 1.5 mpi 4p;2001
21;554;Palio Weekend ELX 1.6 mpi;2000
21;555;Palio Weekend EX 1.3 mpi Fire 8V 67cv 4p;2004
21;556;Palio Weekend EX 1.5 mpi;2000
21;557;Palio Weekend EX 1.8 mpi 8V 103cv 4p;2004
21;558;Palio Weekend HLX 1.8 mpi Flex 4p;2008
21;559;Palio Weekend Sport 1.6 mpi 16V 4p;2000
21;560;Palio Weekend Stile 1.6 mpi 16V 4p;2003
21;561;Palio Weekend Stile 1.8 mpi 8V 103cv 4p;2005
21;4674;Palio Weekend Trekking 1.4 Fire Flex 8V;2011
21;5412;Palio Weekend Trekking 1.6 Flex 16V 5p;2016
21;5063;Palio Weekend Trekking 1.8 mpi Flex 8V;2010
21;562;Palio Young 1.0 mpi 8v 2p;2002
21;563;Palio Young 1.0 mpi 8v 4p;2002
21;564;Palio Young 1.0 mpi Fire 8V 2p;2002
21;565;Palio Young 1.0 mpi Fire 8V 4p;2002
21;566;Panorama C/CL;1986
21;567;Premio CS 1.5 i.e. 2p/ SL 1.6/1.5/1.3 4p;1994
21;568;Premio CS 1.6/ 1.5/ 1.3 2p;1994
21;569;Premio CSL 1.6 i.e./ 1.5 4p;1994
21;570;Premio CSL 1.6/ 1.5;1994
21;571;Premio S 1.5 i.e./ 1.5 / 1.3;1993
21;4421;Punto  ELX 1.4 Fire Flex 8V 5p;2011
21;4422;Punto 1.4 Fire Flex 8V 5p;2011
21;5273;Punto ATTRACTIVE 1.4 Fire Flex 8V 5p;2017
21;5883;Punto ATTRACTIVE ITALIA 1.4 F.Flex 8V 5p;2017
21;6560;Punto BLACKMOTION 1.8 Flex 16V 5p.;2017
21;6561;Punto BLACKMOTION Dual. 1.8 Flex 16v 5p;2017
21;572;Punto Cabrio;1995
21;573;Punto EL/ELX;1995
21;5295;Punto ESSENCE 1.6 Flex 16V 5p;2017
21;5296;Punto ESSENCE 1.8 Flex 16V 5p;2012
21;5463;Punto ESSENCE Dualogic 1.6 Flex 16V 5p;2017
21;5297;Punto ESSENCE Dualogic 1.8 Flex 16V 5p;2012
21;7182;Punto ESSENCE SP 1.6 Flex 16V 5p;2016
21;7226;Punto ESSENCE SP Dualogic 1.6 Flex 16V;2016
21;4423;Punto HLX 1.8 Flex 8V 5p;2010
21;574;Punto S;1995
21;4424;Punto Sporting 1.8 Flex 8V/16V 5p;2016
21;5298;Punto Sporting Dualogic 1.8 Flex 16V 5p;2016
21;575;Punto SX;1995
21;4859;Punto T-JET 1.4 16V Turbo 5p;2016
21;576;Siena 1.0 mpi/ 500 1.0 mpi;2000
21;577;Siena 1.0/ EX 1.0 mpi Fire/ Fire Flex 8v;2012
21;578;Siena 1.5 mpi 8V 4p;2004
21;5299;Siena ATTRACTIVE 1.0 Fire Flex 8V 4p;2011
21;5300;Siena ATTRACTIVE 1.4 Fire Flex 8V 4p;2011
21;3967;Siena Celebration 1.0 Fire Flex 8V 4p;2012
21;579;Siena City 4p;2000
21;4860;Siena EL 1.0 mpi Fire Flex 8V 4p;2016
21;5361;Siena EL 1.4 mpi Fire Flex 8V 4p;2016
21;580;Siena EL 1.6 mpi 16V;1999
21;581;Siena EL 1.6 spi;2000
21;4861;Siena EL Celeb. 1.0 mpi Fire Flex 8V 4p;2016
21;5362;Siena EL Celeb. 1.4 mpi Fire Flex 8V 4p;2016
21;582;Siena ELX 1.0 mpi Fire 16v 4p (25 anos);2003
21;583;Siena ELX 1.0 mpi Fire/Fire Flex 8V 4p;2010
21;584;Siena ELX 1.3 mpi Fire 16V 4p;2005
21;585;Siena ELX 1.3 mpi Flex 8V 4p;2005
21;586;Siena ELX 1.4 mpi Fire Flex 8V 4p;2010
21;587;Siena ELX 1.5 mpi 4p;2000
21;588;Siena ELX 1.6 mpi 8V/16V 4p;2003
21;589;Siena ELX 1.8 mpi 8V 103cv 4p;2004
21;5301;Siena ESSENCE 1.6 Flex 16V 4p;2012
21;5302;Siena ESSENCE Dualogic 1.6 Flex 16V 4p;2012
21;590;Siena EX 1.0 mpi Fire 16v 4p;2002
21;591;Siena EX 1.3 mpi Fire 8V 67cv 4p;2004
21;592;Siena EX 1.8 mpi 8V 103cv 4p;2004
21;593;Siena HL 1.6 mpi 16V;1998
21;594;Siena HLX 1.8 mpi Flex 8V 4p;2010
21;4969;Siena HLX Dualogic 1.8 mpi Flex 8V 4p;2010
21;5363;Siena Sporting 1.6 Flex 16V 4p;2011
21;5364;Siena Sporting Dualogic 1.6 Flex 16V 4p;2011
21;595;Siena Stile/Sport MTV 1.6 mpi 16V;1999
21;4133;Siena TETRAFUEL 1.4 mpi Fire Flex 8v 4p;2012
21;5064;Stilo 1.8 ATTRACTIVE Flex 8V 5p;2011
21;597;Stilo 1.8 MS Lim.Edit./ MS Season 16V;2007
21;4187;Stilo 1.8 SP Flex 8V 5p;2011
21;4329;Stilo 1.8 Sporting Flex 8V 5P;2011
21;596;Stilo 1.8/ 1.8 Connect 8V 103cv 5p;2006
21;3813;Stilo 1.8/ 1.8 Connect Flex 8V 5p;2011
21;598;Stilo 1.8/ 1.8 SP/ Connect 16V 122cv 5p;2007
21;599;Stilo 2.4 Abarth 20V 167cv 5p;2009
21;10065;Stilo Dualogic 1.8 ATTRACTIVE Flex 8V 5p;2011
21;4862;Stilo Dualogic 1.8 BlackMotion Flex 8V;2011
21;4529;Stilo Dualogic 1.8 Flex 8V 5p;2011
21;4530;Stilo Dualogic 1.8 SP Flex 8V 5p;2011
21;4531;Stilo Dualogic 1.8 Sporting Flex 8V 5p;2011
21;600;Strada 1.3 mpi Fire 8V 67cv CE;2005
21;601;Strada 1.3 mpi Fire 8V 67cv CS;2005
21;602;Strada 1.4 mpi Fire Flex 8V CE;2012
21;603;Strada 1.4 mpi Fire Flex 8V CS;2012
21;7450;Strada Adv. Ext. 1.8 LOCKER Dual.Flex CE;2016
21;7451;Strada Adv. Ext./ Ext.1.8 LOCKER Flex CE;2017
21;7452;Strada Adv. Extreme 1.8 Dual. Flex CE;2016
21;6517;Strada Adv. M. March. 1.8 Flex 16V CD;2013
21;6518;Strada Adv. M. March.1.8 Dual. Flex CD;2013
21;6636;Strada Adv.1.8 16V  LOCKER Dual. Flex CE;2016
21;5620;Strada Adv.1.8 16V Dualogic Flex CD;2017
21;6637;Strada Adv.1.8 16V Dualogic Flex CE;2016
21;5621;Strada Adv.1.8 16V LOCKER Dualo. Flex CD;2017
21;7453;Strada Adv.Ext. 1.8 LOCKER Dual. Flex CD;2017
21;7454;Strada Adv.Ext./ Ext. 1.8 LOCKER Flex CD;2017
21;606;Strada Adv/Adv TRYON 1.8 mpi Flex 8V CE;2009
21;604;Strada Adventure 1.6 mpi 16V CE;2002
21;605;Strada Adventure 1.8 mpi 8V 103cv CE;2004
21;4733;Strada Adventure 1.8/ 1.8 LOCKER Flex CE;2018
21;7455;Strada Adventure Ext. 1.8  Dual. Flex CD;2017
21;4970;Strada Adventure1.8/ 1.8 LOCKER Flex CD;2020
21;5274;Strada Celeb. 1.4 mpi Fire Flex 8V CE;2012
21;5275;Strada Celeb. 1.4 mpi Fire Flex 8V CS;2012
21;9108;Strada Endurance 1.4 Flex 8V CD;2022
21;8399;Strada Freedom 1.4 Flex 8V CD;2020
21;8544;Strada Freedom 1.4 Flex 8V CS;2020
21;607;Strada LX 1.6 16V CE;2002
21;608;Strada LX 1.6 mpi 16V;2001
21;9229;Strada Opening Edition 1.3 Flex 8V CD;2021
21;5464;Strada Sporting 1.8 Flex 16V CE;2012
21;6519;Strada Trek. M. March. 1.6 Flex 16V CE;2013
21;3884;Strada Trekking 1.4 mpi Fire Flex 8V CE;2012
21;3885;Strada Trekking 1.4 mpi Fire Flex 8V CS;2012
21;6055;Strada Trekking 1.6 16V Flex CD;2016
21;6056;Strada Trekking 1.6 16V Flex CE;2013
21;6057;Strada Trekking 1.6 16V Flex CS;2013
21;7227;Strada Trekking 1.6 16V LOCKER Flex  CD;2016
21;609;Strada Trekking 1.6 mpi;2000
21;610;Strada Trekking 1.8 mpi Flex 8V CE;2010
21;611;Strada Trekking 1.8 mpi Flex 8V CS;2012
21;5066;Strada Working 1.4 mpi Fire Flex 8V CD;2016
21;5067;Strada Working 1.4 mpi Fire Flex 8V CE;2016
21;5068;Strada Working 1.4 mpi Fire Flex 8V CS;2020
21;612;Strada Working 1.6 mpi 16V CE;2001
21;613;Strada Working 1.6 mpi 16V CS;2002
21;614;Strada Working 1.8 mpi 8v 103cv CE;2004
21;615;Strada Working 1.8 mpi 8V 103cv CS;2004
21;6096;Strada Working Celeb.1.4 Fire Flex 8V CD;2016
21;6097;Strada Working Celeb.1.4 Fire Flex 8V CE;2016
21;6098;Strada Working Celeb.1.4 Fire Flex 8V CS;2016
21;7134;Strada Working HARD 1.4 Fire Flex 8V CD;2020
21;7135;Strada Working HARD 1.4 Fire Flex 8V CE;2020
21;7136;Strada Working HARD 1.4 Fire Flex 8V CS;2020
21;7752;Strada Working Plus 1.4 8V Flex CS;2017
21;616;Strada/ Strada Working 1.5 mpi 8V CE;2004
21;617;Strada/ Strada Working 1.5 mpi 8V CS;2004
21;618;Tempra 2.0 i.e 16V 2p e 4p;1996
21;619;Tempra 2.0 i.e. 8V 2p e 4p;1996
21;620;Tempra 2.0 mpi 16V;1999
21;621;Tempra 8V/ City 8V;1999
21;622;Tempra HLX 2.0 16V 4p;1999
21;623;Tempra Ouro 16V 2p e 4p;1996
21;624;Tempra Ouro/Prata 2.0 2p e 4p;1994
21;625;Tempra Stile 2.0 i.e. Turbo 4p;1998
21;626;Tempra SW SLX 2.0 i.e.;1997
21;627;Tempra SX 2.0 16V 4p;1998
21;628;Tempra SX 2.0 i.e. 8V 4p;1999
21;629;Tempra Turbo 2.0 i.e. 2p;1997
21;630;Tipo 1.6 i.e. 2p e 4p;1995
21;631;Tipo 1.6 mpi 4p;1997
21;632;Tipo 2.0 16V 2p/4p;1995
21;633;Tipo 2.0 SLX 4p;1996
21;8046;Toro Blackjack 2.4 16V flex Aut;2019
21;8236;Toro Endurance 1.8 16V Flex Aut.;2022
21;8741;Toro Endurance 1.8 16V Flex Mec.;2021
21;8742;Toro Endurance 2.0 16V 4x4 Diesel Aut.;2022
21;7475;Toro Freedom 1.8 16V Flex Aut.;2021
21;7476;Toro Freedom 2.0 16V 4x2 TB Diesel Mec.;2018
21;7477;Toro Freedom 2.0 16V 4x4 TB Diesel Mec.;2018
21;7789;Toro Freedom 2.4 16V Flex Aut.;2018
21;7950;Toro Freedom Road 1.8 16V Flex Aut.;2018
21;7951;Toro Freedom Road 2.4 16V Flex Aut.;2018
21;7921;Toro Opening Ed. Plus 1.8 16V Flex Aut.;2017
21;7478;Toro Opening Edition 1.8 16V Flex Aut.;2017
21;8237;Toro Volcano 2.4 16V Flex Aut.;2021
21;634;Uno 1.6 mpi 2p e 4p;1997
21;635;Uno 1.6R mpi / 1.6R / 1.5R;1994
21;5480;UNO ATTRACTI. Celeb.1.4 EVO F.Flex 8V 2p;2012
21;5240;UNO ATTRACTI. Celeb.1.4 EVO F.Flex 8V 4p;2012
21;6957;UNO ATTRACTIVE 1.0 Fire Flex 8V 5p;2021
21;7732;UNO ATTRACTIVE 1.0 Flex 6V 5p;2017
21;5481;UNO ATTRACTIVE 1.4 EVO Fire Flex 8V 2p;2012
21;5239;UNO ATTRACTIVE 1.4 EVO Fire Flex 8V 4p;2012
21;9725;UNO CIAO 1.0 Fire Flex 8V 5p;2021
21;636;Uno City / Smart City 1.0 4p;2001
21;637;Uno CS/Top/Sport 1.5 i.e. / 1.5 /1.3;1997
21;638;Uno CS/Top/Sport 1.5 i.e. / 1.5 4p;1996
21;639;Uno CSL 1.6 4p (Argentino);1993
21;7952;UNO DRIVE 1.0 Flex 6V 5p;2021
21;5664;UNO ECONOMY 1.4 EVO Fire Flex 8V 2p;2013
21;5665;UNO ECONOMY 1.4 EVO Fire Flex 8V 4p;2014
21;5666;UNO ECONOMY Celeb. 1.4 EVO F. Flex 8V 2p;2013
21;5667;UNO ECONOMY Celeb. 1.4 EVO F. Flex 8V 4p;2014
21;6958;UNO EVOLUTION 1.4 Fire Flex 8V 5p;2016
21;7119;UNO Furgão 1.0 Fire Flex 8V 3p;2016
21;640;Uno Furgão 1.3 mpi Fire/ Fire Flex 8V;2013
21;641;Uno Furgão 1.5 mpi/i.e.;2002
21;642;Uno Furgão 1.5/ 1.3;1993
21;643;Uno Mille  ELX  2p e 4p;1997
21;646;Uno Mille 1.0 Electronic 4p;1996
21;644;Uno Mille 1.0 Fire/ F.Flex/ ECONOMY 2p;2013
21;645;Uno Mille 1.0 Fire/ F.Flex/ ECONOMY 4p;2013
21;647;Uno Mille 1.0/ i.e./Electronic/Brio 2p;1997
21;4763;Uno Mille Celeb. WAY ECON. 1.0 F.Flex 2p;2013
21;4764;Uno Mille Celeb. WAY ECON. 1.0 F.Flex 4p;2013
21;4316;Uno Mille Celeb/Celeb.ECON 1.0 F.Flex 2p;2013
21;4317;Uno Mille Celeb/Celeb.ECON 1.0 F.Flex 4p;2013
21;648;Uno Mille EP 2p e 4p;1997
21;6692;Uno Mille Grazie 1.0 Fire Flex 8v 4p;2013
21;650;Uno Mille SX 2p e 4p;1998
21;651;Uno Mille SX Young 1.0 IE;1999
21;6320;UNO MILLE WAY ECO.XINGU 1.0 F.Flex 8v 5p;2013
21;4765;Uno Mille WAY ECONOMY 1.0 F.Flex 2p;2013
21;4766;Uno Mille WAY ECONOMY 1.0 F.Flex 4p;2013
21;649;Uno Mille/ Mille EX/ Smart 2p;2004
21;652;Uno Mille/ Mille EX/ Smart 4p;2004
21;653;Uno S 1.5 i.e. / 1.5 / 1.3/ SX 1.3;1994
21;7616;UNO SPORT. Dual. 1.4 B.Edit. Flex 8V 5p;2016
21;6321;UNO SPORT.INTERLAGOS 1.4 EVO F.Flex 8v;2014
21;7733;UNO SPORTING 1.3 Flex 8V 5p;2018
21;7617;UNO SPORTING 1.4 B.Edit. Flex 8V 5p;2016
21;5482;UNO SPORTING 1.4 EVO Fire Flex 8V 2p;2012
21;5465;UNO SPORTING 1.4 EVO Fire Flex 8V 4p;2016
21;7734;UNO SPORTING Dual./GSR 1.3 Flex 8V 5p;2018
21;7070;UNO SPORTING Dualogic 1.4 EVO Flex 8V 4p;2016
21;654;Uno Turbo 1.4 i.e. 2p;1996
21;5483;UNO VIVACE 1.0 EVO Fire Flex 8V 3p;2016
21;5484;UNO VIVACE Celeb. 1.0 EVO F. Flex 8V 3p;2016
21;5242;UNO VIVACE Celeb. 1.0 EVO F.Flex 8V 5p;2016
21;6520;UNO VIVACE College 1.0 EVO FireFlex 5p;2014
21;7149;UNO VIVACE ITALIA 1.0 EVO F. Flex 8V 5p;2015
21;5241;UNO VIVACE/RUA 1.0 EVO Fire Flex 8V 5p;2016
21;5485;UNO WAY 1.0 EVO Fire Flex 8V 2p;2013
21;5243;UNO WAY 1.0 EVO Fire Flex 8V 5p;2016
21;7735;UNO WAY 1.0 Flex 6V 5p;2021
21;7736;UNO WAY 1.3 Flex 8V 5p;2021
21;7027;UNO WAY 1.4 EVO Dualogic Flex 8V 5p;2016
21;5486;UNO WAY 1.4 EVO Fire Flex 8V 2p;2013
21;5244;UNO WAY 1.4 EVO Fire Flex 8V 5p;2016
21;5487;UNO WAY Celeb. 1.0 EVO Fire Flex 8V 2p;2012
21;5245;UNO WAY Celeb. 1.0 EVO Fire Flex 8V 5p;2016
21;5488;UNO WAY Celeb. 1.4 EVO Fire Flex 8V 2p;2012
21;5246;UNO WAY Celeb. 1.4 EVO Fire Flex 8V 5p;2015
21;7737;UNO WAY Dual./GSR 1.3 Flex 8V 5p;2018
21;7183;UNO WAY RIO 450 1.0 EVO Flex 8V 5p;2016
21;6322;UNO WAY XINGU 1.0 EVO F.Flex 8V 5P;2014
21;6323;UNO WAY XINGU 1.4 EVO F.Flex 8V 5p;2014
149;4660;Buggy Vip 1.6 8V Total Flex;2015
22;655;Aerostar Mini-Van 3.8;1995
22;656;Aspire 1.3;1995
22;657;Belina GL 1.8 / 1.6;1986
22;658;Belina L 1.8/ 1.6;1986
22;659;Club Wagon V8;1995
22;660;Club Wagon XLT 4.9 V6;1996
22;661;Contour SE/ GL/ LX  2.0 16V;1995
22;662;Contour SE/GL/ LX 2.5 24V;1995
22;663;Corcel II GL/GT;1986
22;664;Corcel II L;1986
22;665;Courier 1.3i/Furgão;2000
22;666;Courier 1.6 L/ 1.6 Flex;2013
22;667;Courier CLX 1.4i 16V;1999
22;668;Courier Si 1.4i 16V;2000
22;669;Courier Sport 1.6 8v;2001
22;4134;Courier Van 1.6/ 1.6 Flex 8V (Carga);2012
22;670;Courier XL/XL-RS 1.6/ XL 1.6 Flex;2013
22;671;Crown Victoria LX 4.6;1992
22;672;Del Rey Belina Ghia;1991
22;673;Del Rey Belina GL;1987
22;674;Del Rey Belina GLX;1991
22;675;Del Rey Belina L;1991
22;676;Del Rey Ghia 1.8 / 1.6 2p e 4p;1991
22;677;Del Rey GLX 1.6/1.8 / GL 1.6/1.8 2p e 4p;1991
22;678;Del Rey L 1.8 / 1.6 2p e 4p;1991
22;8743;EcoSport  100 Anos 1.5 Flex 5p Aut.;2020
22;679;EcoSport 4WD 2.0/ 2.0 Flex 16V 5p;2012
22;8004;EcoSport FREESTYLE 1.5 12V Flex 5p Aut.;2021
22;8005;EcoSport FREESTYLE 1.5 12V Flex 5p Mec.;2021
22;6157;EcoSport FREESTYLE 1.6 16V Flex 5p;2017
22;7371;EcoSport FREESTYLE 1.6 16V Flex 5p Aut.;2017
22;6464;EcoSport FREESTYLE 2.0 16V 4WD Flex 5p;2017
22;6158;EcoSport FREESTYLE 2.0 16V Flex 5p;2014
22;6913;EcoSport FREESTYLE 2.0 16V Flex 5p Aut.;2016
22;8210;EcoSport FREESTYLE PLUS 1.5 Flex 5p Aut.;2019
22;6159;EcoSport S 1.6 16V Flex 5p;2016
22;8006;EcoSport SE 1.5 12V Flex 5p Aut.;2021
22;8007;EcoSport SE 1.5 12V Flex 5p Mec.;2021
22;7372;EcoSport SE 1.6 16V Flex 5p Aut.;2017
22;6160;EcoSport SE 1.6 16V Flex 5p Mec.;2017
22;6263;EcoSport SE 2.0 16V Flex 5p Aut.;2019
22;9593;EcoSport SE Direct 1.5 Flex 5p Aut.;2021
22;7686;EcoSport SE Direct 1.6 16V Flex 5p Aut.;2017
22;8211;EcoSport STORM 2.0 4WD 16V Flex 5p Aut.;2021
22;8588;EcoSport TITANIUM 1.5 12V Flex 5p Aut.;2021
22;6161;EcoSport TITANIUM 1.6 16V Flex 5p;2015
22;6162;EcoSport TITANIUM 2.0 16V Flex 5p;2015
22;6264;EcoSport TITANIUM 2.0 16V Flex 5p Aut.;2019
22;680;EcoSport XL 1.6/ 1.6 Flex 8V 5p;2012
22;681;EcoSport XL Supercharger 1.0 8V 95cv 5p;2006
22;682;EcoSport XLS 1.6/ 1.6 Flex 8V 5p;2012
22;4256;EcoSport XLS 2.0/2.0 Flex 16V 5p Aut.;2012
22;3886;EcoSport XLS FREESTYLE 1.6 Flex 8V 5p;2007
22;683;EcoSport XLT 1.6/ 1.6 Flex 8V 5p;2012
22;4257;EcoSport XLT 2.0/ 2.0 Flex 16V 5p Aut.;2012
22;684;EcoSport XLT 2.0/ 2.0 Flex 16V 5p Mec.;2012
22;4258;EcoSport XLT FREESTYLE 1.6 Flex 8V 5p;2012
22;4829;EcoSport XLT FREESTYLE 2.0 Flex 16V 5p;2012
22;5413;EDGE LIMITED 3.5 V6 24V AWD Aut.;2015
22;5741;EDGE LIMITED 3.5 V6 24V FWD Aut.;2013
22;5742;EDGE SEL 3.5 V6  24V FWD Aut.;2015
22;4810;EDGE SEL 3.5 V6 24V AWD Aut.;2012
22;8589;EDGE ST 2.7 V6 24V AWD Aut.;2020
22;7718;EDGE TITANIUM 3.5 V6 24V AWD Aut.;2018
22;685;Escort  Racer 2.0i;1996
22;686;Escort Ghia 1.8i / 1.8 / 1.6;1995
22;687;Escort Ghia 2.0i / 2.0;1995
22;688;Escort GL 1.6 MPI;2002
22;689;Escort GL 1.6i / 1.6;1996
22;690;Escort GL 1.8i / 1.8;1996
22;691;Escort GL 1.8i 16V 3p;1999
22;692;Escort GL 1.8i 16V 4p;2003
22;693;Escort GLX 1.6i;1996
22;694;Escort GLX 1.8i 16V 4p;2001
22;695;Escort GLX 1.8i 8v;1996
22;696;Escort Guarujá 1.8 4p;1993
22;697;Escort Hobby 1.0;1996
22;698;Escort Hobby 1.6;1995
22;699;Escort L 1.8i / 1.8;1994
22;700;Escort L/LX 1.6;1994
22;701;Escort RS 1.8i 16V;2000
22;702;Escort S.W GL 1.8i 16V;2003
22;703;Escort S.W. GLX 1.8i 16V;2002
22;704;Escort SW 1.9 16v;1995
22;705;Escort SW GL 1.6 MPI;2003
22;706;Escort XR3 1.8 / 1.6 Beneton/Form./Laser;1992
22;707;Escort XR3 1.8 / 1.6 Conversível;1992
22;708;Escort XR3 2.0i;1996
22;709;Escort XR3 2.0i Conversível;1995
22;710;Expedition 5.4 V8;1999
22;711;Explorer Limited 4.0 4x4 V6 213cv;2005
22;712;Explorer Limited 5.0 4x4 V8;2001
22;713;Explorer Sport 4.0 V6;1996
22;714;Explorer XL 4x2 4.0 V6;1996
22;715;Explorer XL 4x4 4.0 V6;1996
22;716;Explorer XLT 4x2 4.0 V6;1997
22;717;Explorer XLT 4x4 4.0 V6;1999
22;718;F-100 2.3;1986
22;719;F-100 Blazer 2.3;1986
22;720;F-100 CD 2.3;1986
22;721;F-100 Super 2.3;1986
22;722;F-100 Super Série 2.3;1986
22;723;F-1000 CD/Blazer 3.6;1995
22;724;F-1000 CD/Blazer 3.9 Dies.;1995
22;725;F-1000 Lightning/ Super 4.9i;1998
22;726;F-1000 Regular Cab. 4.9i;1998
22;727;F-1000 S. S. Diesel / S.S. Diesel Turbo;1997
22;728;F-1000 SR XK  Deserter Diesel;1995
22;729;F-1000 SR XK Deserter;1995
22;730;F-1000 Super 3.6 / Super Série 3.6;1996
22;731;F-1000 Super CE 4.9i / 3.6;1996
22;732;F-1000 Super Diesel / Super Diesel Turbo;1997
22;733;F-1000 Super Diesel CE 3.9;1996
22;734;F-1000 Super Série CE 4.9/3.6;1996
22;735;F-1000 Super Série CE Diesel 3.9;1996
22;736;F-1000 Super/ S.Série 4x4 3.9 Diesel;1995
22;738;F-1000 Tropical CD 4.9i;1998
22;737;F-1000 Tropical CD HSD 2.5/4.3 Diesel TB;1998
22;739;F-1000 Tropical SL/ Van 4.9i;1998
22;740;F-1000 Tropical SL/ Van T.Diesel (todas);1998
22;741;F-1000 XL 2.5 HSD Diesel TB;1998
22;742;F-1000 XL 4.9i;1998
22;743;F-1000 XL 4.9i CE;1998
22;744;F-1000 XL 4x4 Diesel Turbo;1998
22;745;F-1000 XL Diesel Turbo;1998
22;746;F-1000 XLT 2.5 HSD Diesel TB;1998
22;747;F-1000 XLT 4x4 Diesel Turbo;1998
22;748;F-1000 XLT CE 4.9i;1998
22;749;F-1000 XLT Diesel Turbo;1998
22;750;F-1000 XLT/XL Lighting 4.9i;1998
22;751;F-150 XL Triton 4.3 V6;2002
22;752;F-150 XLT Triton 4.3;2002
22;753;F-150 XLT Triton 4.6 V8;1999
22;754;F-150 XLT Triton 5.8;1999
22;5191;F-250 F-MILHA CD 3.9 TB Diesel;2011
22;6032;F-250 Tropica./Tropmine Exec. 3.9 Diesel;2012
22;4161;F-250 TropiCab CE 3.9 TB Diesel;2012
22;755;F-250 Tropical 3.9 Diesel;1999
22;756;F-250 Tropical 4.2 CE / CD Diesel TB;2006
22;757;F-250 Tropical 4.2 V6;1999
22;758;F-250 Tropical SL/ Van T.Diesel (todas);2006
22;4162;F-250 Tropicampo CD 3.9 TB Diesel;2011
22;4163;F-250 Tropiclassic 3.9 TB Diesel;2011
22;4164;F-250 Tropivan Executive 3.9 TB Diesel;2011
22;4165;F-250 Tropivan/Tropi. Plus 3.9 TB Diesel;2011
22;762;F-250 XL 3.9 4x2 Diesel;2011
22;4056;F-250 XL 3.9 4x4 TB Diesel;2011
22;4057;F-250 XL 3.9 CD TB Diesel;2011
22;759;F-250 XL 4.2 180cv CD TB Diesel;2006
22;760;F-250 XL 4.2 Turbo Diesel;2006
22;761;F-250 XL 4.2 V6;2003
22;763;F-250 XL Super Duty 3.9 Diesel;2000
22;764;F-250 XL Super Duty 4.2 TB Diesel;2002
22;765;F-250 XL Super Duty 4.2 V6;2000
22;4058;F-250 XLT 3.9 4x2 CD TB Diesel;2010
22;766;F-250 XLT 3.9 4x2 Diesel TB;2011
22;4059;F-250 XLT 3.9 4x4 CD TB Diesel;2011
22;4060;F-250 XLT 3.9 4x4 TB Diesel;2011
22;767;F-250 XLT 4.2 180cv CD TB Diesel;2006
22;768;F-250 XLT 4.2 TB Diesel;2006
22;769;F-250 XLT 4.2 V6;2003
22;4135;Fiesta 1.0 8V Flex/Class 1.0 8V Flex 5p;2013
22;770;Fiesta 1.0i 3p e 5p;2000
22;771;Fiesta 1.3  3p e 5p;1996
22;6422;Fiesta 1.5 16V Flex Mec. 5p;2016
22;6423;Fiesta 1.6 16V Flex Aut. 5p;2016
22;6424;Fiesta 1.6 16V Flex Mec. 5p;2016
22;772;Fiesta 1.6 8V Flex/Class 1.6 8V Flex 5p;2013
22;773;Fiesta Class 1.0 2p;2000
22;774;Fiesta Class 1.0 4p;2000
22;775;Fiesta Class 1.6 8V 98cv 5p;2004
22;776;Fiesta CLX 1.3i 3p;1999
22;777;Fiesta CLX 1.3i 5p;1999
22;778;Fiesta CLX 1.4i 16V 3p e 5p;2000
22;779;Fiesta GL 1.0 3p;2002
22;780;Fiesta GL 1.0 5p;2002
22;781;Fiesta GL Class 1.0i 5p;2002
22;782;Fiesta GLX 1.6 8V 3p;2002
22;783;Fiesta GLX 1.6 8V 5p;2002
22;784;Fiesta Personnalité 1.0 8V 66cv 5p;2007
22;6425;Fiesta S 1.0 8V Flex 5p;2014
22;6426;Fiesta SE 1.0 8V Flex 5p;2014
22;5668;Fiesta SE 1.6 16V Flex 5p;2019
22;6427;Fiesta SE 1.6 8V Flex 5p;2014
22;8148;Fiesta SE Plus 1.6 16V Flex Aut. 5p;2019
22;8008;Fiesta SE Plus Direct 1.6 16V Flex Aut.;2017
22;7753;Fiesta SE Style 1.6 16V Flex Mec. 5p;2019
22;785;Fiesta Sed. 1.6 8V Flex 4p;2013
22;786;Fiesta Sed. Personnalité 1.0 8V 4p;2007
22;787;Fiesta Sed. Supercharger 1.0 8V 4p;2006
22;6523;Fiesta Sed. TI./TI.Plus1.6 16V Flex Aut.;2017
22;4136;Fiesta Sedan 1.0 8V Flex 4p;2013
22;6521;Fiesta Sedan 1.6 16V Flex Aut.;2016
22;6522;Fiesta Sedan 1.6 16V Flex Mec.;2016
22;6428;Fiesta Sedan S 1.0 8V Flex 4p;2014
22;6429;Fiesta Sedan SE 1.0 8V Flex 4p;2014
22;5345;Fiesta Sedan SE 1.6 16V Flex 4p;2014
22;6430;Fiesta Sedan SE 1.6 8V Flex 4p;2014
22;8047;Fiesta Sedan SEL 1.6 16V Flex Aut.;2017
22;8048;Fiesta Sedan SEL 1.6 16V Flex Mec.;2017
22;788;Fiesta Sedan Street 1.0 8v 4p;2004
22;789;Fiesta Sedan Street 1.6 8v 4p;2004
22;6524;Fiesta Sedan TITANIUM 1.6 16V Flex Mec;2015
22;8009;Fiesta SEL 1.0 12V EcoBoost Aut. 5p;2017
22;7659;Fiesta SEL 1.6 16V Flex  Aut. 5p;2019
22;7660;Fiesta SEL 1.6 16V Flex Mec. 5p;2019
22;8177;Fiesta SEL Style 1.0 EcoBoost Aut . 5p;2019
22;7754;Fiesta SEL Style 1.6 16V Flex Mec. 5p;2017
22;790;Fiesta Sport 1.0MPi 4p;2000
22;7184;Fiesta Sport 1.6 16V Flex Mec.;2016
22;791;Fiesta Sport 1.6MPi 4p;2000
22;792;Fiesta Street 1.0 8v 3p;2003
22;793;Fiesta Street 1.6 8v 95cv 5p;2004
22;794;Fiesta Street/ Action 1.0 8v 5p;2007
22;795;Fiesta Supercharger 1.0 8V 95cv 5p;2006
22;6431;Fiesta TIT./TIT.Plus 1.6 16V Flex Aut.;2019
22;7661;Fiesta TIT.Plus 1.0 12V EcoBoost Aut. 5p;2018
22;6432;Fiesta TITANIUM 1.6 16V Flex Mec.;2017
22;4409;Fiesta TRAIL 1.0 8V Flex 5p;2010
22;4410;Fiesta TRAIL 1.6 8V Flex 5p;2010
22;6610;Focus 1.6 S/1.6 SE Flex 16v 5p Aut;2016
22;796;Focus 1.6 S/SE/SE Plus Flex 8V/16V  5p;2019
22;797;Focus 1.8 16V 5p;2003
22;798;Focus 2.0 16V/ 2.0 16V Flex 5p;2013
22;799;Focus 2.0 16V/SE/SE Plus Flex 5p Aut.;2019
22;7284;Focus Fastback SE/SE PLUS 2.0 Flex Aut.;2019
22;7285;Focus Fastback TIT./T.PLUS 2.0 Flex Aut.;2019
22;800;Focus Ghia  2.0 16V/ 2.0 16V Flex 5p Aut;2011
22;801;Focus Ghia Sed. 2.0 16V/ 2.0 16V Flex 4p;2011
22;802;Focus Ghia Sed. 2.0 16V/2.0 16V Flex Aut;2011
22;803;Focus Ghia/ XR 2.0 /Ghia 2.0 16V Flex 5p;2011
22;5450;Focus Sed. TI./TI.Plus 2.0 16V Flex  Aut;2015
22;7687;Focus Sedan 1.6 16V Flex 4p Aut.;2015
22;804;Focus Sedan 1.6/1.6 Flex 8V/16V 4p Mec.;2014
22;805;Focus Sedan 1.8 16V 115cv 4p;2004
22;806;Focus Sedan 2.0 16V/2.0 16V Flex 4p;2013
22;807;Focus Sedan 2.0 16V/2.0 16V Flex 4p Aut.;2016
22;5451;Focus TITA/TITA Plus 2.0  Flex 5p Aut.;2019
22;5452;Focus TITANIUM 2.0 16V Flex 5p Mec.;2013
22;808;Furglaine 3.6;1986
22;809;Furglaine 3.9 Diesel;1991
22;810;Furglaine Chateaux/Exec. 3.9 Diesel;1991
22;10006;Fusion 2.5 16V 193cv Aut. (Híbrido);2012
22;6381;Fusion 2.5L I-VCT Flex Aut.;2016
22;7826;Fusion SE 2.5 I-VCT Flex 16V Aut.;2018
22;7755;Fusion SEL 2.0 Ecobo. 16V 248cv Aut.;2019
22;4061;Fusion SEL 2.3 16V  162cv Aut.;2009
22;4922;Fusion SEL 2.5 16V 173cv Aut.;2012
22;5622;Fusion SEL 3.0 V6  24V 243cv Aut.;2012
22;4923;Fusion SEL 3.0 V6 AWD 24V 243cv Aut.;2012
22;10007;Fusion Titanium 2.0 145cv Aut. (Híbrido);2019
22;6324;Fusion Titanium 2.0 GTDI Eco. Awd Aut.;2019
22;6382;Fusion Titanium 2.0 GTDI Eco. Fwd Aut.;2018
22;811;Ibiza 3.9 Furgão Diesel;1989
22;812;Ibiza Chat./Exec. 3.9 Diesel;1995
22;4514;Ka 1.0 8V/1.0 8V ST Flex 3p;2013
22;8744;Ka 1.0 FREESTYLE 12V Flex 5p Mec.;2021
22;8149;Ka 1.0 S TiVCT Flex 5p;2021
22;6915;Ka 1.0 SE/SE Plus TiVCT Flex 5p;2021
22;6914;Ka 1.0 SEL TiVCT Flex 5p;2019
22;8122;Ka 1.0 TECNO 12V Flex 5p;2018
22;4789;Ka 1.0 TECNO 8V Flex 3p;2011
22;813;Ka 1.0i 3p;2007
22;8745;Ka 1.5 100 Anos Flex 5p Aut.;2020
22;8401;Ka 1.5 FreeStyle 12V Flex 5p Aut.;2021
22;8402;Ka 1.5 FreeStyle 12V Flex 5p Mec.;2019
22;8440;Ka 1.5 SE 12V Flex 5p Aut.;2020
22;8441;Ka 1.5 SE 12V Flex 5p Mec.;2019
22;8442;Ka 1.5 SE Plus 12V Flex 5p Aut.;2021
22;8443;Ka 1.5 SE Plus 12V Flex 5p Mec.;2021
22;6916;Ka 1.5 SE/SE PLUS 16V Flex 5p;2018
22;8444;Ka 1.5 Sedan SE 12V Flex 4p Aut.;2020
22;8445;Ka 1.5 Sedan SE 12V Flex 4p Mec.;2021
22;8446;Ka 1.5 Sedan SE Plus 12V Flex 4p Aut.;2021
22;8447;Ka 1.5 Sedan SE Plus 12V Flex 4p Mec.;2021
22;8746;Ka 1.5 Sedan SEL 12V Flex 4p Aut.;2020
22;8448;Ka 1.5 Sedan SEL 12V Flex 4p Mec.;2019
22;8403;Ka 1.5 Sedan TITANIUM 12V Flex 4p Aut.;2021
22;8449;Ka 1.5 TITANIUM 12V Flex 5p Aut.;2020
22;4515;Ka 1.6 8V Flex 3p;2011
22;4790;Ka 1.6 TECNO 8V Flex 3p;2011
22;814;Ka Action 1.6 MPI 8V 95cv;2007
22;815;Ka Black 1.0 MPI 8v 65cv;2001
22;816;Ka Black 1.6 MPI 8v 95cv;2001
22;817;Ka CLX 1.3i 3p;2000
22;818;Ka GL 1.0i Zetec Rocam;2008
22;819;Ka GL Image 1.0i/ 1.0i Zetec Rocam;2003
22;820;Ka Image 1.0i;2000
22;3887;Ka MP3 1.0 MPI 8V 65cv;2007
22;3888;Ka MP3 1.6 MPI 8V 95cv;2007
22;6917;Ka SEL 1.5 16V Flex 5p;2018
22;5623;Ka Sport 1.6 8V Flex 3p;2013
22;821;Ka Street 1.0i;1999
22;822;Ka Tecno 1.0i 8v Zetec Rocam;2000
22;7905;Ka TRAIL 1.0 12V Flex Mec. 5p;2018
22;7904;Ka TRAIL 1.5 16V Flex Mec. 5p;2018
22;823;Ka XR 1.6 MPI 8V;2007
22;6919;Ka+ Sedan 1.0 SE/SE PLUS TiVCT Flex 4p;2021
22;6918;Ka+ Sedan 1.0 SEL TiCVT Flex 4p;2019
22;8123;Ka+ Sedan 1.5 ADVANCED 16V Flex 4p;2018
22;6920;Ka+ Sedan 1.5 SE/SE PLUS 16V Flex 4p;2018
22;6921;Ka+ Sedan 1.5 SEL 16V Flex 4p;2018
22;824;Mondeo CLX 1.8 4p e 5p;1997
22;825;Mondeo CLX 1.8i SW;1997
22;826;Mondeo CLX 2.0i 4p Aut;2000
22;827;Mondeo CLX 2.0i 4p Mec;2000
22;828;Mondeo CLX 2.0i SW Aut;2000
22;829;Mondeo CLX 2.0i SW Mec;1999
22;830;Mondeo Ghia 2.0 16V 143cv 4p Aut;2006
22;831;Mondeo Ghia 2.0 16V 143cv 4p Mec;2004
22;832;Mondeo Ghia 2.5 V6 Aut;2000
22;833;Mondeo Ghia 2.5 V6 Mec;2000
22;834;Mondeo GLX 2.0 16V 4p Aut;2000
22;835;Mondeo GLX 2.0 4p e 5p;2001
22;836;Mondeo GLX 2.0i SW Mec./ Aut.;1999
22;837;Mustang 3.8 V6;1995
22;838;Mustang 3.8 V6 Conv.;1995
22;8987;Mustang Black Shadow 5.0 V8;2020
22;839;Mustang Cobra 5.7 V8;1995
22;8238;Mustang GT Premium 5.0 V8;2019
22;840;Mustang GT V8;2016
22;841;Mustang GT V8 Conversível;2015
22;842;Pampa 4x4 Jeep GL / L 1.6;1995
22;843;Pampa Ghia 1.6/1.8/DUO;1995
22;844;Pampa GL 1.6/ 1.8;1997
22;845;Pampa L 1.6;1997
22;846;Pampa L 1.8i / 1.8;1997
22;847;Pampa S 1.8;1997
22;848;Probe 2.0/2.2;1993
22;849;Probe GT 2.5 V6;1995
22;850;Ranger 2.5 4x2 CD TB Diesel;2001
22;851;Ranger 2.5 4x2 CE Diesel;2001
22;852;Ranger 2.5 4x2 TB Diesel;2001
22;853;Ranger 2.5 4x4 CD TB Diesel;2001
22;854;Ranger 2.5 4x4 CE TB Diesel;2001
22;855;Ranger 2.5 4x4 TB Diesel;2001
22;856;Ranger 2.5i CD;2001
22;857;Ranger 2.5i CE;2001
22;858;Ranger 2.5i CS;2001
22;4998;Ranger Limited 2.3 150cv CD;2012
22;6163;Ranger Limited 2.5 16V 4x2 CD Flex;2019
22;859;Ranger Limited 3.0 PSE 4x4 CD TB Diesel;2012
22;860;Ranger Splash CE;1995
22;861;Ranger Splash CS;1996
22;6746;Ranger SPORT 2.5 Flex 16V 4x2 CS;2016
22;8079;Ranger SPORTRAC 2.2 16V 4x4 CD Dies Aut.;2018
22;862;Ranger STX 4.0 CS/ CE;1998
22;6525;Ranger TROPICAB 2.5 16V 4X2 Flex;2017
22;6526;Ranger TROPICAB 3.2 20V 4X4 TB Diesel;2015
22;6527;Ranger TROPIVAN 2.5 16V 4X2 Flex;2020
22;6528;Ranger TROPIVAN 3.2 20V 4X4 TB Dies.Aut.;2021
22;6529;Ranger TROPIVAN 3.2 20V 4X4 TB Diesel;2017
22;5365;Ranger TROPIVAN XLT 2.3 16V 150cv;2011
22;5366;Ranger TROPIVAN XLT 3.0 PSE 4x2 TB Dies.;2011
22;5367;Ranger TROPIVAN XLT 3.0 PSE 4x4 TB Dies.;2011
22;863;Ranger XL 2.3 16v 137cv 4x2 CD Repower.;2012
22;864;Ranger XL 2.3 16v 137cv 4x2 CE Repower.;2003
22;865;Ranger XL 2.3 16v 137cv 4x2 CS Repower.;2012
22;866;Ranger XL 2.3 CS;1997
22;867;Ranger XL 2.8 8v 135cv 4x2 CD TB Diesel;2006
22;868;Ranger XL 2.8 8v 135cv 4x2 CE TB Diesel;2003
22;869;Ranger XL 2.8 8v 135cv 4x2 CS TB Diesel;2006
22;870;Ranger XL 2.8 8v 135cv 4x4 CD TB Diesel;2006
22;871;Ranger XL 2.8 8v 135cv 4x4 CE TB Diesel;2003
22;872;Ranger XL 2.8 8v 135cv 4x4 CS TB Diesel;2006
22;3814;Ranger XL 3.0 PSE 163cv 4x2 CD TB Diesel;2012
22;3815;Ranger XL 3.0 PSE 163cv 4x2 CS TB Diesel;2012
22;3816;Ranger XL 3.0 PSE 163cv 4x4 CD TB Diesel;2012
22;3817;Ranger XL 3.0 PSE 163cv 4x4 CS TB Diesel;2012
22;873;Ranger XL 4.0 12v V6 210cv 4x2 CS Repow.;2002
22;874;Ranger XL 4.0 CS;2001
22;8049;Ranger XLS 2.2 4x2 CD Diesel Mec.;2018
22;6693;Ranger XLS 2.2 4x4 CD Diesel Mec.;2020
22;875;Ranger XLS 2.3 16V 145cv/150cv 4x2 CD;2012
22;876;Ranger XLS 2.3 16V 145cv/150cv 4x2 CS;2012
22;6165;Ranger XLS 2.5 16V 4x2 CD Flex;2019
22;6166;Ranger XLS 2.5 16V 4x2 CS Flex;2015
22;877;Ranger XLS 2.8 8V 135cv 4x2 CD TB Diesel;2005
22;878;Ranger XLS 2.8 8V 135cv 4x2 CS TB Diesel;2005
22;879;Ranger XLS 2.8 8V 135cv 4x4 CS TB Diesel;2005
22;880;Ranger XLS 2.8/2.8 Storm  4x4 CD TB Dies;2006
22;881;Ranger XLS 3.0 PSE 163cv 4x2 CD TB Dies.;2012
22;882;Ranger XLS 3.0 PSE 163cv 4x2 CS TB Dies.;2012
22;883;Ranger XLS 3.0 PSE 163cv 4x4 CD TB Dies.;2012
22;4848;Ranger XLS 3.0 PSE Storm 4x4 CD TB Dies.;2009
22;6562;Ranger XLS 3.2 20V 4x4 CD Diesel Aut.;2016
22;6167;Ranger XLS 3.2 20V 4x4 CD Diesel Mec.;2016
22;6168;Ranger XLS 3.2 20V 4x4 CS Diesel;2015
22;4474;Ranger XLS SPORT 2.3 16V 150cv CS;2012
22;4291;Ranger XLT 2.3 16V 150cv CD Repower.;2012
22;884;Ranger XLT 2.3 CS;1999
22;6169;Ranger XLT 2.5 16V 4x2 CD Flex;2019
22;885;Ranger XLT 2.5 4x2 CD Diesel;2001
22;886;Ranger XLT 2.5 4x2 CE Diesel;2001
22;887;Ranger XLT 2.5 4x2 CS Diesel;2001
22;888;Ranger XLT 2.5 4x4 CD Diesel;2001
22;889;Ranger XLT 2.5 4x4 CE TB Diesel;2001
22;890;Ranger XLT 2.5 4x4 CS TB Diesel;2001
22;891;Ranger XLT 2.8 8v 135cv 4x2 CD TB Diesel;2005
22;892;Ranger XLT 2.8 8v 135cv 4x4 CD TB Diesel;2005
22;893;Ranger XLT 2.8 8v 135cv 4x4 CE TB Diesel;2003
22;894;Ranger XLT 3.0 PSE 163cv 4x2 CD TB Dies.;2012
22;895;Ranger XLT 3.0 PSE 163cv 4x4 CD TB Dies.;2012
22;6170;Ranger XLT 3.2 20V 4x4 CD Diesel;2016
22;896;Ranger XLT 4.0 12v V6 210cv 4x4 CD Repow;2004
22;897;Ranger XLT 4.0 12v V6 210cv 4x4 CE Repow;2002
22;898;Ranger XLT 4.0 4x2 CE;2001
22;899;Ranger XLT 4.0 4x2 CS;2001
22;900;Ranger XLT 4.0 4x4 CD;2002
22;901;Ranger XLT 4.0 4x4 CE;2001
22;902;Ranger XLT 4.0 4x4 CS;2001
22;903;Ranger XLT Limit./L.Cent. 2.8 CD TB Dies;2005
22;904;Royale Ghia 2.0/2.0i 2p e 4p;1996
22;905;Royale GL 1.8/1.8i  2p e 4p;1996
22;906;Royale GL 2.0/2.0i 2p e 4p;1996
22;907;Taurus GL 3.0 V6;1995
22;908;Taurus GL SW 3.0 V6 24V;1995
22;909;Taurus L/LX 3.0 V6;1998
22;910;Taurus LX SW 3.0 V6 24V;1995
22;911;Taurus SHO 3.0 V6;1993
22;9163;TERRITORY SEL 1.5 GTDi EcoBoost Aut.;2021
22;912;Thunderbird SC 3.8 V6;1995
22;6202;TRANSIT Chassi 2.2 TDCI Diesel;2014
22;5247;TRANSIT Chassi 2.4 TDCI Diesel;2011
22;6383;TRANSIT Furgão 2.2 TDCI Curto Diesel;2012
22;6296;TRANSIT Furgão 2.2 TDCI Longa Diesel;2014
22;5884;TRANSIT Furgão 2.2 TDCI Longo Jumbo Dies;2014
22;4838;TRANSIT Furgão 3330 2.4 TDCI Curto Dies.;2011
22;4839;TRANSIT Furgão 3550 2.4 TDCI Longo Dies.;2011
22;6203;TRANSIT Van 3550 2.2 TDCI 14/16lug. Dies;2014
22;4840;TRANSIT Van 3550 2.4 TDCI 14lug. Diesel;2011
22;913;Verona Ghia 2.0i 4p;1996
22;914;Verona GL 1.8i / LX 1.8i 4p;1996
22;915;Verona GLX 1.8 (Modelo antigo);1992
22;916;Verona GLX 1.8i / 1.8 4p;1996
22;917;Verona GLX 2.0i / 2.0 4p;1996
22;918;Verona LX 1.6 (Modelo antigo);1992
22;919;Verona LX 1.8 (Modelo antigo);1992
22;920;Verona S 2.0i 4p;1996
22;921;Versailles Ghia 2.0i / 2.0 2p e 4p;1996
22;922;Versailles GL 1.8i / 1.8 2p e 4p;1996
22;923;Versailles GL 2.0i / 2.0 2p e 4p;1996
22;924;Windstar GL;1995
22;925;Windstar LX;1995
190;7028;AUMARK 3.5 - 11DT 2.8 4x2 TB Diesel;2015
190;7029;AUMARK 3.5 - 11ST 2.8 4x2 TB Diesel;2015
190;7030;AUMARK 3.5 - 14ST 2.8 4x2 TB Diesel;2015
190;6348;AUMARK 3.50AK 2.8 4x2 TB Diesel;2013
190;7922;MINITRUCK 3.5-12DT 4x2 Diesel(E5);2018
190;8010;MINITRUCK 3.5-12ST 4X2 Diesel (E5);2018
199;6778;EC7 1.8 16V 130cv 4p Mec.;2014
199;7031;GC2 1.0 12V 68cv 5p;2015
23;926;A-10 2.5/4.1;1989
23;927;A-10 De Luxe 2.5/4.1;1989
23;928;A-20 Custom Std. CD/ De Luxe CD;1996
23;929;A-20 Custom/ C-20 Luxe 4.1;1996
23;930;A-20 Custom/ C-20 S 4.1;1996
23;5069;AGILE LT 1.4 MPFI 8V FlexPower 5p;2013
23;5070;AGILE LTZ 1.4 MPFI 8V FlexPower 5p;2014
23;6265;AGILE LTZ EASYTRONIC 1.4 8V FlexPower 5p;2014
23;6638;AGILE LTZ EFFECT 1.4 8V FlexPower 5p Mec;2014
23;6639;AGILE LTZ EFFECT EASYTR.1.4 8V FlexP. 5p;2014
23;5722;AGILE LTZ WI-FI 1.4 8V FlexPower 5p;2012
23;931;Astra 2.0 8V/ CD 2.0 8V Hatchback 5p Aut;2004
23;932;Astra 2.0 8V/ CD 2.0 8V Hatchback 5p Mec;2004
23;933;Astra 2.0/ CD 2.0 8V 3p Aut.;2004
23;934;Astra 2.0/ CD/ GLS 2.0 MPFI 16V 3p;2002
23;935;Astra 2.0/ CD/ Sunny/ GLS 2.0 8V 3p;2004
23;936;Astra 500 Sedan 2.0 MPFI 16V 4p;2000
23;4137;Astra Advant. 2.0 MPFI 8V FlexP. 5p Aut.;2011
23;3968;Astra Advantage 2.0 MPFI 8V FlexPower 5p;2011
23;937;Astra Advantage 2.0 MPFI FlexPower 8V 3p;2007
23;938;Astra Comfort 2.0 MPFI FlexPower 8V 3p;2005
23;939;Astra Comfort 2.0 MPFI FlexPower 8V 5p;2007
23;940;Astra Eleg. 2.0 MPFI FlexPower 8V 5p Aut;2009
23;941;Astra Elegance 2.0 MPFI FlexPower 8V 3p;2006
23;942;Astra Elegance 2.0 MPFI FlexPower 8V 5p;2009
23;943;Astra Elite 2.0 MPFI Flex Pow. 8V 5p Aut;2007
23;944;Astra Elite 2.0 MPFI FlexPower 8V 5p Mec;2007
23;945;Astra GL 1.8 MPFI 3p;2001
23;946;Astra GL Milenium 1.8 MPFI 4p;2001
23;947;Astra GLS 2.0 MPFI;1996
23;948;Astra GLS 2.0 MPFI SW;1995
23;949;Astra GSi 2.0 16V 136cv Hatchback 5p;2005
23;963;Astra S.Sport 2.0 F.Pow. 5p/Sport 2.0 3p;2008
23;3969;Astra Sed. Advant. 2.0 8V MPFI FlexP. 4p;2011
23;4138;Astra Sed.Advan. 2.0 8V MPFI FlexP. Aut.;2011
23;950;Astra Sed.Comf. 2.0 MPFI FlexPower 8V 4p;2007
23;951;Astra Sed.Comf.2.0 MPFI MultiPower 8V 4p;2006
23;952;Astra Sed.Eleg. 2.0 MPFI FlexP.8V Aut.;2009
23;953;Astra Sed.Eleg.2.0 MPFI FlexPower 8V 4p;2009
23;954;Astra Sed.Eleg.2.0 MPFI MultiPower 8V 4p;2006
23;955;Astra Sed.Elite 2.0 MPFI FlexP.8V Aut.;2006
23;956;Astra Sed.Elite 2.0 MPFI FlexPower 8V 4p;2006
23;9753;Astra Sedan 1.8 MPFI 8V 4p;2004
23;958;Astra Sedan 2.0/ CD 2.0 MPFI 8V 4p Aut.;2004
23;959;Astra Sedan 2.0/CD/ Expres.GLS 2.0 8V 4p;2005
23;960;Astra Sedan 2.0/CD/ GLS/ Adv. 2.0 16V 4p;2002
23;961;Astra Sedan Comfort 1.8 MPFI 8V 4p;2005
23;9629;Astra Sedan GL 1.8 MPFI 4p;2004
23;964;Blazer Jimmy 4.3 V6;1995
23;965;Blazer S-10 4.3 V6;1995
23;966;Blazer SS-10 4.3 V6;1995
23;967;Bonanza S / Luxe 4.0 Diesel Turbo;1994
23;968;Bonanza S / Luxe 4.1;1994
23;969;Brasinca Blazer CD 4.0 Diesel;1995
23;970;Brasinca Blazer CD 4.1;1995
23;971;C-10 2.5/4.1;1989
23;972;C-10 CD 2.5/ 4.1;1989
23;973;C-10 De Luxe 2.5/4.1;1989
23;974;C-10 De Luxe CD 2.5/ 4.1;1989
23;975;C-20 Custom De Luxe 4.1;1996
23;976;C-20 Custom De Luxe CD 4.1;1996
23;977;C-20 Custom Std. 4.1;1996
23;978;C-20 Custom Std. CD 4.1;1996
23;979;Calibra 16V;1996
23;7790;CAMARO FIFTY 6.2 V8 16V 461cv;2017
23;980;Camaro RS 5.0 V8;1994
23;981;Camaro Sport 5.0 Conv.;1995
23;982;Camaro Z-28 Targa/Conv. 5.7;1995
23;983;Caprice 4.3 V8;1995
23;984;Caprice SW 4.3 V8;1995
23;985;Caprice Victoria;1995
23;5466;CAPTIVA SPORT AWD 3.0 V6 24V 268cv;2013
23;4734;CAPTIVA SPORT AWD 3.6 V6 24V 261cv 4x4;2010
23;4841;CAPTIVA SPORT FWD 2.4 16V 171/185cv;2017
23;5467;CAPTIVA SPORT FWD 3.0 V6 24V 268cv 4x2;2012
23;4735;CAPTIVA SPORT FWD 3.6 V6 24V 261cv 4x2;2010
23;986;Caravan Comodoro 4.1/2.5;1992
23;987;Caravan Diplomata 4.1/2.5;1992
23;988;Caravan L/SL/S/SS 2.5/4.1/4.2;1992
23;989;Cavalier 3.1 Conv.;1994
23;990;Cavalier L 2.0;1995
23;991;Celta 1.0/ Super 1.0 MPFI VHC 8v 5p;2005
23;992;Celta 1.0/Super/N.Piq.1.0 MPFi VHC 8V 3p;2005
23;993;Celta 1.4/ Super/ Energy 1.4 8V 85cv 3p;2007
23;994;Celta 1.4/ Super/ Energy 1.4 8V 85cv 5p;2007
23;6611;Celta ADVANTAGE 1.0 8v FlexPower 5p;2014
23;997;Celta Life 1.0 MPFI VHC 8V 3p;2006
23;998;Celta Life 1.0 MPFI VHC 8V 5p;2006
23;999;Celta Life 1.4 MPFI 8V 85cv 3p;2007
23;1000;Celta Life 1.4 MPFI 8V 85cv 5p;2007
23;995;Celta Life/ LS 1.0 MPFI 8V FlexPower 3p;2014
23;996;Celta Life/ LS 1.0 MPFI 8V FlexPower 5p;2014
23;1001;Celta Spirit 1.0 MPFI 8V FlexPower 3p;2011
23;1003;Celta Spirit 1.0 MPFI VHC 8V 3p;2005
23;1004;Celta Spirit 1.0 MPFI VHC 8V 5p;2005
23;1005;Celta Spirit 1.4 MPFI 8V 85cv 3p;2007
23;1006;Celta Spirit 1.4 MPFI 8V 85cv 5p;2007
23;1002;Celta Spirit/ LT 1.0 MPFI 8V FlexP. 5p;2016
23;1007;Celta Super 1.0 MPFI 8V FlexPower 3p;2009
23;1008;Celta Super 1.0 MPFI 8V FlexPower 5p;2009
23;1009;Chevette Junior 1.0;1993
23;1010;Chevette L / SL / SL/e / DL / SE 1.6;1993
23;1011;Chevy 500 DL / SL / SE/ Furgão 1.6;1995
23;1012;Cheynne 4.3 V6;1995
23;6747;Classic ADVANTAGE 1.0 VHC FlexPower 4p;2015
23;4924;Classic Life/LS 1.0 VHC FlexP. 4p;2016
23;9588;COBALT 1.8 8V Econo.Flex 4p Aut.;2020
23;6584;COBALT ADVANTAGE 1.4 MPFI 8V F.Power 4p;2014
23;6585;COBALT ADVANTAGE 1.8 8V Eco.Flex 4p Aut.;2014
23;7456;COBALT ELITE 1.8 8V Econo.Flex 4p Aut.;2019
23;7257;COBALT Graphite 1.8 8V Econo.Flex 4p Aut;2015
23;7258;COBALT Graphite 1.8 8V Econo.Flex 4p Mec;2015
23;5723;COBALT LS 1.4 8V FlexPower 4p;2015
23;5724;COBALT LT 1.4 8V FlexPower/EconoFlex 4p;2020
23;6172;COBALT LT 1.8 8V Econo.Flex 4p Aut.;2015
23;6173;COBALT LT 1.8 8V Econo.Flex 4p Mec.;2015
23;5725;COBALT LTZ 1.4 8V FlexPower/EconoFlex 4p;2020
23;6174;COBALT LTZ 1.8 8V Econo.Flex 4p Aut.;2020
23;6175;COBALT LTZ 1.8 8V Econo.Flex 4p Mec.;2020
23;1013;Corsa Furgão 1.6 MPFi Powertech 92cv;2002
23;1014;Corsa GL 1.6 MPFI / 1.4 EFI 2p e 4p;2000
23;1015;Corsa GLS 1.6 MPFI 5p;2001
23;1016;Corsa GSi 16V;1996
23;1017;Corsa Hat. Joy 1.0/ 1.0 FlexPower 8V 5p;2009
23;1018;Corsa Hat. Joy 1.8 MPFI 8V FlexPower 5p;2007
23;1019;Corsa Hat. Maxx 1.0/ 1.0 FlexPower 8V 5p;2009
23;4379;Corsa Hat. Maxx 1.4 8V ECONOFLEX 5p;2012
23;1020;Corsa Hat. Maxx 1.8 MPFI 8V FlexPower 5p;2009
23;1021;Corsa Hat. Prem. 1.0/1.0 FlexPower 8V 5p;2007
23;4380;Corsa Hat. Premium 1.4 8V ECONOFLEX 5p;2010
23;3818;Corsa Hat. SS 1.8 MPFI 8V FlexPower 5p;2009
23;1022;Corsa Hat.Premium 1.8 MPFI 8V F.Power 5p;2007
23;1023;Corsa Hatchback 1.0 MPFI 8V 71cv 5p;2004
23;1024;Corsa Hatchback 1.8 MPFI 8V 102cv 5p;2003
23;1025;Corsa Hatchback 1.8 MPFI FlexPower 8V 5p;2004
23;1026;Corsa Pick-Up GL/ Champ 1.6 MPFI / EFI;2001
23;1027;Corsa Pick-Up Sport 1.6 MPFI;2003
23;1028;Corsa Pick-Up STD/ Rodeio 1.6 MPFI;2003
23;1029;Corsa Sed Clas.Spirit 1.6MPFI VHC 8V Aut;2006
23;1030;Corsa Sed Clas.Super 1.6MPFI VHC 8V Aut;2005
23;1031;Corsa Sed Class.Life 1.0/1.0 FlexPower;2009
23;1033;Corsa Sed Class.Spirit 1.0/1.0 FlexPower;2009
23;1035;Corsa Sed Class.Super 1.0/1.0 FlexPower;2009
23;1032;Corsa Sed Classic Life 1.6 MPFI VHC 8V;2007
23;1034;Corsa Sed Classic Spirit 1.6 MPFI VHC 8V;2007
23;1036;Corsa Sed Classic Super 1.6 MPFI VHC 8V;2006
23;1037;Corsa Sed. Joy 1.0/ 1.0 FlexPower 8V 4p;2007
23;1038;Corsa Sed. Joy 1.8 MPFI 8V FlexPower;2007
23;1039;Corsa Sed. Maxx 1.0/ 1.0 FlexPower 8V 4p;2007
23;4381;Corsa Sed. Maxx 1.4 8V ECONOFLEX 4p;2011
23;1040;Corsa Sed. Maxx 1.8 MPFI 8V FlexPower;2007
23;4382;Corsa Sed. Premium 1.4 8V ECONOFLEX 4p;2012
23;1042;Corsa Sed. Premium 1.8 MPFI 8V FlexPower;2009
23;1041;Corsa Sed.Prem. 1.0/ 1.0 FlexPower 8V 4p;2007
23;1043;Corsa Sed.Wind 1.0/Millenium/Classic VHC;2005
23;1044;Corsa Sedan 1.0 MPFI 8V 71cv 4p;2004
23;1045;Corsa Sedan 1.8 MPFI 8V  102cv 4p;2003
23;1046;Corsa Sedan 1.8 MPFI FlexPower 8V 4p;2004
23;1047;Corsa Sedan GL 1.6  MPFI 4p;2001
23;1048;Corsa Sedan GLS 1.6 16V MPFI 4p;2001
23;1049;Corsa Sedan GLS 1.6 MPFI 4p;2001
23;1053;Corsa Sedan Sup./Classic 1.6 8v Aut/Mec;2004
23;1050;Corsa Sedan Super 1.0 MPFI 16V 4p;2002
23;1051;Corsa Sedan Super 1.0 MPFI 4p;1999
23;1052;Corsa Sedan Super Milenium 1.0 MPFI 16V;2002
23;1054;Corsa Super 1.0 MPFI / 2p e 4p;1999
23;1055;Corsa Super 1.0 MPFI 16V 3p;2000
23;1056;Corsa Super 1.0 MPFI 16V 5p;2002
23;1057;Corsa Super 1.6 MPFI 8v 5p;2002
23;1058;Corsa Wagon GL 1.6 MPFI 4p;1999
23;1059;Corsa Wagon GLS 1.6 16V MPFI 4p;2001
23;1060;Corsa Wagon GLS 1.6 8V 4p;2001
23;1061;Corsa Wagon Super 1.0 MPFI 16V;2002
23;1062;Corsa Wagon Super 1.6 MPFI 8v;2002
23;1063;Corsa Wind 1.0 MPF/MilleniumI/ EFI 4p;2002
23;1064;Corsa Wind 1.0 MPFI / EFI  2p;2002
23;1065;Corsa Wind 1.6 MPFi 2p;2002
23;1066;Corsa Wind 1.6 MPFi 4p;2002
23;1067;Corsa Wind Piquet/ Champ 1.0 MPFI 2p;1999
23;1068;Corvette 5.7/ 6.0, 6.2 Conv./Stingray;2015
23;1069;Corvette 5.7/ 6.0, 6.2 Targa/Stingray;2015
23;8573;CRUZE Black Bow Tie 1.4 TB Flex 4p Aut;2019
23;8574;CRUZE HB Black Bow Tie 1.4 TB Flex Aut.;2019
23;5975;CRUZE HB Sport LT 1.8 16V FlexP. 5p Aut;2016
23;5976;CRUZE HB Sport LT 1.8 16V FlexP. 5p Mec;2016
23;5977;CRUZE HB Sport LTZ 1.8 16V FlexP. 5p Aut;2016
23;5978;CRUZE HB Sport LTZ 1.8 16V FlexP. 5p Mec;2014
23;5635;CRUZE LT 1.8 16V FlexPower 4p Aut.;2016
23;5636;CRUZE LT 1.8 16V FlexPower 4p Mec.;2016
23;5637;CRUZE LTZ 1.8 16V FlexPower 4p Aut.;2016
23;1070;D-10 CD Diesel;1985
23;1071;D-10 Diesel;1985
23;1072;D-20 4.0 Champ/Conquest/El Caminho Dies.;1996
23;1073;D-20 CD Lx S4T/Tro.Plus/Lx 3.9/4.0 TDies;1996
23;1076;D-20 S / El Caminho 3.9/4.0 CD T.Dies;1996
23;1074;D-20 S / Luxe 3.9/4.0 Diesel;1996
23;1075;D-20 S / Luxe 3.9/4.0 T.Diesel;1996
23;1077;D-20 S 3.9/4.0 Turbo Diesel;1996
23;9081;EQUINOX LT 1.5 Turbo 172cv Aut.;2020
23;8150;EQUINOX LT 2.0 Turbo 262cv Aut.;2019
23;9082;EQUINOX Midnight 1.5 Turbo 172cv Aut.;2020
23;8080;EQUINOX Premier 2.0 Turbo AWD 262cv Aut.;2020
23;1078;Ipanema GL 1.8 MPFI / EFI /SL 4p;1998
23;1079;Ipanema GL/ Flair 2.0 MPFI / EFI 4p;1998
23;1080;Ipanema GLS/SLE 2.0EFI /SL/e1.8/Sol/Wave;1995
23;8821;JOY Hatch 1.0 8V Black Edition Flex Mec.;2021
23;8822;JOY Hatch 1.0 8V Flex 5p Mec.;2021
23;8887;JOY Plus 1.0 8V 4p Flex Mec.;2020
23;8888;JOY Plus Black Ed.1.0 8V 4p Flex Mec.;2021
23;1081;Kadett GL 2.0 MPFI / EFI;1998
23;1082;Kadett GL/SL/Lite/Turim 1.8;1998
23;1083;Kadett GLS 1.8 EFI / SL/e 1.8;1995
23;1084;Kadett GLS 2.0 MPFI;1998
23;1085;Kadett GSi / GS 2.0;1995
23;1086;Kadett GSi 2.0 Conversível;1995
23;1087;Kadett Sport 2.0 MPFI / EFI;1998
23;1088;Lumina;1996
23;5276;MALIBU LTZ 2.4 16V 171cv 4p;2013
23;1089;Marajo SL/SLe/Se;1989
23;1090;Meriva 1.8/ CD 1.8 MPFI 16V 122cv 5p;2004
23;1091;Meriva 1.8/ CD 1.8 MPFI 8V 102cv 5p;2004
23;1092;Meriva 1.8/ CD 1.8 MPFI FlexPower 8V;2004
23;6058;Meriva COLLECTION 1.4 8V ECONOFLEX 5p;2012
23;4767;Meriva Expres.EASYTRONIC 1.8 FlexPower;2012
23;4768;Meriva Joy 1.4 MPFI 8V ECONOFLEX 5p;2012
23;1093;Meriva Joy 1.8 MPFI 8V FlexPower;2008
23;4769;Meriva Maxx 1.4 MPFI 8V ECONOFLEX 5p;2012
23;1094;Meriva Maxx 1.8 MPFI 8V FlexPower;2008
23;4475;Meriva Prem.EASYTRONIC 1.8 FlexPower 5p;2012
23;1095;Meriva Premium 1.8 MPFI 8V FlexPower;2009
23;3819;Meriva SS 1.8 MPFI 8V FlexPower 5p;2009
23;4770;Meriva SS EASYTRONIC 1.8 FlexPower 5p;2011
23;1096;MONTANA  Sport 1.8 MPFI FlexPower 8V;2010
23;4383;MONTANA 1.4 8V Conquest ECONOFLEX  2p;2010
23;1097;MONTANA 1.8/ 1.8 Conquest FlexPower 8V;2007
23;5107;MONTANA ARENA 1.4 ECONOFLEX  8V 2p;2010
23;5030;MONTANA COMBO 1.4 8V ECONOFLEX;2010
23;5416;MONTANA LS 1.4 ECONOFLEX 8V 2p;2021
23;6204;MONTANA LS COMBO 1.4 8V ECONOFLEX 2p;2014
23;1098;MONTANA Off Road 1.8 MPFI FlexPower 8V;2006
23;5108;MONTANA Sport 1.4 ECONOFLEX 8V 2p;2020
23;1099;Monza 1.6i/1.8i (restante);1987
23;1100;Monza Class 1.8/ 2.0;1993
23;1101;Monza Classic SE 2.0 /MPFI e EFI 2p e 4p;1994
23;1102;Monza Classic/ SL/e/SR 1.8;1994
23;1103;Monza GL 1.8 EFI/ SL/ L/ 650/Barc. 2e4p;1996
23;1104;Monza GL 2.0 EFI/SL/L/650/Club/Barc.2e4p;1996
23;1105;Monza GLS/ Hi-Tech 2.0 EFI 2p e 4p;1997
23;1106;Monza SL/e SR 2.0;1993
23;1108;Omega CD 3.8 V6;2004
23;1109;Omega CD 4.1 / 3.0;1998
23;1107;Omega CD/ FITTIPALDI 3.6 V6 24V 4p;2012
23;1110;Omega Diamond;1994
23;1111;Omega GL 2.0/ 2.2;1995
23;1112;Omega GLS 2.2 / 2.0;1998
23;1113;Omega GLS 4.1;1997
23;6748;ONIX  Lollapalooza 1.0 F.Power 5p Mec.;2014
23;7689;ONIX HATCH ACTIV 1.4 8V Flex 5P Aut.;2019
23;7690;ONIX HATCH ACTIV 1.4 8V Flex 5p Mec.;2019
23;8239;ONIX HATCH ADVANTAGE 1.4 8V Flex 5p Aut.;2019
23;7120;ONIX HATCH EFFECT 1.4 8V F.Power 5p Mec.;2019
23;7691;ONIX HATCH Joy 1.0 8V Flex 5p Mec.;2019
23;6231;ONIX HATCH LS 1.0 8V FlexPower 5p Mec.;2016
23;6232;ONIX HATCH LT 1.0 8V FlexPower 5p Mec.;2019
23;6530;ONIX HATCH LT 1.4 8V FlexPower 5p Aut.;2019
23;6233;ONIX HATCH LT 1.4 8V FlexPower 5p Mec.;2019
23;6531;ONIX HATCH LTZ 1.4 8V FlexPower 5p Aut.;2019
23;6234;ONIX HATCH LTZ 1.4 8V FlexPower 5p Mec.;2019
23;7259;ONIX HATCH SELEÇÃO 1.0 8V Flex 5p Mec.;2015
23;1114;Opala Comodoro/Comod. SLE  4.1/2.5;1992
23;1115;Opala Diplomata/Diplom. SLE 4.1/2.5;1992
23;1116;Opala L/SL/SS/ 2.5/4.1;1992
23;4188;PRISMA  Sed. Maxx/ LT 1.4 8V ECONOF. 4p;2012
23;6866;PRISMA Sed. ADVANT. 1.0 8V FlexPower 4p;2015
23;7373;PRISMA Sed. ADVANT. 1.4 8V F.Power Aut.;2019
23;4189;PRISMA Sed. Joy 1.4 8V ECONOFLEX 4p;2010
23;4849;PRISMA Sed. Joy/ LS 1.0 8V FlexPower 4p;2019
23;6349;PRISMA Sed. LT 1.0 8V FlexPower 4p;2017
23;6350;PRISMA Sed. LT 1.4 8V FlexPower 4p;2019
23;6532;PRISMA Sed. LT 1.4 8V FlexPower 4p Aut.;2019
23;6351;PRISMA Sed. LTZ 1.4 8V FlexPower 4p;2019
23;6533;PRISMA Sed. LTZ 1.4 8V FlexPower 4p Aut.;2019
23;4850;PRISMA Sed. Maxx 1.0 8V FlexPower 4p;2010
23;1117;S10 Blazer  DTi 2.8 4x2 Turbo Diesel;2002
23;1118;S10 Blazer 2.4 MPFI 8V 128cv 4p;2004
23;1119;S10 Blazer 4.3 V6;2003
23;1120;S10 Blazer Advant. 2.4/2.4 MPFI F.Power;2011
23;1121;S10 Blazer Colina 2.4/2.4 MPFI F.Power;2009
23;1122;S10 Blazer Colina 2.8 TDI 4x4 Diesel;2010
23;1123;S10 Blazer DLX 2.2 MPFI / EFI;1999
23;1124;S10 Blazer DLX 2.4 MPFI 128cv 4p;2004
23;1125;S10 Blazer DLX 2.5 Diesel Turbo;2000
23;1126;S10 Blazer DLX 2.8 4x4 TB Interc. Diesel;2005
23;1127;S10 Blazer DLX 4.3 V6;2004
23;1128;S10 Blazer Executive 2.8 4x4 TDI Diesel;2010
23;1129;S10 Blazer Executive 4.3 V6;2004
23;1130;S10 Blazer Std. 2.2 MPFI / EFI;2000
23;1131;S10 Blazer Std. 2.5 Diesel Turbo;2000
23;1132;S10 Blazer Tornado 2.4 MPFI 8V 128cv;2007
23;8081;S10 P.Up 100YEARS 2.8 4x4 CD Dies. Aut.;2018
23;1133;S10 Pick-Up 2.4 MPFI 8v 128cv CD 4p;2004
23;1134;S10 Pick-Up 2.4 MPFI 8v 128cv/ Rodeio;2004
23;1135;S10 Pick-Up 2.5 4x2 CD TB Max HST Dies;2000
23;1136;S10 Pick-Up 2.5 4x4 CD TB Max HST Dies.;2000
23;1137;S10 Pick-Up 2.8 4x2 Turbo Interc. Dies.;2005
23;1138;S10 Pick-Up 4.3 V6;1996
23;1139;S10 Pick-Up Barretos 2.2 MPFI 2p;2000
23;1140;S10 Pick-Up Champ 4.3 V6;1998
23;1144;S10 Pick-Up DLX 2.4 MPFI 128cv CD 4p;2004
23;1145;S10 Pick-Up Exec. 2.8 4x2 CD TB Int.Dies;2012
23;1146;S10 Pick-Up Exec. 2.8 4x4 CD TB Int.Dies;2012
23;1147;S10 Pick-Up Executive CD 4.3;2002
23;1148;S10 Pick-Up Executive CD 4.3 4x4;2000
23;5885;S10 Pick-Up LS 2.4 F.Power 4x2 CD;2016
23;5886;S10 Pick-Up LS 2.4 F.Power 4x2 CS;2016
23;6099;S10 Pick-Up LS 2.8 TDI 4x2 CD Dies. Mec.;2013
23;6100;S10 Pick-Up LS 2.8 TDI 4x2 CS Dies. Mec.;2013
23;5888;S10 Pick-Up LT 2.4 F.Power 4x2 CD;2014
23;5889;S10 Pick-Up LT 2.4 F.Power 4x2 CS;2013
23;7032;S10 Pick-Up LT 2.5 Flex 4x2 CD;2017
23;7953;S10 Pick-Up LT 2.5 Flex 4x2 CD Aut.;2021
23;7033;S10 Pick-Up LT 2.5 Flex 4x4 CD;2017
23;7954;S10 Pick-Up LT 2.5 Flex 4x4 CD Aut.;2020
23;5890;S10 Pick-Up LT 2.8 TDI 4x2 CD Diesel;2017
23;5891;S10 Pick-Up LT 2.8 TDI 4x2 CD Diesel Aut;2017
23;5892;S10 Pick-Up LT 2.8 TDI 4x4 CD Diesel;2020
23;5894;S10 Pick-Up LTZ 2.4 F.Power 4x2 CD;2015
23;7034;S10 Pick-Up LTZ 2.5 Flex 4x2 CD;2017
23;7955;S10 Pick-Up LTZ 2.5 Flex 4x2 CD Aut.;2021
23;7035;S10 Pick-Up LTZ 2.5 Flex 4x4 CD;2017
23;6102;S10 Pick-Up LTZ 2.8 TDI 4x2 CD Dies. Mec;2014
23;5895;S10 Pick-Up LTZ 2.8 TDI 4x2 CD Dies.Aut;2017
23;1149;S10 Pick-Up Luxe 2.2 EFI CD;1999
23;1150;S10 Pick-Up Luxe 2.2 MPFI / EFI;2000
23;1151;S10 Pick-Up Luxe 2.2 MPFI/EFI CE;1999
23;1152;S10 Pick-Up Luxe 2.5 CE TB Diesel;1999
23;1153;S10 Pick-Up Luxe 2.5 Diesel Turbo;2000
23;1154;S10 Pick-Up Luxe 2.8 4x2 CD TB Int.Dies.;2004
23;1155;S10 Pick-Up Luxe 4.3 V6;2000
23;1156;S10 Pick-Up Luxe 4.3 V6 CD;2000
23;1157;S10 Pick-Up Luxe 4.3 V6 CE;2000
23;8280;S10 Pick-Up Midnight 2.8 4x4 CD Dies Aut;2019
23;5369;S10 Pick-Up RODEIO 2.4 MPFI F.Power CD;2012
23;5370;S10 Pick-Up RODEIO 2.8 TDI 4x2 CD Dies.;2011
23;5371;S10 Pick-Up RODEIO 2.8 TDI 4x4 CD Dies.;2011
23;1158;S10 Pick-Up Std 2.8 4x2 CD TB Int.Dies.;2005
23;1159;S10 Pick-Up Std 2.8 4x4 CD TB Int.Dies.;2005
23;1160;S10 Pick-Up Std. 2.2 MPFI / EFI;2000
23;1161;S10 Pick-Up Std. 2.2 MPFI CD;2000
23;1162;S10 Pick-Up Std. 2.5 Diesel Turbo;2000
23;1163;S10 Pick-Up Tornado 2.4 MPFI 128cv CD 4p;2007
23;1164;S10 P-Up 2.8/Sert. 2.8 4x4 TB Int. Dies.;2005
23;1165;S10 P-Up Advant. 2.4/2.4 MPFI F.Power CD;2016
23;4675;S10 P-Up Advantage 2.4 MPFI F.Power CS;2012
23;1142;S10 P-Up Colina 2.4 MPFI 128cv CD 4p;2006
23;1141;S10 P-Up Colina 2.4/2.4 MPFI F.Power CS;2008
23;1166;S10 P-Up Colina 2.8 TDI 4x2/4x4 CD Dies.;2012
23;1143;S10 P-Up Colina 2.8 TDI 4x2/4x4 CS Dies.;2012
23;4676;S10 P-Up Executive 2.4 MPFI F.Power CD;2012
23;7304;S10 P-Up Freeride 2.5 Flex 4x2 CD Mec.;2016
23;1167;S10 P-Up Luxe 2.5 4x2 CD TB Max HST Dies;2000
23;1168;S10 P-Up Luxe 2.5 4x4 CD TB Max HST Dies;2000
23;1169;S10 P-Up Lx/Sert/Rod 2.8 4x4 CD TDI Dies;2006
23;1170;S10 P-Up Tornado 2.8 TDI 4x2/4x4 CD Dies;2011
23;1171;Saturn SL;1995
23;1172;Sierra CE 5.7 V8;1995
23;1173;Sierra Sport 5.0 V8;1995
23;1174;Silverado;1998
23;1175;Silverado 4.1;1999
23;1176;Silverado 4.1 Diesel;1999
23;1177;Silverado 4.2 Turbo Diesel;2001
23;1178;Silverado Conquest 4.1 Diesel;2000
23;1179;Silverado Conquest 4.2 Diesel Turbo;2000
23;1180;Silverado D20/ Rodeio 4.2 TB Diesel;2002
23;1181;Silverado DLX 4.1;1999
23;1182;Silverado DLX 4.2 Conquest HD Diesel;2000
23;1183;Silverado DLX 4.2 Diesel;2000
23;1184;Silverado G. Blazer DLX/ Std 4.2 Dies.TB;2000
23;1185;Silverado Grand Blazer DLX 4.1 mpfi;1999
23;1186;Silverado Sport/ Fleet Side 5.7 CS;1995
23;1187;Silverado Sport/Fleet Side 6.5 Dies. CS;1995
23;1188;Silverado Trop. SL/ Van T.Diesel (todas);2001
23;1189;Silverado Tropical CD 4.1 Diesel;1999
23;1190;Silverado Tropical CD 4.1 MPFI;1999
23;1191;Silverado Tropical CD 4.2 Diesel;2001
23;6266;SONIC HB LT 1.6 16V FlexPower 5p Aut.;2014
23;6059;SONIC HB LT 1.6 16V FlexPower 5p Mec.;2014
23;6060;SONIC HB LTZ 1.6 16V FlexPower 5p Aut.;2014
23;6061;SONIC HB LTZ 1.6 16V FlexPower 5p Mec.;2013
23;6640;SONIC HB LTZ EFFECT 1.6 16V FlexP 5p Aut;2014
23;6267;SONIC Sed. LT 1.6 16V FlexPower 4p Aut.;2013
23;6062;SONIC Sed. LT 1.6 16V FlexPower 4p Mec.;2013
23;6063;SONIC Sed. LTZ 1.6 16V FlexPower 4p Aut.;2014
23;6064;SONIC Sed. LTZ 1.6 16V FlexPower 4p Mec.;2014
23;1192;Sonoma CE 4.3 V6;1995
23;1193;SpaceVan Furgão 2.1 Diesel;1998
23;1194;SpaceVan Furgão 2.2;1998
23;1195;SpaceVan Passageiro 2.1Diesel;1998
23;1196;SpaceVan Passageiro 2.2;1998
23;7099;SPIN ACTIV 1.8 8V Econo. Flex 5p Mec.;2016
23;6586;SPIN ADVANTAGE 1.8 8V Econo.Flex 5p Aut.;2018
23;6587;SPIN ADVANTAGE 1.8 8V Econo.Flex 5p Mec.;2015
23;6106;SPIN LTZ 1.8 8V Econo.Flex 5p Mec.;2019
23;1197;SS10 Pick-Up 4.3 V6;1996
23;1198;Suburban 5.7/6.5 V8/5.3 V8;2015
23;1199;Suprema CD 4.1 / 3.0;1996
23;1200;Suprema Diamond;1994
23;1201;Suprema GL 2.0;1995
23;1202;Suprema GLS 2.2 / 2.0;1996
23;1203;Suprema GLS 4.1;1996
23;1204;Syclone 5.7 V8;1992
23;1205;Tigra 1.6 16V;1999
23;1206;Tigra Power Tech Coupe 1.6 SFI;1999
23;9045;TRACKER 1.2 Turbo 12V Flex Aut.;2021
23;4240;TRACKER 2.0 16v 128cv MPFI 4x4 5p;2009
23;1207;TRACKER 2.0 TB Int. Diesel 4x4 4p;2004
23;6664;TRACKER Freeride 1.8 16V Flex 4x2 Mec.;2014
23;7792;TRACKER LT 1.4 Turbo 16V Flex 4x2 Aut.;2019
23;7428;TRACKER LT 1.8 16V Flex 4x2 Aut.;2016
23;9047;TRACKER LTZ 1.2 Turbo 12V Flex Aut.;2021
23;7793;TRACKER LTZ 1.4 Turbo 16V Flex 4x2 Aut.;2017
23;6612;TRACKER LTZ 1.8 16V Flex 4x2 Aut.;2016
23;8519;TRACKER Midnight 1.4 Turbo Flex Aut.;2019
23;8124;TRACKER Premier 1.4 Turbo 16V Flex Aut;2019
23;1208;Trafic Chassi Longo Diesel;1998
23;1209;Trafic Furgão Carga 2.1 Diesel;1997
23;1210;Trafic Furgao Carga 2.2;1998
23;1211;Trafic Passageiros 2.1 Diesel;1996
23;1212;Trafic Passageiros 2.2;1996
23;6268;TRAILBLAZER LTZ 2.8 CTDI Diesel Aut.;2019
23;6269;TRAILBLAZER LTZ 3.6 V6  Aut.;2019
23;8748;TRAILBLAZER PREMIER 3.6 V6 Aut.;2020
23;1213;Vectra CD 2.0 (modelo antigo);1996
23;1214;Vectra CD 2.2 16V / 2.0 16V Mec./Aut.;2004
23;5554;Vectra COLLECTION 2.0 FlexPower 8V Aut.;2011
23;1215;Vectra Comfort 2.0 MPFI;2005
23;3820;Vectra Elegan. 2.0 MPFI 8V FlexPower Aut;2011
23;3821;Vectra Elegan. 2.0 MPFI 8V FlexPower Mec;2011
23;1216;Vectra Elegance 2.0 MPFI;2005
23;1217;Vectra Elegance 2.2 MPFI 16V Aut.;2005
23;1218;Vectra Elite 2.0 MPFI;2005
23;4576;Vectra Elite 2.0 MPFI 8V FlexPower Aut.;2011
23;1219;Vectra Elite 2.2 MPFI 16V Aut.;2005
23;3822;Vectra Elite 2.4 MPFI 16V FlexPower Aut.;2009
23;1220;Vectra Expres./ Collection  2.0 MPFI 8V;2005
23;4273;Vectra EXPRESSION 2.0 MPFI FlexPower Aut;2011
23;4274;Vectra EXPRESSION 2.0 MPFI FlexPower Mec;2011
23;1221;Vectra GL 2.2 / 2.0 MPFI;2003
23;1222;Vectra GL 2.2 MPFI Milenium;2001
23;1223;Vectra GLS/ Challenge 2.2 MPFI 16V;2002
23;1224;Vectra GLS/Expres.2.2/ 2.0 e 2.0 CD 8V;2004
23;1225;Vectra GSi 2.0 16V (modelo antigo);1996
23;4433;Vectra GT 2.0 MPFI 8V FlexPower Aut.;2011
23;4434;Vectra GT 2.0 MPFI 8V FlexPower Mec.;2011
23;4435;Vectra GT-X 2.0 MPFI 8V FlexPower Aut.;2011
23;4436;Vectra GT-X 2.0 MPFI 8V FlexPower Mec.;2011
23;1226;Veraneio S / Luxe 4.1;1995
23;1227;Veraneio S/ Luxe 4.0 Dies./TB Dies.;1996
23;1228;Zafira 2.0/ CD 2.0  8V  MPFI 5p Mec.;2004
23;1229;Zafira 2.0/ CD 2.0 16V  MPFI 5p;2004
23;1230;Zafira 2.0/ CD 2.0 8V MPFI 5p Aut.;2005
23;6065;Zafira COLLECTION 2.0 FlexPower 8V Aut.;2012
23;1231;Zafira Comfort 2.0 MPFI FlexPower 8V 5p;2012
23;1232;Zafira Eleg.2.0 MPFI FlexPower 8V 5p Aut;2012
23;1233;Zafira Elegance 2.0 MPFI 16v 136cv 5p;2005
23;1234;Zafira Elegance 2.0 MPFI FlexPower 8V 5p;2010
23;1235;Zafira Elite 2.0 MPFI 16v 136cv 5p;2005
23;1236;Zafira Elite 2.0 MPFI FlexPower 8V  Aut;2012
23;1237;Zafira Elite 2.0 MPFI FlexPower 8V 5p;2011
23;4259;Zafira Expres. 2.0 MPFI FlexPower 5p Aut;2012
153;4791;HOVER CUV 2.4 16V 4WD 5p Mec.;2008
153;4792;HOVER CUV 2.4 16V 5p Mec.;2008
24;1238;BR-800 (todos)/Supermini;1993
24;1239;Carajas Diesel;1988
24;1240;Carajas/Tocantis/Xavante/Vip;1994
152;4771;Towner Furgão 1.0 8V 48cv 5p;2012
152;5277;Towner Jr. Pick-up 1.0 8V 48cv  CD 4p;2013
152;5278;Towner Jr. Pick-up 1.0 8V 48cv  CS 2p;2012
152;5396;Towner Jr. Pick-up Baú 1.0 8V 48cv 2p;2012
152;5592;Towner Jr. Pick-up Baú 1.0 8V 48cv CD 4p;2012
152;4772;Towner Passageiro 1.0 8V 48cv 7L 5p;2012
152;4773;Towner Pick-Up 1.0 8V 48cv 2p;2013
152;5397;Towner Pick-Up Baú 1.0 8V 48cv 2p;2012
214;9434;e.co Cargo 10kW (Elétrico);2020
214;9438;e.co Truck 10kW (Elétrico);2020
25;1241;Accord Coupe EX;1998
25;9600;Accord Sedan 2.0 TB 16V Aut. (Híbrido);2021
25;5211;Accord Sedan EX 2.0 16V 156cv Aut.;2012
25;1242;Accord Sedan EX 2.4/2.3/ 2.2 16V;2014
25;1243;Accord Sedan EX 2.7/3.0 24V;2007
25;4641;Accord Sedan EX 3.5 V6 24V;2017
25;1244;Accord Sedan EXR;2001
25;1245;Accord Sedan LX  2.2/2.4 16V;2005
25;3889;Accord Sedan LX 2.0 16V 150/156cv Aut.;2009
25;8520;Accord Sedan Touring 2.0 TB 16V Aut.;2020
25;1246;Accord SW EX;1995
25;1247;Accord SW LX;1995
25;5372;CITY Sedan DX 1.5 Flex 16V Aut.;2017
25;5373;CITY Sedan DX 1.5 Flex 16V Mec.;2021
25;4972;CITY Sedan EX 1.5 Flex 16V 4p Mec.;2013
25;4974;CITY Sedan EXL 1.5 Flex 16V 4p Mec.;2011
25;4975;CITY Sedan LX 1.5 Flex 16V 4p Aut.;2021
25;4976;CITY Sedan LX 1.5 Flex 16V 4p Mec.;2013
25;8212;CITY Sedan Personal 1.5 Flex 16V Aut.;2021
25;6534;CITY Sedan SPORT 1.5 FLEX 16V 4p Mec.;2014
25;1248;Civic Coupe EX/ EXS 1.6 16V 2p;1998
25;8281;Civic Coupe Si 1.5 TB 16V 208cv Mec. 2p;2020
25;7036;Civic Coupe Si 2.4 16V 206cv Mec. 2p;2015
25;1249;Civic CRX/ Targa VTi;1995
25;1252;Civic Hatch DX;1995
25;1253;Civic Hatch LSi;1995
25;1254;Civic Hatch LX Aut.;1996
25;1255;Civic Hatch Si;1995
25;1256;Civic Hatch VTi;1998
25;4090;Civic Sed LX 1.8 Aut 4p;2007
25;5149;Civic Sed. LXL/ LXL SE 1.8 Flex 16V Aut.;2013
25;5148;Civic Sed. LXL/LXL SE 1.8 Flex 16V Mec.;2013
25;1258;Civic Sedan EX 1.6 16V Aut. 4p (nacion.);2000
25;1259;Civic Sedan EX 1.6 16V Mec. 4p (nacion.);2000
25;1260;Civic Sedan EX 1.7 16V 130cv Aut. 4p;2006
25;1261;Civic Sedan EX 1.7 16v 130cv Mec. 4p;2003
25;7692;Civic Sedan EX 2.0 Flex 16V Aut.4p;2021
25;1250;Civic Sedan EX/ EXS 1.6 Mec. 4p;1997
25;1251;Civic Sedan EX/ EXS Aut. 4p/ Del-Sol 2p;1997
25;7693;Civic Sedan EXL 2.0 Flex 16V Aut.4p;2021
25;6325;Civic Sedan EXR 2.0 Flexone 16V Aut. 4p;2016
25;4009;Civic Sedan EXS 1.8/1.8 Flex 16V Aut. 4p;2013
25;1257;Civic Sedan LX 1.5/1.6;1997
25;1262;Civic Sedan LX 1.6 16V Aut. 4p;2000
25;1263;Civic Sedan LX 1.6 16V Mec. 4p;2000
25;1264;Civic Sedan LX 1.7 16V 115cv Mec. 4p;2006
25;8779;Civic Sedan LX 2.0 Flex 16V Aut. 4p;2021
25;1265;Civic Sedan LX/LXL 1.7 16V 115cv Aut. 4p;2006
25;1266;Civic Sedan LXB 1.6 16V 4p;2000
25;1267;Civic Sedan LXB 1.7 16V 115cv;2001
25;1268;Civic Sedan LXL 1.7 16V 130cv Aut 4p;2006
25;1269;Civic Sedan LXL 1.7 16V 130cv Mec 4p;2006
25;6326;Civic Sedan LXR 2.0 Flexone 16V Aut. 4p;2016
25;4010;Civic Sedan LXS 1.8/1.8 Flex 16V Aut. 4p;2016
25;4011;Civic Sedan LXS 1.8/1.8 Flex 16V Mec. 4p;2016
25;4292;Civic Sedan Si 2.0 16V  192cv 4p;2011
25;7694;Civic Sedan SPORT 2.0 Flex 16V Aut.4p;2021
25;7695;Civic Sedan SPORT 2.0 Flex 16V Mec.4p;2019
25;7696;Civic Sedan TOURING 1.5 Turbo 16V Aut.4p;2021
25;1270;CR-V 2.0 16V Aut.;2007
25;1271;CR-V 2.0 16V Mec.;2001
25;1272;CR-V 2.4 16V 156cv Aut. 4p;2004
25;4629;CR-V EXL 2.0 16V 4WD/2.0 Flexone Aut.;2016
25;6535;CR-V EXL 2.0 Flexone 16V 2WD Aut.;2014
25;5929;CR-V LX 2.0 16V 2WD Mec.;2012
25;4630;CR-V LX 2.0 16V 2WD/2.0 Flexone Aut.;2015
25;8282;CR-V Touring 1.5 16V 4WD 5p Aut.;2021
25;6613;Fit CX 1.4 Flex 16V 5p Aut.;2014
25;6614;Fit CX 1.4 Flex 16V 5p Mec.;2014
25;5468;Fit DX 1.4 Flex 16V 5p Aut.;2012
25;5469;Fit DX 1.4 Flex 16V 5p Mec.;2014
25;6779;Fit DX 1.5 Flexone 16V 5p Aut.;2017
25;6780;Fit DX 1.5 Flexone 16V 5p Mec.;2021
25;1274;Fit EX/ S 1.5/ EX 1.5 Flex 16V 5p Mec.;2014
25;1273;Fit EX/S/EX 1.5 Flex/Flexone 16V 5p Aut.;2021
25;4800;Fit EXL 1.5 Flex 16V 5p Mec;2012
25;4799;Fit EXL 1.5 Flex/Flexone 16V 5p Aut;2021
25;1275;Fit LX 1.4/ 1.4 Flex 8V/16V 5p Aut.;2014
25;1276;Fit LX 1.4/ 1.4 Flex 8V/16V 5p Mec.;2014
25;6781;Fit LX 1.5 Flexone 16V 5p Aut.;2021
25;6782;Fit LX 1.5 Flexone 16V 5p Mec.;2017
25;1277;Fit LXL 1.4/ 1.4 Flex 8V/16V 5p Aut.;2012
25;1278;Fit LXL 1.4/ 1.4 Flex 8V/16V 5p Mec.;2012
25;8050;Fit Personal 1.5 Flexone 16V 5p Aut.;2021
25;6270;Fit Twist 1.5 Flex 16V 5p Aut.;2014
25;6271;Fit Twist 1.5 Flex 16V 5p Mec.;2014
25;7150;HR-V EX 1.8 Flexone 16V 5p Aut.;2021
25;7151;HR-V EXL 1.8 Flexone 16V 5p Aut.;2021
25;7152;HR-V LX 1.8 Flexone 16V 5p Aut.;2021
25;7153;HR-V LX 1.8 Flexone 16V 5p Mec.;2018
25;7898;HR-V Touring 1.8 Flexone 16V 5p Aut.;2018
25;1279;Odyssey EX Van Aut (6 lug.);1997
25;1280;Odyssey Van LX Aut (6 lug.);1998
25;1281;Passport EX;1995
25;1282;Passport LX;1995
25;1283;Passport PIck-Up 4x2;1995
25;1284;Prelude Coupê S 2.2;1994
25;1285;Prelude Si;1995
25;7899;WR-V EX 1.5 Flexone 16V 5p Aut.;2021
25;7900;WR-V EXL 1.5 Flexone 16V 5p Aut.;2021
25;9195;WR-V LX 1.5 Flexone 16V 5p Aut.;2021
26;1286;Accent GLS 1.5 12V/16V Aut.;2001
26;1287;Accent GLS 1.5 12V/16V Mec.;2001
26;1288;Accent GS 3p Mec.;1998
26;1289;Accent L/ LR 1.5 2/4p;1997
26;1290;Accent LS 4p;1995
26;1291;Atos Prime GL 1.0 Mec.;2001
26;1292;Atos Prime GLS 1.0 Aut.;2003
26;1293;Atos Prime GLS 1.0 Mec.;2002
26;1294;Atos Prime GLS 1.0 Semi-Aut.;2001
26;4403;AZERA GLS 3.3 V6 24V 4p Aut.;2011
26;1295;Coupe FX 2.0 Aut.;2001
26;1296;Coupe FX 2.0 Mec.;2001
26;1297;Coupe FX 2.7 V6 24V 180cv Aut.;2003
26;1298;Coupe FX 2.7 V6 24V 180cv Mec.;2003
26;8451;Creta 1 Million 1.6 16V Flex Aut.;2019
26;9589;Creta Attitude 1.6 16V Flex Aut.;2021
26;7829;Creta Attitude 1.6 16V Flex Mec.;2021
26;8895;Creta Attitude Plus 1.6 16V Flex Aut.;2020
26;8749;Creta Launch Edition 1.6 16V Flex Aut.;2020
26;9114;Creta Limited Edition 1.6 16V Flex Aut.;2021
26;7830;Creta Prestige 2.0 16V Flex Aut.;2021
26;7831;Creta Pulse 1.6 16V Flex Aut.;2018
26;7832;Creta Pulse 1.6 16V Flex Mec.;2018
26;7833;Creta Pulse 2.0 16V Flex Aut.;2018
26;8051;Creta Pulse Plus 1.6 16V Flex Aut.;2020
26;8521;Creta Smart 1.6 16V Flex Aut.;2020
26;9115;Creta Smart Plus 1.6 16V Flex Aut.;2021
26;8125;Creta Sport 2.0 16V Flex Aut.;2019
26;1299;Cupê 2.0;1998
26;7756;Elantra 2.0 16V Flex Aut.;2018
26;1300;Elantra GL;1995
26;1301;Elantra GLS 1.6;1997
26;1302;Elantra GLS 1.8 16V;1998
26;5638;Elantra GLS 1.8 16V Aut.;2013
26;5639;Elantra GLS 1.8 16V Mec.;2012
26;1303;Elantra GLS 2.0 16V Aut.;2004
26;6433;Elantra GLS 2.0 16V Flex Aut.;2016
26;1304;Elantra GLS 2.0 16V Mec.;2004
26;7757;Elantra Special Edit. 2.0 16V Flex Aut.;2018
26;1305;Elantra Wagon 1.8 16V;1998
26;6176;EQUUS 4.6 V8 32V 366cv 4p Aut.;2013
26;1306;Excel GLS;1995
26;1307;Excel GS;1995
26;1308;Excel L;1995
26;1309;Excel LS/ GL;1995
26;1310;Galloper 2.5 Luxo Turbo Diesel;1999
26;1311;Galloper 2.5 Super Luxo Turbo Diesel;1999
26;1312;Galloper 3.0 V6 Luxo;1999
26;1313;Galloper 3.0 V6 Super Luxo Aut;1999
26;1314;Galloper 3.0 V6 Super Luxo Mec;1999
26;5930;GENESIS 3.8 V6 24V 290cv 4p Aut.;2013
26;6694;Grand Santa Fé  3.3 V6 4X4 Tiptronic;2016
26;1315;H1 Starex HSV 2.4 16V 137cv  Aut.;2005
26;1316;H1 Starex HSV 2.5 Diesel;2005
26;4801;H1 Starex SVX 2.4 16V;2009
26;3957;H1 Starex SVX 2.5 TDI 100cv Diesel;2007
26;1317;H1 Starex SVX 2.6 85cv Diesel;2006
26;1318;H100 DLX Furgão Diesel;2002
26;1319;H100 DLX/ Panel Diesel;1999
26;1320;H100 GL Diesel;2004
26;1321;H100 GL Furgão Extra-Longo Diesel;2003
26;1322;H100 GLS Diesel;2004
26;1323;H100 GS (12 lugares);1998
26;1324;H100 GS Diesel (12 lugares);1999
26;1325;H100 Porter Truck Diesel;1996
26;1326;H100 SPR Diesel (15 lugares);2000
26;1327;H100 Top Diesel;2001
26;8452;HB20 1 Million 1.6 Flex 16V Aut.;2019
26;8011;HB20 5 Anos 1.0 Flex 12V Mec.;2018
26;8012;HB20 5 Anos 1.6 Flex 16V Aut.;2018
26;6207;HB20 C./C.Plus/C.Style 1.6 Flex 16V Mec.;2019
26;6206;HB20 C.Style/C.Plus 1.6 Flex 16V Aut.;2019
26;6205;HB20 Comf./C.Plus/C.Style 1.0 Flex 12V;2019
26;7546;HB20 Comfort Plus 1.0 TB Flex 12V Mec.;2019
26;7547;HB20 Comfort Style 1.0 TB Flex 12V Mec.;2017
26;6739;HB20 Copa do Mundo 1.0 Flex 12V Mec.;2019
26;6741;HB20 Copa do Mundo 1.6 Flex 16V Aut.;2019
26;6740;HB20 Copa do Mundo 1.6 Flex 16V Mec.;2015
26;8849;HB20 Diamond 1.0 TB Flex 12V Aut.;2022
26;8850;HB20 Diamond Plus 1.0 TB Flex 12V Aut.;2022
26;9472;HB20 Evol. Bluelink 1.0 TB Flex 12V Aut.;2022
26;8851;HB20 Evolution 1.0 Flex 12V Mec.;2022
26;8852;HB20 Evolution 1.0 TB Flex 12V Aut.;2022
26;9473;HB20 Evolution Bluelink 1.0 Flex 12V Mec;2022
26;6959;HB20 For You 1.0 Flex 12V 5p;2015
26;8853;HB20 Launch Edition 1.6 Flex 16V Aut.;2020
26;7697;HB20 Ocean 1.0 Flex 12V 5p Mec.;2017
26;7698;HB20 Ocean 1.6 Flex 16V 5p Aut.;2017
26;7699;HB20 Ocean 1.6 Flex 16V 5p Mec.;2017
26;9618;HB20 Platinum 1.0 TB Flex 12V Mec.;2022
26;6208;HB20 Premium 1.6 Flex 16V Aut.;2019
26;6209;HB20 Premium 1.6 Flex 16V Mec.;2015
26;7480;HB20 R spec 1.6 Flex 16V Aut.;2019
26;7481;HB20 R spec 1.6 Flex 16V Mec.;2017
26;8178;HB20 R spec Limited 1.6 flex 16V Aut.;2018
26;7154;HB20 Spicy 1.0 Flex 12V Mec.;2015
26;7155;HB20 Spicy 1.6 Flex 16V Aut.;2015
26;7156;HB20 Spicy 1.6 Flex 16V Mec.;2015
26;9008;HB20 Sport 1.0 TB Flex 12V Aut.;2022
26;8317;HB20 Unique 1.0 Flex 12V Mec.;2019
26;8855;HB20 Vision 1.0 Flex 12V Mec.;2022
26;9794;HB20 Vision 1.0 TB Flex 12V Aut.;2022
26;8856;HB20 Vision 1.6 Flex 16V Aut;2022
26;8857;HB20 Vision 1.6 Flex 16V Mec.;2022
26;9474;HB20 Vision Bluelink 1.6 Flex 16V Aut.;2022
26;9475;HB20 Vision Bluelink 1.6 Flex 16V Mec.;2022
26;7260;HB20S  Impress 1.6 Flex 16V Aut.;2015
26;7261;HB20S  Impress 1.6 Flex 16v Mec.;2015
26;8453;HB20S 1 Million 1.6 Flex 16V Aut. 4p;2019
26;8013;HB20S 5 Anos 1.0 Flex 12V Mec.;2018
26;8014;HB20S 5 Anos 1.6 Flex 16V Aut.;2018
26;6436;HB20S C.Plus/C.Style 1.6 Flex 16V Mec.4p;2019
26;6434;HB20S C.Plus/C.Style1.0 Flex 12V Mec. 4P;2019
26;6435;HB20S C.Style/C.Plus1.6 Flex 16V Aut. 4p;2019
26;7548;HB20S Comfort Plus 1.0 TB Flex 12V Mec.;2019
26;7549;HB20S Comfort Style 1.0 TB Flex 12V Mec.;2017
26;6742;HB20S Copa do Mundo 1.0 Flex 12V Mec.;2019
26;6744;HB20S Copa do Mundo 1.6 Flex 16V Aut.;2019
26;6743;HB20S Copa do Mundo 1.6 Flex 16V Mec.;2015
26;8896;HB20S Diamond 1.0 TB Flex 12V Aut.;2022
26;8897;HB20S Diamond Plus 1.0 TB Flex 12V Aut.;2021
26;9477;HB20S Evol. Bluelink 1.0 TB Flex 12V Aut;2022
26;8898;HB20S Evolution 1.0 Flex 12V Mec.;2022
26;8899;HB20S Evolution 1.0 TB Flex 12V Aut.;2022
26;9620;HB20S For You 1.0 Flex 12V 4p;2015
26;7700;HB20S Ocean 1.6 Flex 16v 4p Aut.;2017
26;7701;HB20S Ocean 1.6 Flex 16V 4p Mec.;2017
26;6437;HB20S Premium 1.6 Flex 16V Aut. 4p;2019
26;6438;HB20S Premium 1.6 Flex 16V Mec. 4p;2016
26;8240;HB20S Style 1.6 Flex 16V Aut.;2019
26;8475;HB20S Unique 1.0 Flex 12V Mec.;2019
26;8859;HB20S Vision 1.6 Flex 16V Aut.;2022
26;8900;HB20S Vision 1.6 Flex 16V Mec.;2022
26;9478;HB20S Vision Bluelink 1.6 Flex 16V Aut.;2022
26;9479;HB20S Vision Bluelink 1.6 Flex 16V Mec.;2022
26;8951;HB20X Diamond 1.6 Flex 16V Aut.;2022
26;8952;HB20X Diamond Plus 1.6 Flex 16V Aut.;2022
26;9480;HB20X Evol. Bluelink 1.6 Flex 16V Aut.;2022
26;8953;HB20X Evolution 1.6 Flex 16V Aut.;2022
26;6352;HB20X Premium 1.6 Flex 16V Aut.;2019
26;6353;HB20X Premium 1.6 Flex 16V Mec.;2014
26;6354;HB20X Style 1.6 Flex 16V Aut.;2019
26;6355;HB20X Style 1.6 Flex 16v Mec.;2019
26;8954;HB20X Vision 1.6 Flex 16V Aut.;2022
26;8955;HB20X Vision 1.6 Flex 16V Mec.;2022
26;6356;i30 1.6 16V Flex 5p Aut.;2014
26;6695;i30 1.8 16V Aut. 5p;2016
26;4925;i30 2.0 16V 145cv 5p Aut.;2012
26;5071;i30 2.0 16V 145cv 5p Mec.;2012
26;7346;i30 Serie Limitada 1.8 16V Aut. 5p;2015
26;5303;i30cw 2.0 16V 145cv Aut. 5p;2012
26;5304;i30cw 2.0 16V 145cv Mec. 5p;2012
26;5280;ix35 2.0 16V 170cv 2WD/4WD Aut.;2013
26;5279;ix35 2.0 16V 170cv 2WD/4WD Mec.;2012
26;7858;ix35 2.0 16V 2WD Flex Aut.;2021
26;5932;ix35 2.0 16V 2WD Flex Mec.;2014
26;7347;ix35 2.0 Launching Edition 16V Flex Aut.;2016
26;5931;ix35 GLS 2.0 16V 2WD Flex Aut.;2021
26;1329;Matrix GLS 1.8 16V 123cv Aut.;2004
26;1330;Matrix GLS 1.8 16V 123cv Mec.;2004
26;1331;Porter GL 4x2 Curto/Longo Diesel;2003
26;1332;Porter GLS CD 4x2 2.6 8V Diesel;2003
26;8860;Santa Fe 3.5 V6 4X4 Aut.;2020
26;5727;Santa Fe GLS 2.4 Tiptronic;2012
26;1333;Santa Fe GLS 2.7 V6 4x4TipTronic;2011
26;5212;Santa Fe GLS 3.5 V6 4x4 Tiptronic;2013
26;6439;Santa Fe/GLS 3.3 V6 4X4 Tiptronic;2019
26;1335;Sonata GL 2.0 4p;1998
26;1336;Sonata GLS 2.0 4p;1995
26;1337;Sonata GLS 2.5 Aut.;2001
26;1338;Sonata GLS 2.7 V6 24V 179cv 4p Aut.;2003
26;1339;Sonata GLS 3.0 4p Aut.;1998
26;3890;Sonata GLS 3.3 V6 24V 235cv 4p Aut.;2008
26;1340;Terracan 2.5 8V 100cv TB Diesel Aut.;2006
26;1341;Terracan 2.5 8V 100cv TB Diesel Mec.;2006
26;1342;Terracan 2.9 CRDI 8V 163cv Diesel Aut.;2006
26;1343;Trajet GLS 2.7 V6 24v 179cv Aut.;2001
26;1344;Tucson 2.0 16V Aut.;2013
26;6327;Tucson 2.0 16V Flex Aut.;2019
26;6696;Tucson 2.0 16V Flex Mec.;2014
26;1345;Tucson 2.0 16V Mec.;2014
26;1346;Tucson 2.0 CRDi 16V 112cv Diesel Aut.;2005
26;1347;Tucson 2.7 MPFI 24V 175cv Aut.;2010
26;7834;Tucson Ed. Especial 1.6 Turbo 16V Aut.;2017
26;7835;Tucson GL 1.6 Turbo 16V Aut.;2019
26;5640;Veloster 1.6 16V  140cv Aut.;2013
26;4384;VERACRUZ GLS 3.8 4WD Aut.;2012
27;1348;Amigo 2.3 4x2/4x4;1994
27;1349;Hombre 2 WD XS 2.2;1998
27;1350;Rodeo 3.2 V6;1995
208;9691;DAILY CH. 65-170 CD Curto 3.0 (Diesel);2020
208;9693;DAILY CHASSI 35-150 Curto 3.0 (Diesel);2022
208;9694;DAILY CHASSI 35-150 Longo 3.0 (Diesel);2022
208;9702;DAILY CHASSI 65-170 Curto 3.0 (Diesel);2020
208;9705;DAILY CITY 30S13 Chassi 2p (Diesel);2022
208;9706;DAILY CITY 30S13 Furgão 2p (Diesel);2021
208;9707;DAILY CITY 30S13 Gran Furgone (Diesel);2020
208;9708;DAILY CITY CH. 30-130 Longo 2.3 (Diesel);2022
208;9709;DAILY FURGÃO 30-130 2.3 10,8m³ (Diesel);2022
208;9710;DAILY FURGÃO 30-130 2.3 12m³ (Diesel) ;2022
208;9711;DAILY FURGÃO 30-130 2.3 7,3m³ (Diesel);2022
208;9712;DAILY FURGÃO 30-130 2.3 9m³ (Diesel);2022
177;8694;iEV 40 115cv 5p. (Elétrico);2022
177;6272;J2 1.4 16V 5p Mec.;2014
177;7100;J2 1.4 JET Flex 16V 5p Mec;2016
177;5498;J3 1.4 16V 5p Mec.;2015
177;5698;J3 Brasil 1.4 16V 5p Mec.;2012
177;6384;J3 S 1.5 JET Flex 16V VVT 5p;2015
177;6749;J3 S turin 1.5 JET Flex 16V 4p Mec.;2015
177;5499;J3 turin Sedan 1.4 16V 4p Mec.;2015
177;5699;J3 turin Sedan Brasil 1.4 16V 4p Mec.;2012
177;5933;J5 Sedan 1.5 16V 4p Mec.;2016
177;5579;J6 2.0 16V 5p Mec.;2014
177;7101;J6 2.0 JET Flex 5p Mec.;2016
177;6440;T 140 2.8 2p (diesel);2014
177;7972;T40 1.5 JET Flex 16V 5p Mec.;2020
177;8283;T40 1.6 16V 5p Aut.;2020
177;7794;T5 1.5 JET Flex 16V 5p Aut.;2019
177;7482;T5 1.5 JET Flex 16V 5p Mec.;2018
177;8477;T50 1.6 16V 5p Aut.;2021
177;7102;T6 2.0 JET Flex 5p Mec.;2016
177;8957;T60 1.5 Turbo 16V Aut.;2021
177;6713;T8 2.0 16V 5p Mec.;2018
177;8575;T80 2.0 Turbo 16V 5p Aut.;2020
28;1351;Daimler LWB 4.0;2000
28;8284;E-Pace 2.0 AWD 249cv Aut/Flex;2020
28;8285;E-Pace FIRST EDITION 2.0 AWD 249cv Aut.;2018
28;8405;E-Pace R-Dynamic HSE 2.0 AWD 300cv Aut.;2018
28;8287;E-Pace R-Dynamic SE 2.0 AWD 300cv Aut.;2020
28;8835;E-Pace S 2.0 AWD 249cv Flex Aut.;2020
28;7662;F-Pace 2.0 Prestige 180cv Diesel Aut.;2020
28;8126;F-Pace 2.0 Prestige 250cv Aut.;2020
28;8127;F-Pace 2.0 R-Sport 250cv Aut.;2020
28;7663;F-Pace 3.0 FIRST EDITION 380cv Aut.;2017
28;7664;F-Pace 3.0 R-Sport 340cv Aut.;2017
28;7665;F-Pace 3.0 S 380cv Aut.;2020
28;9739;F-Type 2.0 R-Dyn.Black Cabriolet Ed.Esp.;2022
28;8456;F-Type 3.0 R-Dynamic Cabrio. 380cv Aut.;2021
28;8457;F-Type 3.0 R-Dynamic Coupe 380cv Aut.;2021
28;7429;F-Type R AWD Supercharged Coupe 5.0 V8;2017
28;6888;F-Type R Supercharged Coupe 5.0 V8;2015
28;6588;F-Type S Supercharged Conversivel 3.0 V6;2017
28;6589;F-Type S Supercharged Conversivel 5.0 V8;2015
28;6889;F-Type S Supercharged Coupe 3.0 V6;2017
28;6590;F-Type Supercharged Conversivel 3.0 V6;2015
28;6890;F-Type Supercharged Coupe 3.0 V6;2017
28;8318;F-Type SVR AWD Supercharged Coupe 5.0 V8;2020
28;1352;S-Type 3.0/ 3.0 SE V6;2008
28;1353;S-Type 4.2/4.2 SE/4.0 V8 32V;2008
28;1354;S-Type R 4.2 V8 32V 400cv;2008
28;8712;XE 2.0 Turbocharged Edition Aut.;2019
28;7348;XE 2.0 Turbocharged Pure 240cv Aut.;2017
28;7349;XE 2.0 Turbocharged R-Sport Aut.;2019
28;7350;XE 3.0 Supercharged S 380cv Aut.;2019
28;7506;XF 2.0 GTDi Prestige 16V Aut.;2018
28;7071;XF 2.0 GTDI SPORT LUXURY 240cv Aut.;2015
28;7072;XF 2.0 GTDI SPORT PREMIUM TECH 240cv Aut;2015
28;7592;XF 2.0 R-SPORT  Aut.;2020
28;6465;XF 2.0 Turbo 16V 240cv Aut.;2015
28;8406;XF 2.0 Turbocharged Pure 250cv Aut.;2018
28;6536;XF 3.0 Portfolio Supercharged V6 Aut.;2015
28;7593;XF 3.0 S V6 380cv Aut.;2018
28;4704;XF 3.0 V6 24V 240cv Aut.;2012
28;4705;XF 4.2 V8 32V 300cv Aut.;2010
28;5305;XF 5.0 32V V8 385cv Aut.;2012
28;4706;XF SV8 4.2 V8 32V 420cv Aut.;2009
28;5130;XFR Supercharged 5.0 V8 510cv Aut.;2015
28;6750;XFR-S Supercharged 5.0 V8 550cv Aut.;2015
28;6751;XJ 2.0 Turbo 16V 240cv Aut.;2014
28;6752;XJ 3.0 Portfolio Supercharged V6 Aut.;2017
28;7795;XJ 3.0 R-Sport Supercharged V6 Aut.;2019
28;5453;XJ S.Sport Supercharged 5.0 V8 32V Aut.;2015
28;1355;XJ Super 4.2 V8 32V 400cv 4p;2009
28;1356;XJ-12;1997
28;1357;XJ-12 Conv.;1995
28;1358;XJ-6;1997
28;1359;XJ-8 Daimler;2000
28;1360;XJ-8 Executive/ Centenary 4.0;2000
28;1361;XJ-8 Executive/ SE 4.2 V8 32V 300cv 4p;2009
28;1362;XJ-8 Sovereign LWB 4.0;1999
28;1363;XJR 4.2 V8 32V 400cv 4p;2009
28;1364;XJS 4.0 24V;1995
28;1365;XJS-C 6.0 V12;1995
28;1366;XK-8 BR Conversível / XK-8 Conversível;2010
28;1367;XK-8 BR Coupe/ XK-8 Coupe;2010
28;4437;XKR Conversível 4.2/5.0 32V;2012
28;4438;XKR Coupe  4.2/5.0 32V;2015
28;6753;XKR-S Coupe Supercharged 5.0 32V;2015
28;1368;X-Type ESTATE 3.0 24V 230cv;2009
28;1369;X-Type SE 2.5 V6 194cv;2009
28;1370;X-Type SE 3.0 V6 231cv;2009
29;1371;Cherokee Country 4.0 V6 4x4;1994
29;6961;Cherokee Limited 3.2 4x4 V6 Aut.;2015
29;5248;Cherokee Limited 3.7 4x4 V6 12V Aut.;2012
29;7137;Cherokee Longitude 3.2 4x4 V6 Aut.;2015
29;1372;Cherokee Rubicon 4.0 V6 4x4;1998
29;1373;Cherokee Sport  4.0 Mec./Aut.;2001
29;1374;Cherokee Sport 2.5 4x4 Diesel;2001
29;1375;Cherokee Sport 3.7 4x4 V6 12V Aut.;2012
29;7185;Cherokee Trailhawk 3.2 4x4 V6 Aut.;2015
29;4139;Commander Limited 5.7 326cv 5p;2006
29;7758;COMPASS LIMITED 2.0 4x2 Flex 16V Aut.;2021
29;8039;COMPASS LIMITED 2.0 4x4 Diesel 16V Aut.;2021
29;7759;COMPASS LONGITUDE 2.0 4x2 Flex 16V Aut.;2021
29;7760;COMPASS LONGITUDE 2.0 4x4 Dies. 16V Aut.;2021
29;8128;COMPASS Night Eagle 2.0 4x2 Flex 16V Aut;2018
29;8129;COMPASS Night Eagle 2.0 4x4 TB Dies. Aut;2018
29;8663;COMPASS S 2.0 4x4 TB 16V Diesel Aut.;2021
29;5743;COMPASS SPORT 2.0 16V 156cv 5p;2015
29;7761;COMPASS SPORT 2.0 4x2 Flex 16V Aut.;2021
29;8053;COMPASS SPORT 2.0 4x4 flex 16V Aut.;2018
29;7762;COMPASS TRAILHAWK 2.0 4x4 Dies. 16V Aut.;2021
29;1376;Grand Cherokee Laredo 2.7 I-5 TB Dies.;2004
29;1377;Grand Cherokee Laredo 3.1 TB Diesel Aut;2001
29;5454;Grand Cherokee Laredo 3.6 4x4 V6 Aut.;2015
29;1378;Grand Cherokee Laredo 4.0 Aut.;2001
29;7883;Grand Cherokee Lim. 75 anos 3.6 4x4 Aut.;2016
29;1379;Grand Cherokee Limit.4.7 Quad.Drive Aut.;2001
29;5455;Grand Cherokee Limited 3.6 4x4 V6 Aut.;2018
29;9303;Grand Cherokee Limited 4.7 Aut.;2009
29;1381;Grand Cherokee Limited 5.2 Aut.;2000
29;3891;Grand Cherokee Limited 5.7 326cv;2006
29;1382;Grand Cherokee Limited LX 5.9;1999
29;1383;Grand Cherokee Nova Limited 4.7;2000
29;4200;Grand Cherokee Overland 5.7 326cv;2009
29;4190;Grand Cherokee SRT8 6.1 V8 16V 432cv Aut;2010
29;7306;Renegade 1.8 4x2 Flex 16V Mec.;2018
29;7702;Renegade 75 Anos 1.8 4X2 Flex 16V Aut.;2017
29;7703;Renegade 75 Anos 2.0 4X4 TB Diesel Aut.;2017
29;8054;Renegade Custom 1.8 4x2 Flex 16V Mec.;2018
29;8055;Renegade Custom 2.0 4x4 TB Diesel Aut.;2018
29;7507;Renegade Lim. Edit. 1.8 4x2 Flex 16V Aut;2017
29;8056;Renegade Limited 1.8 4x2 Flex 16V Aut.;2021
29;8057;Renegade Limited 2.0 4x4 TB Diesel Aut.;2018
29;7186;Renegade Longitude 1.8 4x2 Flex 16V Aut.;2021
29;7187;Renegade Longitude 2.0 4x4 TB Diesel Aut;2021
29;9165;Renegade Moab 2.0 4x4 TB Diesel Aut.;2021
29;8058;Renegade Night Eagle 1.8 4x2  Flex Aut.;2018
29;8059;Renegade Night Eagle 2.0 4x4 TB Die. Aut;2018
29;7188;Renegade Sport 1.8 4x2 Flex 16V Aut.;2021
29;7189;Renegade Sport 1.8 4x2 Flex 16V Mec.;2019
29;7190;Renegade Sport 2.0 4x4 TB Diesel Aut.;2017
29;8903;Renegade STD 1.8 4x2 Flex 16v Aut.;2021
29;7191;Renegade Trailhawk 2.0 4x4 TB Diesel Aut;2021
29;8664;Renegade Willys 2.0 4x4 TB Diesel Aut.;2019
29;9560;Renegade1.8 4x2 Flex 16V Aut.;2021
29;1384;Wrangler 4.0/Sport 4.0;2001
29;5728;Wrangler SAHARA 3.8 V6 199cv 2p;2011
29;5897;Wrangler Sport 3.6 V6 284cv 2p;2018
29;4439;Wrangler Sport 3.8 V6 199cv;2011
29;7763;Wrangler Unlimited 75 Anos 3.6 V6 284cv;2016
29;9534;Wrangler Unlimited 80 Anos 2.0 TB 4p ;2021
29;8319;Wrangler Unlimited SAHARA 3.6 V6 4p;2018
29;5729;Wrangler Unlimited SAHARA 3.8 V6  4p;2011
29;5898;Wrangler Unlimited Sport 3.6 V6 284cv 4p;2017
29;5306;Wrangler Unlimited Sport 3.8 V6 199cv;2011
154;4851;TOPIC ESCOLAR L 2.2 8V/ 2.0 16V 4p;2015
154;4852;TOPIC ESCOLAR SL 2.2 8V/ 2.0 16V 4p;2015
154;4853;TOPIC FURGAO L 2.2 8V/ 2.0 16V 4p;2012
154;4854;TOPIC VAN L 2.2 8V/ 2.0 16V 4p;2015
154;6108;TOPIC VAN Lon./GRAN TOPIC SL;2015
154;4855;TOPIC VAN SL 2.2 8V/ 2.0 16V 4p;2015
154;5470;TOPIC VAN STD 2.0 16V 4p;2015
154;7666;VKN VAN 2.0 16V 4p;2016
30;1385;Jipe Montez 4x4 CD Teto de Lona Diesel;2001
30;1386;Jipe Montez 4x4 CD Teto Rígido Diesel;2001
30;1387;Jipe Montez Std 4x4 Teto de Lona Diesel;2001
30;1388;Jipe Montez Std 4x4 Teto Rígido Diesel;2001
30;1389;Picape Montez 1.9 4x4 Diesel;2001
31;1390;Besta EST 2.7 Diesel (10/12lug.);1999
31;1391;Besta EST Full 2.7 Diesel (10/12lug.);1998
31;1392;Besta Furgão 2.2 Diesel;1998
31;1393;Besta Furgão 2.7 Diesel;2005
31;1394;Besta Furgão Grand 3.0 Diesel;2005
31;1395;Besta GS 2.7 8V 12L Diesel;2005
31;1396;Besta GS Full 2.7 Diesel;2002
31;1397;Besta GS Grand 3.0 8V 16L Diesel;2005
31;1398;Besta ST 2.2 Diesel (12lug.);1998
31;1399;Bongo K-2400 2.4 Diesel;1997
31;1400;Bongo K-2700 2.7 4x2/4x4 Diesel;2012
31;4140;Bongo K-2700 2.7 4x4 Basculante Diesel;2008
31;1401;Bongo K-2700 2.7 4x4 CD Diesel;2012
31;1402;Bongo K-3500/K-3600/110 3.6 Diesel;1999
31;5417;CADENZA EX 3.5 V6 24V Aut.;2017
31;4684;Carens EX 2.0 16V  Aut.;2013
31;1403;Carens LS 1.8 16V 130cv Aut.;2001
31;1404;Carens LS 1.8 16V 130cv Mec.;2001
31;1405;Carnival 2.5 V6;2006
31;4119;Carnival EX 3.8 V6 24V 242cv Aut.;2011
31;1406;Carnival GS 2.9 TDI 16V 125cv Diesel;2005
31;6441;Cerato 1.6 16 V Flex Mec.;2014
31;6442;Cerato 1.6 16V  Flex  Aut.;2019
31;4440;Cerato 1.6 16V Aut.;2013
31;3936;Cerato 1.6 16V Mec.;2013
31;3937;Cerato 2.0 16V Aut.;2006
31;5581;Cerato KOUP 2.0 16V Aut.;2013
31;1407;Ceres Pick-Up 2.2 Diesel;1996
31;1408;Clarus GLX 2.0 16V Aut.;2000
31;1409;Clarus GLX 2.0 16V Mec;2000
31;1410;Clarus Wagon GLX 2.0 16V Aut.;2000
31;1411;Clarus Wagon GLX 2.0 16V Mec.;2000
31;7351;Grand Carnival EX 3.3 V6 24V 270cv Aut.;2021
31;4121;Magentis EX 2.0 16V Aut.;2011
31;4425;Magentis LX 2.0 16V Aut;2007
31;4891;MOHAVE EX 3.0 V6 24V 256cv TB Dies. Aut.;2017
31;4863;MOHAVE EX 3.8 V6 24V 275cv 4x4 Aut.;2013
31;4999;MOHAVE EX 4.6 V8 32V 340cv 4x4 Aut.;2012
31;1412;Opirus GL 3.5 V6 24V 202cv Aut.;2007
31;4441;Opirus GL 3.8 V6 24V 267cv Aut.;2009
31;6891;OPTIMA 2.0 16V 165cv Aut.;2016
31;5934;OPTIMA 2.4 16V 180cv Aut.;2014
31;4141;Picanto EX 1.1/1.0/ 1.0 Flex Aut.;2017
31;4142;Picanto EX 1.1/1.0/ 1.0 Flex Mec.;2017
31;8213;Picanto GT 1.0 12V Flex Aut.;2018
31;7073;QUORIS EX 3.8 V6 24V 294cv Aut.;2016
31;8990;RIO EX 1.6 Flex Aut.;2021
31;8991;RIO LX 1.6 Flex Aut.;2020
31;1413;Sephia GTX 1.5 16V;1998
31;1414;Sephia GTX 1.6;1995
31;1415;Sephia LS 1.5 16V Aut.;2001
31;1416;Sephia LS 1.5 16V Mec.;2000
31;1417;Sephia SLX;1995
31;1418;Shuma LS 1.5 16V Aut.;2000
31;1419;Shuma LS 1.5 16V Mec.;2000
31;5249;Sorento 2.4 16V 4x2 Aut.;2020
31;5250;Sorento 2.4 16V 4x4 Aut.;2020
31;7352;Sorento 3.3 V6 24V 270cv 4x2 Aut.;2018
31;5251;Sorento 3.5 V6 24V 4x2 Aut.;2019
31;5252;Sorento 3.5 V6 24V 4x4 Aut.;2020
31;1420;Sorento EX 2.5 140/170cv 4x4 Aut.Diesel;2009
31;3970;Sorento EX 2.5 16V 4x4 Mec. Diesel;2009
31;1421;Sorento EX 3.5 V6 24V 197cv 4x4 Aut.;2006
31;4293;Sorento EX 3.8 V6 24V 267cv 4x4 Aut.;2009
31;1422;Sorento LX 2.5 16V 140cv 4x4 Aut. Diesel;2006
31;1423;Sorento LX 2.5 16V 140cv 4x4 Mec. Diesel;2006
31;4977;SOUL 1.6/ 1.6 16V FLEX Aut.;2019
31;4978;SOUL 1.6/ 1.6 16V FLEX Mec.;2014
31;1424;Sportage 2.0 16V Aut.;2000
31;1425;Sportage 2.0 8V TB-IC Diesel;2003
31;1426;Sportage DLX 2.0 16V Aut.;2001
31;1427;Sportage DLX 2.0 16V Mec.;2001
31;1428;Sportage DLX 2.2 Diesel Mec;1999
31;4477;Sportage EX 2.0 16V Mec.;2012
31;1429;Sportage EX 2.7 V6 4x4 Aut.;2010
31;1430;Sportage Grand 2.0 16V Aut.;2001
31;1431;Sportage Grand 2.0 16V Mec.;2001
31;1432;Sportage Grand 2.0 8V TB-IC Diesel;2003
31;1433;Sportage GTE 2.2 4x4 Diesel;1996
31;1434;Sportage LX 2.0 16V 142cv 5p;2010
31;5419;Sportage LX 2.0 16V/ 2.0 16V Flex  Aut.;2021
31;5420;Sportage LX 2.0 16V/ 2.0 16V Flex Mec.;2014
31;1435;Sportage Targa 2.0 16V;1999
31;8496;Stinger GT 3.3 V6 Bi-Turbo 370cv Aut.;2020
32;1436;Laika 1.5;1992
32;1437;Laika 1.6;1995
32;1438;Laika SW 5p;1995
32;1439;Niva 1.6 RC/ Pantanal 4x4;1996
32;1440;Niva 1.6/ CD 4x4;1995
32;1441;Niva 1.7i 4x4;2000
32;1442;Samara 1.3/ 1.5;1995
171;9521;AVENTADOR 770-4 SVJ ROADSTER V12;2021
171;6110;AVENTADOR LP 700-4;2017
171;6922;AVENTADOR LP 700-4 ROADSTER;2017
171;8083;AVENTADOR S LP 740-4;2019
171;8750;AVENTADOR S LP 740-4 ROADSTER;2019
171;6112;Gallardo Coupe LP550-2 Bicolore;2013
171;5375;Gallardo Coupe LP560-4;2013
171;6114;Gallardo Coupe LP570-4 Sup.Trof.Stradale;2013
171;5376;Gallardo Coupe Superleggera LP570-4;2013
171;5377;Gallardo Coupe Valentino Balboni LP550-2;2011
171;5378;Gallardo Spyder LP560-4;2013
171;5744;Gallardo Spyder Performante LP570-4;2014
171;7138;HURACAN Coupe LP 610-4;2017
171;8458;HURACAN Coupe Performante LP 640-4;2019
171;8084;HURACAN Coupe RWD LP 580-2;2019
171;7884;HURACAN Spyder LP 610-4;2018
33;9137;Defender 110 2.0 Turbo S Si4 Aut.;2020
33;4532;Defender 110 2.4 122cv T.Diesel;2011
33;1443;Defender 110 2.5 HCPU TDi CS Diesel;2006
33;1444;Defender 110 2.5 TDi County Pers. Diesel;1998
33;1445;Defender 110 2.5 TDi Hard Top Diesel;1998
33;1446;Defender 110 2.5 TDi High Capacity Dies.;1998
33;1447;Defender 110 2.5 TDi Personel Diesel;1998
33;5072;Defender 110 LE FIRE & ICE 2.4 T. Diesel;2010
33;5555;Defender 110 RAW 2.4 122cv T. Diesel;2011
33;4811;Defender 110 SVX Lim.Edit. 2.4 T.Diesel;2009
33;3971;Defender 110 TD5 2.5 4x4 Diesel;2006
33;1448;Defender 110 TDI County SW Diesel;2006
33;1449;Defender 110 TDI SW Diesel;2006
33;1450;Defender 130 Chassis CD Diesel;1998
33;1451;Defender 130 High CAP Diesel;1998
33;1452;Defender 130 TDI CD Diesel;2011
33;4533;Defender 90 2.4 122cv T.Diesel;2011
33;1453;Defender 90 2.5 TDi CS Diesel;1996
33;5073;Defender 90 LE FIRE & ICE 2.4 T. Diesel;2010
33;5556;Defender 90 RAW 2.4 122cv T.Diesel;2011
33;1454;Defender 90 Soft Top Diesel;2002
33;4812;Defender 90 SVX Lim.Edit. 2.4 T.Diesel;2009
33;1455;Defender 90 TDI CSW Diesel;2005
33;1456;Defender 90 TDI Hard Top Diesel;1999
33;1457;Defender 90 TDI SW Diesel;2004
33;8241;Discov. Sp. HSE 2.0 TB 240cv Die. Aut;2019
33;1458;Discovery ES 3.9 V8;2000
33;1459;Discovery ES 4.0 V8 Aut.;2004
33;1460;Discovery ES TD5 2.5 4x4 4p Diesel Aut.;2004
33;1461;Discovery ES TD5 2.5 4x4 4p Diesel Mec.;2003
33;8015;Discovery First Ed. 3.0 TD6 4x4 Die. Aut;2017
33;8408;Discovery HSE 3.0 V6 4x4 Aut.;2018
33;7973;Discovery HSE 3.0 V6 4x4 TD6 Diesel Aut.;2020
33;8016;Discovery HSE Lux. 3.0 TD6 4x4 Die. Aut.;2020
33;8409;Discovery HSE Lux. 3.0 V6 4x4 Aut.;2018
33;7286;Discovery RAW 3.0 4x4 TDV6 Diesel Aut.;2015
33;8410;Discovery S 3.0 V6 4x4 Aut.;2018
33;8411;Discovery S 3.0 V6 4x4 TD6 Diesel Aut.;2018
33;8412;Discovery SE 3.0 V6 4x4 Aut.;2018
33;8017;Discovery SE 3.0 V6 4x4 TD6  Diesel Aut.;2020
33;7550;Discovery Sport BLACK 2.2 4x4 Dies. Aut.;2016
33;7192;Discovery Sport HSE 2.0 4x4 Aut/ Flex;2019
33;7796;Discovery Sport HSE 2.0 4x4 Diesel Aut.;2019
33;7392;Discovery Sport HSE 2.2 4x4 Diesel Aut.;2017
33;7925;Discovery Sport HSE L. 2.0 4x4 Die. Aut.;2017
33;7457;Discovery Sport HSE L. 2.2 4x4 Die. Aut.;2017
33;7193;Discovery Sport HSE Lux. 2.0 4x4 /Flex;2019
33;8631;Discovery Sport Landmark 2.0 4x4 Diesel;2019
33;7393;Discovery Sport SE 2.2 4x4 Diesel Aut.;2016
33;1462;Discovery TDI 2.5 Diesel;2000
33;1463;Discovery3 HSE 2.7 4x4 TDI Diesel Aut.;2009
33;1464;Discovery3 HSE 4.4 V8 4x4 299cv Aut.;2009
33;1465;Discovery3 S 2.7 4x4 TDI Diesel Aut.;2009
33;4201;Discovery3 S 4.0 V6 4x4 215cv Aut.;2009
33;4417;Discovery3 SE 2.7 4x4 TDI Diesel Aut.;2009
33;1466;Discovery3 SE 4.0 V6 4x4 215cv Aut.;2006
33;5624;Discovery4 B&W 3.0 4x4 TDV6 Diesel Aut.;2011
33;7353;Discovery4 BLACK 3.0 4x4 SDV6 Dies. Aut.;2016
33;7704;Discovery4 GRAPHITE 3.0 4x4 SDV6 Die.Aut;2016
33;5141;Discovery4 HSE 2.7 4x4 TDV6 Diesel Aut.;2010
33;5142;Discovery4 HSE 3.0 4x4 TDV6/SDV6 Die.Aut;2016
33;5143;Discovery4 HSE 5.0 4x4 Aut.;2013
33;5131;Discovery4 S 2.7 4x4 TDV6 Diesel Aut.;2011
33;5899;Discovery4 S 3.0 4X4 TDV6 Diesel Aut.;2016
33;5109;Discovery4 SE 2.7 4x4 TDV6 Diesel Aut.;2010
33;5144;Discovery4 SE 3.0 4x4 TDV6/SDV6 Die.Aut.;2016
33;1467;Freelander 1.8 16v;2000
33;1468;Freelander HSE 2.5 V6 24V 177cv 5p;2006
33;3823;Freelander HSE3 2.5 V6 24V 177cv 3p;2005
33;1469;Freelander S/ SE 2.5 V6 24V 177cv 5p;2005
33;1470;Freelander SE3 2.5 V6 24V 177cv 3p;2005
33;6177;Freelander2 Dynamique 2.2 SD4 T. Diesel;2014
33;5557;Freelander2 HSE 2.2 SD4 190cv T.Diesel;2015
33;4303;Freelander2 I6 HSE 3.2 232cv Aut. 5p;2012
33;5537;Freelander2 I6 LE Sport 3.2 232cv Aut. 5;2011
33;4304;Freelander2 I6 S 3.2 232cv Aut. 5p;2012
33;5379;Freelander2 I6 S Sport 3.2 232cv Aut. 5p;2011
33;4305;Freelander2 I6 SE 3.2 232cv Aut. 5p;2012
33;5558;Freelander2 S 2.2 SD4 190cv T.Diesel;2015
33;5559;Freelander2 SE 2.2 SD4 190cv T.Diesel;2015
33;6385;Freelander2 Si4 Dyn. 2.0 240cv Aut. 5p;2013
33;6386;Freelander2 Si4 HSE 2.0 240cv Aut. 5p;2014
33;6387;Freelander2 Si4 S 2.0 240cv Aut. 5p;2015
33;6388;Freelander2 Si4 SE 2.0 240cv Aut. 5p;2015
33;1471;New Range/Range Rover Vogue 3.9 V8;1997
33;8751;Range R. EVO HSE Si4 R-Dyn.2.0 300cv Aut;2020
33;8904;Range R. EVO SE Si4 R-Dyn. 2.0 Flex Aut.;2021
33;6389;Range R. Sport Autob. 3.0 SDV6 Diesel;2014
33;7139;Range R. Sport Autob. Dyn.SCHA. 5.0 V8;2016
33;6390;Range R. Sport Autob. SUPERCHAR. 5.0 V8;2014
33;8459;Range R. Sport HSE Dyna. 3.0 SDV6 Dies.;2020
33;6641;Range R. Sport HSE Dynamic SUPERC.5.0 V8;2017
33;6665;Range R. Sport HSE SUPERCHARGED 3.0 V6;2016
33;7483;Range R. Sport HST SUPERCHARGED 3.0 V6;2016
33;7764;Range R. Sport L. Edit. SCHARGED 3.0 V6;2016
33;7307;Range R. Sport TECH S 3.0 SDV6 Diesel;2015
33;7667;Range R. SVAutobiography SUPERC. 5.0 V8;2017
33;8522;Range R. VE. R-Dyn HSE 2.0 4X4 300cv Aut;2019
33;8523;Range R. VE. R-Dyn S 2.0 4X4 300cv Aut.;2019
33;8095;Range R. VE. R-Dyn SE 2.0 4x4 250cv Aut.;2018
33;8478;Range R. VE. R-Dyn SE 2.0 4x4 300cv Aut.;2020
33;8090;Range R. VEL. R-Dyn. 2.0 4x4 250cv Aut.;2018
33;8479;Range R. VEL. R-Dyn. 2.0 4x4 300cv Aut.;2019
33;8085;Range R. VELAR 2.0 4x4 TB 250cv Aut.;2018
33;8086;Range R. VELAR 3.0 4x4 V6 380cv Aut.;2018
33;8087;Range R. VELAR First Ed. 3.0 4x4 V6 Aut.;2018
33;8088;Range R. VELAR HSE 2.0 4x4 TB 250cv Aut.;2018
33;8089;Range R. VELAR HSE 3.0 4x4 V6 380cv Aut;2018
33;8091;Range R. VELAR R-Dyn. 3.0 4x4 V6 Aut.;2018
33;8092;Range R. VELAR R-Dyn. HSE 2.0 4x4 TB Aut;2018
33;8093;Range R. VELAR R-Dyn. HSE 3.0 4x4 V6 Aut;2020
33;8097;Range R. VELAR R-Dyn. S 2.0 4x4 TB Aut.;2018
33;8094;Range R. VELAR R-Dyn. S 3.0 4x4 V6 Aut.;2019
33;8096;Range R. VELAR R-Dyn. SE 3.0 4x4 V6 Aut.;2019
33;8098;Range R. VELAR S 2.0 4x4 TB 250cv Aut.;2018
33;8497;Range R. VELAR S 2.0 4x4 TB 300cv Aut.;2019
33;8099;Range R. VELAR S 3.0 4x4 V6 380cv Aut.;2018
33;8100;Range R. VELAR SE 2.0 4x4 TB 250cv Aut.;2018
33;8101;Range R. VELAR SE 3.0 4x4 V6 380cv Aut.;2018
33;8961;Range R. VELAR SV Autob. Super.C 5.0 V8;2020
33;5421;Range R. Vogue 4.4 TDV8/SDV8 Diesel Aut.;2014
33;6391;Range R. Vogue Autob. SUPERCHAR. 5.0 V8;2017
33;6392;Range R. Vogue/4.4 Autobio. SDV8 Diesel.;2021
33;7354;Range R.EVO DYNAMIC. BLACK 2.0 Aut. 5p;2015
33;7355;Range R.EVO STYLE 2.0 Aut. 5p;2015
33;7926;Range R.EVOQ. HSE Dyn. Convers 2.0 Aut.;2018
33;5700;Range R.EVOQUE Dynamic 2.0 Aut 3p;2015
33;5701;Range R.EVOQUE Dynamic 2.0 Aut 5p;2015
33;5707;Range R.EVOQUE Dynamic Tech 2.0 Aut 3p;2015
33;5702;Range R.EVOQUE Dynamic Tech 2.0 Aut 5p;2015
33;8214;Range R.EVOQUE HSE Dyna. 2.0 Dies. Aut.;2019
33;7287;Range R.EVOQUE LONDON 2.0 240cv Aut. 5p;2015
33;6697;Range R.EVOQUE ONE SICILIAN 2.0 Aut. 5p;2013
33;5703;Range R.EVOQUE Prestige 2.0 Aut. 5p;2015
33;6923;Range R.EVOQUE Prestige 2.2 5p Dies.;2015
33;5704;Range R.EVOQUE Prestige Tech 2.0 Aut 5p;2015
33;6924;Range R.EVOQUE PrestigeTech 2.2 5p Dies.;2015
33;5705;Range R.EVOQUE Pure  2.0 Aut. 5p;2015
33;5706;Range R.EVOQUE Pure 2.0 Aut. 3p;2013
33;7551;Range R.EVOQUE SD4 HSE 2.2 Dies. Aut.5p;2016
33;7374;Range R.EVOQUE SD4 SE 2.2 Dies. Aut. 5p;2016
33;7395;Range R.EVOQUE Si4 SE Dynamic 2.0 Aut.;2018
33;7396;Range R.Sport HSE Dynamic 4.4 SDV8 Dies.;2020
33;5133;Range R.Sport SE 3.0 4x4 TDV6/SDV6 Dies.;2021
33;9487;Range Rover Autobio. 2.0 Si4 (Hibrido);2021
33;8413;Range Rover EVOQUE Autobiography 2.0 Aut;2018
33;8498;Range Rover EVOQUE HSE 2.0 Diesel Aut.;2016
33;6466;Range Rover EVOQUE Pure Tech 2.0 Aut. 3p;2013
33;6328;Range Rover EVOQUE Pure Tech 2.0 Aut. 5p;2015
33;7798;Range Rover EVOQUE SE 2.0 Diesel Aut.;2019
33;7121;Range Rover EVOQUE Zanzibar 2.0 Aut. 5p;2015
33;1472;Range Rover HSE 4.4/ 4.6;2005
33;4385;Range Rover Sport 3.6 TDV8 272cv Diesel;2011
33;3892;Range Rover Sport HSE 2.7 190cv TB Dies.;2007
33;5145;Range Rover Sport HSE 3.0 4x4 SDV6 Dies.;2021
33;3824;Range Rover Sport HSE 4.4 V8 32V 295cv;2007
33;5132;Range Rover Sport HSE SUPERCHAR. 5.0 V8;2013
33;4275;Range Rover Sport SE 2.7 190cv TB Diesel;2009
33;4499;Range Rover Sport SE 3.6 TDV8 272cv Dies;2011
33;4276;Range Rover Sport SE 4.4 V8 32V 299cv;2008
33;8040;Range Rover Sport SE SUPERCH. 3.0  Aut.;2017
33;3825;Range Rover Sport SUPERCHAGED 4.2 V8;2009
33;1473;Range Rover SUPERCHARGED 4.2 V8 396cv;2009
33;6783;Range Rover Vogue 3.0 TDV6 Diesel Aut.;2021
33;4332;Range Rover Vogue 3.6 TDV8 272cv Diesel;2010
33;6925;Range Rover Vogue HSE 3.0 TDV6 Diesel;2014
33;9116;Range Rover Vogue SE 2.0 Si4 (Híbrido);2021
33;6393;Range Rover Vogue SE 4.4 SDV8 Dies. Aut;2021
33;5146;Range Rover Vogue SE SUPERCHAR. 5.0 V8;2015
34;9992;CT200h  1.8 16V Aut. (Híbrido);2019
34;9993;CT200h F-Sport 1.8 16V Aut. (Híbrido);2013
34;1474;ES-300 3.0;2003
34;1475;ES-330 3.3 24V 228cv;2006
34;4260;ES-350 3.5 24V 284cv;2018
34;1476;GS 300 3.0 V6 24V;1996
34;6537;IS-250 2.5 24V 208cv Aut.;2016
34;6538;IS-250 F Sport 2.5 24V 208cv Aut.;2015
34;6066;IS-300 3.0 24V 231cv Aut.;2013
34;1477;LS 400 4.0;2000
34;1478;LS 430 4.3 32V 281cv;2006
34;4306;LS 460 4.6 32V 347cv;2013
34;10024;LS 500h 3.5 V6 24v Aut. (Híbrido);2020
34;6067;LS-460L 4.6 V8 32v 347cv Aut.;2017
34;7158;NX-200t F-Sport 2.0 16v 238cv Aut.;2017
34;7159;NX-200t Luxury 2.0 16V 238cv Aut.;2017
34;8179;NX-300 Dynamic 2.0 16V 238cv Aut.;2018
34;8151;NX-300 F-Sport 2.0 16V 238cv Aut.;2018
34;8180;NX-300 Luxury 2.0 16V 238cv Aut.;2018
34;10029;NX-300h Dynamic 2.5 16V Aut. (Híbrido);2021
34;10030;NX-300h F-Sport 2.5 16V Aut. (Híbrido);2021
34;10031;NX-300h Luxury 2.5 16V Aut. (Híbrido);2021
34;1479;RX 300 3.0 V6 24V;2002
34;6068;RX-350 3.5 24V  Aut.;2019
34;6299;RX-350 F-Sport 3.5 24V Aut.;2019
34;1480;SC 400 4.0 V8;1995
34;10073;UX-250h F-Sport 2.0 16V Aut. (Híbrido);2020
168;5346;320 ELITE 1.3 16V 88cv 5p;2012
168;7037;530 1.5 16V 103cv 4p;2016
168;7038;530 TALENT 1.5 16V 103cv 4p;2019
168;5347;620 TALENT 1.6 16V 106cv 4p;2012
168;6871;FOISON 1.3 16V 85cv 2p;2016
168;6467;X60 1.8 16V 128cv 5p Mec.;2019
168;7974;X60 VIP 1.8 16V 128cv 5p Aut.;2019
127;4277;H1 1.8 20V Turbo 180cv 2p;2008
35;1481;Elan S-2 1.6 16V;1995
35;1482;Esprit S-4 2.2 16V;1995
140;6838;PIK-UP CD 2.2 4X2 (diesel) Mec.;2014
140;6235;PIK-UP CD 2.2 4X4 (diesel) Mec.;2014
140;6839;PIK-UP CS 2.2 4X2 (diesel) Mec.;2014
140;6236;PIK-UP CS 2.2 4X4 (diesel) Mec.;2014
140;4500;SCORPIO 2.6 CD TB Diesel CRDe 4x4;2012
140;4501;SCORPIO 2.6 CS/ Chassi TB Dies. CRDe 4x4;2012
140;4502;SCORPIO GLX SUV 2.6 TB Diesel CRDe 4WD;2012
140;6962;SUV 2.2 4x4 (diesel) Mec.;2015
36;1483;222 SE/SR 2.0 V6;1994
36;1484;228;1994
36;1485;3200 GT Cupê;2001
36;1486;3200 GT Cupê Aut.;2002
36;1487;430 2.0 V6;1994
36;1488;430 II 2.0 V6;1994
36;1489;Coupé CC 4.2 V8 32V 390cv;2006
36;1490;Ghibli 2.0 V6;1994
36;6926;Ghibli 3.0 V6 Aut.;2019
36;6927;Ghibli S Q4 3.0 V6 Aut.;2019
36;7074;Gran Turismo Sport 4.7 V8 32V 460cv;2019
36;5471;GranCabrio 4.7 V8 32V 440cv;2016
36;4062;GranSport 4.2 V8 32V 400cv;2007
36;4063;GranSport Spyder 4.2 V8 32V 400cv;2006
36;4695;GranTurismo 4.2 V8 32V 405cv;2011
36;6178;GranTurismo MC Stradale 4.7 V8 32V 450cv;2017
36;5000;GranTurismo S 4.7 V8 32V/ MC Line;2013
36;7885;Levante S 3.0 V6 430cv Aut.;2021
36;4696;Quattroporte Automatica 4.2 32V 400cv;2011
36;1491;Quattroporte Evolucione Aut.;2001
36;1492;Quattroporte Evolucione Mec.;2001
36;1493;Quattroporte Executive 4.2 32V 400cv;2008
36;6539;Quattroporte GTS 3.8 V8 32V 530cv;2019
36;5001;Quattroporte S 4.7 V8 32V 430cv;2013
36;1494;Quattroporte Sport 4.2 32V 400cv/430cv;2012
36;5422;Quattroporte Sport GT-S 4.7 V8 32V 440cv;2011
36;1495;Shamal 3.2 V8;1994
36;1497;Spyder CC 4.2 V8 32V 390cv;2006
36;1496;Spyder IE 2.0 V6;1994
37;1498;Pick-Up 4x2 Curto/Longo 2.5 TDI Diesel;2004
37;1499;Pick-Up 4x4 Curto/Longo 2.5 TDI  Diesel;2004
37;1500;Pick-Up CD 4x2 Curto/Longo 2.5 TDI Dies.;2004
37;1501;Pick-Up CD 4x4 Curto/Longo 2.5 TDI Dies.;2004
38;1502;323 1.6 16V;1995
38;1503;626 GLX;1999
38;1504;626 GT;1995
38;1505;626 Sedan Aut.;2000
38;1506;626 Sedan High;2000
38;1507;626 Sedan Mec.;2000
38;1508;626 Sedan Top;2000
38;1509;626 SW;2000
38;1510;626 SW High;2000
38;1511;929 V6 Aut;1995
38;1512;B2200 Pick-Up 2.2 Diesel;1995
38;1513;B2200 Pick-Up CD 2.2 Diesel;1995
38;1514;B-2500 Pick-Up 2.5 Diesel;2000
38;1515;B-2500 Pick-Up 4x4 2.5 Diesel;2000
38;1516;B-2500 Pick-Up CD 4x4 2.5 Diesel;2000
38;1517;Millenia 3.0 V6 24V;1997
38;1518;MPV Minivan Aut;2000
38;1519;MX-3 1.6 16V;1998
38;1520;MX-3 GS 1.8 V6 24V;1995
38;1521;MX-5 Mec;1995
38;1522;Navajo LX 3.0 V6;1993
38;1523;Protegé Aut.;2000
38;1524;Protegé High;2000
38;1525;Protegé Mec.;1998
38;1526;RX 7 2.6 Turbo;1994
211;9426;540C Coupe 3.8 Bi-Turbo V8;2020
211;9427;570S Coupé 3.8 Bi-Turbo V8;2019
211;9428;570S GT Coupé 3.8 Bi-Turbo V8;2019
211;9429;570S Spider 3.8 Bi-Turbo V8;2019
211;9430;600LT Coupe 3.8 Bi-Turbo V8;2019
211;9433;765LT Coupe 4.0 Bi-Turbo V8;2021
39;1527;180-D Pick-Up/Furgão 2.4 Diesel;1996
39;1528;180-D Van 2.4 Diesel;1996
39;1529;190-E 2.3;1993
39;1530;230-E 2.3;1993
39;1531;260-E 2.6;1993
39;1532;300-D 3.0 Diesel;1992
39;1533;300-E 3.0;1993
39;1534;300-SE 3.0/3.2;1993
39;1535;300-SL 3.0;1993
39;1536;300-TE Wagon 3.0;1995
39;1537;500-E 5.0;1993
39;1538;500-SEC/ SL;1994
39;1539;500-SEL 5.0/ 5.6;1993
39;1540;560-SEL 5.6;1992
39;8905;A 200 1.3 TB Hatch Aut.;2019
39;8753;A 200 1.3 TB Style Aut.;2020
39;8579;A 250 2.0 TB Hatch Vision;2020
39;8547;A 250 2.0 TB Launch Edition;2019
39;8865;A35 AMG Laun. Edition 4MATIC 2.0 TB Aut;2020
39;7308;C-180 1.6 Turbo 16V/Flex 16V Aut.;2017
39;6928;C-180 CGI Avant. 1.6/1.6 FlexTB 16V Aut.;2020
39;5399;C-180 CGI Classic 1.8 16V 156cv Aut.;2012
39;5625;C-180 CGI Coupe 1.8 16V 156cv Aut.;2012
39;7957;C-180 CGI Coupe Avant. 1.6 TB 16V Aut.;2019
39;8963;C-180 CGI Coupe Sport 1.5 TB 16V Aut.;2020
39;6329;C-180 CGI Coupe Sport 1.6 TB 16V Aut.;2020
39;7140;C-180 CGI Estate Avant. 1.6 TB 16V Aut.;2017
39;6929;C-180 CGI Exc. 1.6/1.6 Flex TB 16V  Aut.;2020
39;6300;C-180 CGI Sport 1.6 TB 16V 156cv Aut.;2014
39;5979;C-180 CGI Touring 1.8 16V Aut.;2012
39;6357;C-180 CGI Touring Sport 1.6 TB Aut.;2014
39;1541;C-180 Classic/Classic Plus/Elegance;2002
39;5213;C-180 Kompressor Classic 1.6 16V Aut.;2011
39;1542;C-180 Kompressor Classic 1.8 16V 143cv;2007
39;9966;C-200 1.5 TB 16V 183cv Aut. (Híbrido);2020
39;6963;C-200 Avantgarde 2.0 TB 16V 184cv Aut.;2017
39;5307;C-200 CGI Avantgarde 1.8 16V 184cv Aut.;2014
39;5308;C-200 CGI Sport 1.8 TB 16V 184cv Aut.;2014
39;5348;C-200 CGI Touring Avantgarde 1.8 16V Aut;2012
39;1543;C-200 Classic/Sport;1995
39;1544;C-200 Kompressor 2.0 V6 16v 4p Aut.;2002
39;3938;C-200 Kompressor Avant.1.8 16V Aut;2010
39;4358;C-200 Kompressor Classic 1.8 16V Aut.;2010
39;1545;C-200 Sportcoupé Komp. 2.0 16V 163cv Aut;2003
39;1546;C-200 Touring Komp. 2.0 16V 163cv 5p Aut;2003
39;4662;C-200 Touring Komp. Avant. 1.8 16V Aut.;2010
39;1547;C-220 Classic/Elegance/Sport;1996
39;3826;C-230 Avantgarde 2.5 V6 24V 204cv Aut;2006
39;1548;C-230 Komp. Sportcoupé 2.3 16V 197cv Aut;2003
39;1549;C-230 Kompressor Avantgarde;2005
39;1550;C-230 Sport/ Eleg./Touring Eleg.Plus 2.3;1999
39;3939;C-230 Touring Avant. 2.5 24V 204cv Aut.;2007
39;1551;C-230 Touring Kompressor;2005
39;1552;C-240 AvantGarde 2.4/ 2.6 4p;2003
39;1553;C-240 Classic;2000
39;1554;C-240 Elegance 2.4;2002
39;1555;C-240 Elegance 2.4 V6 24v 4p Aut.;2003
39;7975;C-250 Avantgarde 2.0 TB 211cv Aut.;2018
39;5500;C-250 CGI Sport 1.8 16V Aut.;2014
39;6358;C-250 CGI Sport Coupe 1.8 16V TB Aut.;2014
39;6964;C-250 Sport 2.0 16V 211cv Aut.;2017
39;7668;C-250 Sport Coupe 2.0 16V 211cv Aut.;2018
39;4386;C-280 Avantgarde 3.0 V6 231cv Aut.;2009
39;1556;C-280 Classic/Sport;2001
39;1557;C-280 Elegance;2000
39;1558;C-280 Touring;2001
39;7800;C-300 Anniversary Lim. Edit. 2.0 Aut.;2017
39;5002;C-300 Avantgarde 3.0 V6 24V 231cv Aut.;2011
39;7801;C-300 Cabriolet 2.0 245/258cv Aut.;2021
39;8780;C-300 Coupé Sport 2.0 16V Aut.;2020
39;7976;C-300 Estate Avantgarde 2.0 245cv Aut.;2018
39;7977;C-300 Sport 2.0 16V Aut.;2020
39;5349;C-300 Sport 3.0 V6 231cv Aut.;2011
39;1559;C-320 AvantGarde 3.2 V6 24v 4p Aut.;2005
39;1560;C-320 Elegance 3.2 V6 24v 4p Aut.;2005
39;1561;C-320 Touring 3.2 V6 18v 4p Aut.;2005
39;3802;C-350 Avantgarde/ Elegance 3.5 V6 272cv;2008
39;5730;C-350 CGI Sport 3.5 306cv Aut.;2012
39;4717;C-350 Sport 3.5 V6 272cv;2011
39;3893;C-350 Sportcoupé 3.5 24V  272cv;2007
39;3894;C-350 Touring AvantGarde 3.5 24V 272cv;2007
39;1562;C-36 AMG;1997
39;1563;C-43 AMG;2000
39;7765;C-43 AMG 3.0 V6 Bi-Turbo 367cv Aut;2020
39;7738;C-43 Coupe AMG 3.0 V6 Bi-Turbo Aut.;2020
39;7376;C-450 AMG Sport 3.0 TB 362cv Aut.;2016
39;3827;C-55 AMG 24V 367cv Aut.;2006
39;3828;C-55 Touring AMG 24V 367cv Aut.;2006
39;7620;C-63 AMG 4.0 V8 Bi-Turbo Aut.;2020
39;4663;C-63 AMG 6.2 V8 Aut.;2014
39;5745;C-63 Coupe AMG 6.2 V8 Aut.;2014
39;6273;C-63 Coupe AMG Black Series 6.3 V8 Aut.;2013
39;7309;C-63 S AMG 4.0 V8  Bi-Turbo Aut.;2020
39;7837;C-63 S Coupe AMG 4.0 V8  Bi-Turbo Aut.;2020
39;5031;C-63 Touring AMG 6.2 V8 Aut.;2012
39;1564;CL-500 5.0/ 5.5;2011
39;1565;CL-600 6.0/ 5.5;2011
39;4516;CL-63 AMG 6.2 V8 32V 525cv;2011
39;9679;CL-65 AMG 6.0 V12 Aut.;2011
39;8215;CLA-180 1.6 16V 122cv Aut.;2019
39;7958;CLA-200 1.6 TB 16V Flex Aut.;2019
39;6699;CLA-200 First Edition 1.6 TB 16V  Aut.;2015
39;6965;CLA-200 Urban 1.6 TB 16V/Flex Aut.;2017
39;7039;CLA-200 Vision 1.6 TB 16V Flex Aut.;2017
39;6966;CLA-250 Sport 4MATIC 2.0 16V 211cv Aut.;2019
39;8994;CLA-35 AMG Launch Edition 4MATIC 2.0 TB;2020
39;6867;CLA-45 AMG 4MATIC CGI 2.0 TB Aut.;2019
39;1566;Classe A 160 Classic Semi-Aut.;2005
39;1567;Classe A 160 Classic/ Spirit Mec.;2005
39;1568;Classe A 160 Elegance Mec.;2001
39;1569;Classe A 160 Elegance Semi-Aut.;2002
39;1570;Classe A 190 AvantGarde 1.9 8V 125cv Aut;2002
39;1571;Classe A 190 AvantGarde 1.9 8V 125cv Mec;2005
39;1572;Classe A 190 Classic 1.9 Semi-Aut.;2002
39;1573;Classe A 190 Classic/ Spirit 1.9 Mec.;2005
39;1574;Classe A 190 Elegance 1.9 Aut.;2005
39;1575;Classe A 190 Elegance 1.9 Mec.;2002
39;1576;Classe A 190 Elegance 1.9 Semi-Aut.;2002
39;6443;Classe A 200 1.6 TB 16V Style 156cv Aut.;2015
39;6444;Classe A 200 1.6 TB 16V Urban 156cv Aut.;2015
39;7228;Classe A 200 1.6 TB/Flex Aut.;2018
39;3829;Classe A 200 Elegance 2.0 136cv Aut.;2010
39;6754;Classe A 250 2.0 TB Sport Aut.;2019
39;6698;Classe A45 AMG 4MATIC 2.0 Turbo Aut.;2018
39;4831;Classe B 170 1.7 116cv Aut.;2009
39;5003;Classe B 180 1.7 116cv Aut.;2011
39;4012;Classe B 200 2.0 136cv Aut.;2010
39;4202;Classe B 200 2.0 Turbo 193cv Aut.;2011
39;6238;Classe B 200 CGI 1.6 TB Sport 156cv Aut;2015
39;6237;Classe B 200 CGI 1.6 TB/Flex Aut.;2018
39;4064;Classe R 500 5.0 V8 306cv Aut.;2008
39;5033;Classe R 500 L 5.5 V8 388cv Aut.;2011
39;1577;Classic 6.0;1995
39;4856;CLC 200 Kompressor 1.8 184cv Aut.;2011
39;1578;CLK-230 Cabriolet Kompressor;2001
39;1579;CLK-230 Kompressor;2002
39;1580;CLK-320 AvantGarde;2005
39;1581;CLK-320 AvantGarde Cabriolet;2001
39;1582;CLK-320 Elegance;2005
39;1583;CLK-320 Elegance Cabriolet;2001
39;1584;CLK-320 Sport;2000
39;1585;CLK-320 Sport Cabriolet;2000
39;3895;CLK-350 Avant./ Elegance 3.5 24V 272cv;2009
39;3896;CLK-350 Avant./Eleg. Cabriolet 3.5 272cv;2009
39;1586;CLK-430 Avantgard Cabriolet 4.3 V8 24v;2001
39;1587;CLK-430 AvantGarde 4.3;2001
39;1588;CLK-430 Elegance;2001
39;1589;CLK-430 Elegance Cabriolet 4.3 V8 24v;2001
39;1590;CLK-430 Sport 4.3;2000
39;1591;CLK-500 Cabriolet V8 24V 306cv;2007
39;1592;CLK-500 Elegance/ Avant. 5.0 V8 24V Aut;2008
39;1593;CLK-55 AMG Cabriolet V8 24v 367cv;2006
39;1594;CLK-55 AMG V8 24V 367cv;2006
39;5746;CLS-350 CGI 3.5 306cv Aut.;2014
39;3897;CLS-350 V6 24V 272cv;2010
39;7141;CLS-400 3.5 V6 Bi-Turbo 333cv Aut.;2017
39;9977;CLS-450 3.0 TB 4MATIC  (Híb.)         ;2019
39;9978;CLS-450 3.0 TB 4MATIC SPORT (Híbrido);2019
39;1595;CLS-500 V8 24V;2010
39;9979;CLS-53 AMG 3.0 TB 4MATIC+ (Híbrido);2020
39;3803;CLS-55 Kompressor AMG 5.5 V8 24V 476cv;2006
39;5593;CLS-63 AMG 5.5 V8 557cv Aut.;2016
39;4191;CLS-63 AMG 6.2 V8 32V 514cv;2010
39;1596;E-190;1993
39;1597;E-190 Classic;1994
39;1598;E-200 Classic 2.0;1995
39;1599;E-220 Classic/Touring 2.2;1995
39;1600;E-230 Elegance;1998
39;1601;E-240 Elegance;2002
39;6840;E-250 Cabriolet 2.0 TB 211CV Aut.;2016
39;5538;E-250 CGI Avantgarde 1.8 16V 204cv Aut.;2013
39;6540;E-250 CGI Avantgarde 2.0 TB 211cv Aut.;2019
39;5594;E-250 CGI Coupe 1.8 16V 204cv Aut.;2013
39;7160;E-250 CGI VR4 2.0 TB Aut.;2015
39;6615;E-250 Coupe 2.0 TB 211cv Aut.;2016
39;7766;E-250 Excl. Launch Ed. 2.0 TB 211cv Aut.;2017
39;7895;E-250 Exclusive 2.0 TB 211cv Aut.;2019
39;1602;E-280 Classic 2.8;1995
39;1603;E-280 Touring 2.8;1995
39;8781;E-300 Avantgarde 2.0 TB 258cv Aut.;2020
39;9289;E-300 Avantgarde Sport 2.0 TB 258cv Aut.;2020
39;8320;E-300 Cabriolet 2.0 TB 245cv Aut.;2018
39;8102;E-300 Coupe 2.0 TB 245cv Aut.;2018
39;1604;E-320;2000
39;1605;E-320 3.2 Elegance;2005
39;1606;E-320 Avantgarde;2005
39;1607;E-320 C 3.2/ CA Classic 3.2;1996
39;1608;E-320 Cabriolet;1996
39;1609;E-320 Touring Avantgarde 24V V6 5p Aut.;2004
39;1610;E-320 Touring Eleg./Classic;2001
39;3898;E-350  Touring Avant/Eleg. 3.5 24V 272cv;2007
39;5004;E-350 Avant./Avant. Execut. 3.5 V6 272cv;2012
39;1611;E-350 Avantgarde/ Elegance 3.5 V6 272cv;2007
39;5309;E-350 Cabrio 3.5 V6 272cv 2p;2012
39;6210;E-350 CGI Avant. Sport 3.5 306cv Aut.;2014
39;6541;E-350 CGI Cabriolet 3.5 306cv Aut.;2015
39;6033;E-350 CGI Executive 3.5 306cv Aut.;2012
39;6542;E-350 CGI Guard VR4 3.5 306cv Aut.;2012
39;5034;E-350 Coupe 3.5 V6 272cv 2p;2012
39;4627;E-350 Sport 3.5 V6 272cv;2010
39;7103;E-400 Avantgarde 3.5 V6 Bi-Turbo Aut.;2016
39;7262;E-400 Cabriolet 3.5 V6 Bi-Turbo Aut.;2016
39;1612;E-420 Classic/Elegance/Avantgarde;1998
39;1613;E-420 Touring Avantgarde;1998
39;7978;E-43 AMG 4MATIC 3.0 V6 401cv Aut.;2018
39;1614;E-430 Avantgarde;2002
39;1615;E-430 Elegance;2002
39;1616;E-430 Touring Avantgarde;2001
39;5423;E-500 Avangarde Executive 5.5 V8 388cv;2011
39;4774;E-500 Avant. 5.0 V8 4p Aut. (Blindada);2012
39;6211;E-500 CGI Guard VR4 4.7 V8 408cv 4p;2013
39;6116;E-500 CGI Guard VR4 5.5 V8 4p;2012
39;6118;E-500 Coupe Sport 4.7 V8 408cv Aut 2p;2012
39;5380;E-500 Coupe Sport 5.5 V8 388cv 2p;2011
39;1617;E-500 Elegance/ Avant. 5.0 V8 24V 4p Aut;2007
39;4685;E-500 Sport Avantgarde 5.0 V8 24V 4p Aut;2010
39;1618;E-500 Tour. Avant./ Eleg. 24V V8 5p Aut.;2011
39;10001;E-53 AMG 3.0 TB 24V 4MATIC+ Aut. (Híb.);2020
39;1619;E-55 AMG;2006
39;1620;E-55 Touring AMG 24V V8 5p Aut.;2006
39;6120;E-63 AMG 5.5 V8 Bi-Turbo Aut.;2016
39;4245;E-63 AMG 6.2 V8 32V;2012
39;8018;E-63 S AMG 4MATIC 4.0 V8 612cv;2021
39;9644;E-63 S AMG 4MATIC Final Ed. 4.0 V8 612cv;2021
39;6122;E-63 Touring AMG 5.5 V8 Bi-Turbo Aut.;2012
39;5489;E-63 Touring AMG 6.2 V8 Aut.;2012
39;9196;EQC 400 4MATIC 408CV (Elétrico);2021
39;5151;G-55 Kompressor AMG 5.5 V8 507cv Aut.;2012
39;9471;G-63 AMG 4M 4.0 Bi-TB Magno Edition Aut.;2021
39;8499;G-63 AMG 4MATIC 4.0 V8 Bi-TB 585cv Aut.;2021
39;6491;G-63 AMG 5.5 Bi-Turbo 32V 4x4 Aut.;2017
39;8500;G-63 AMG ED1 4MATIC 4.0 V8 Bi-TB Aut.;2019
39;6642;GL-350 Sport 3.0 V6 258cv 4x4 Diesel;2016
39;6445;GL-500 4.7 Bi-Turbo V8 4x4 Aut.;2016
39;4250;GL-500 5.5 V8 32V 4x4 388cv Aut.;2013
39;6468;GL-63 AMG 5.5 Bi-Turbo 32V 4x4 Aut.;2016
39;7040;GLA 200 Advance 1.6/1.6 TB 16V Flex Aut.;2020
39;7397;GLA 200 Enduro 1.6 TB 16V Flex Aut.;2019
39;8501;GLA 200 Night 1.6. TB 16V Flex Aut.;2019
39;7161;GLA 200 Style 1.6 TB 16V/Flex Aut.;2020
39;7041;GLA 200 Vis. Black Ed. 1.6 TB 16V  Aut.;2015
39;7042;GLA 200 Vision 1.6/1.6 TB 16V Flex Aut.;2015
39;7430;GLA 250 Enduro 2.0 TB 16V 211cv Aut.;2017
39;7195;GLA 250 Sport 2.0 TB 16V 4x2  211cv Aut.;2020
39;7767;GLA 250 Sport 2.0 TB 16V 4x4 211cv Aut.;2017
39;7196;GLA 250 Vision 2.0 TB 16V 211cv Aut.;2015
39;7122;GLA 45 AMG 4MATIC 2.0 Turbo Aut.;2019
39;9350;GLB 200 Advance 1.3 TB 16V Aut.;2022
39;9214;GLB 200 Launch Edition 1.3 TB 16V Aut.;2021
39;7508;GLC 250 4MATIC 2.0 TB 16V Aut.;2017
39;7886;GLC 250 Coupe 4MATIC 2.0 TB 16V Aut.;2019
39;7940;GLC 250 Coupe Highway 4MATIC 2.0 TB Aut.;2018
39;7941;GLC 250 Highway 4MATIC 2.0 TB Aut.;2019
39;7509;GLC 250 Sport 4MATIC 2.0 TB 16V Aut.;2019
39;8633;GLC-63 AMG 4MATIC 4.0 Bi-TB V8;2021
39;8483;GLC-63 S AMG 4MATIC Coupe 4.0 Bi-TB V8;2021
39;7484;GLE-350 3.0 V6 258cv 4x4 Diesel;2016
39;7485;GLE-350 Family 3.0 V6 258cv 4x4 Diesel;2016
39;7927;GLE-350 Highway 4MATIC 3.0 V6 Diesel;2019
39;7486;GLE-350 Sport 4MATIC 3.0 V6 4x4 Diesel;2019
39;7510;GLE-400 Coupe 3.0 V6 333cv Aut.;2016
39;7803;GLE-400 Coupe High. 4MATIC 3.0 V6  Aut.;2019
39;7511;GLE-400 Night Coupe 3.0 V6 333cv Aut.;2017
39;8103;GLE-43 AMG 4MATIC 3.0 V6 Bi-TB Aut.;2017
39;7838;GLE-43 AMG 4MATIC Coupe 3.0 V6 Bi-TB Aut;2019
39;7739;GLE-450 AMG 3.0 V6 367cv Aut.;2016
39;7512;GLE-63 AMG 4MATIC Coupe 5.5 V8 Aut.;2019
39;7768;GLE-63 AMG 5.5 V8 557cv Aut.;2018
39;9330;GLE-63 S AMG 4M+ Coupé 4.0 Aut;2021
39;6446;GLK 220 CDI 2.2 TB 4X4 170cv Aut. Diesel;2015
39;6447;GLK 220 Sport CDI 2.2 TB 4X4 Aut. Diesel;2015
39;4832;GLK 280 3.0 V6 24V 4x4 231cv Aut.;2009
39;5134;GLK 300 3.0 V6 24V 4x4 231cv Aut.;2013
39;6360;GLK 300 3.5 CGI V6 4x4 252cv Aut.;2013
39;7594;GLS-350 V6 258cv 4x4 Diesel;2019
39;7896;GLS-500 4MATIC 4.7 Bi-Turbo V8 455cv;2018
39;8130;GLS-63 AMG 4MATIC 5.5 V8 Bi-TB Aut.;2018
39;10011;GT 43 AMG 3.0 Bi-Turbo Aut. (Híbrido);2021
39;9332;GT 63 S AMG 4.0 V8 Bi-Turbo;2021
39;7769;GT AMG 4.0 V8 Bi-Turbo 462cv;2016
39;9740;GT AMG BLACK SERIES 4.0 V8 Bi-Turbo;2021
39;9333;GT C Roadster AMG 4.0 V8 Bi-Turbo ;2021
39;8104;GT R AMG 4.0 V8 Bi-Turbo 585cv;2021
39;7356;GT S AMG 4.0 V8 Bi-Turbo 510cv;2016
39;1621;ML-230 4x4;1999
39;4686;ML-320 3.0 V6 224cv 4x4 diesel;2009
39;1622;ML-320 4x4;2002
39;5035;ML-350 3.0 V6  4x4 Diesel;2015
39;1623;ML-350 3.5  4x4;2010
39;6591;ML-350 Sport 3.0 V6 258cv 4X4 Diesel;2015
39;6124;ML-350 Sport CGI 3.5 V6 306cv 4x4 Aut.;2013
39;1624;ML-430;2001
39;1625;ML-500 V8 24V;2011
39;1626;ML-55 AMG 5.5 24v;2005
39;6239;ML-63 AMG 5.5 V8 Bi-Turbo Aut.;2015
39;4318;ML-63 AMG 6.2 V8 32V 510cv;2011
39;1627;S-320 L Classic/Wagon Classic 3.2;2001
39;10062;S-400 3.5 V6 279cv Aut. (Híbrido);2011
39;1628;S-420 Classic 4.0;1994
39;1629;S-500 5.0;2011
39;1630;S-500 C Classic 5.0;1995
39;1631;S-500 L/ L Classic/ Wagon Classic 5.0;1995
39;8060;S-500 Maybach 4.7 Bi-Turbo V8 455cv Aut.;2017
39;6700;S-500L 4.7 Bi-Turbo V8 455cv Aut.;2017
39;1632;S-500L 5.0;2011
39;1633;S-55 AMG V8 24V 364cv/ 500cv;2005
39;8216;S-560L 4.0 Bi-Turbo V8 469cv Aut.;2020
39;1634;S-600 L/ L Classic/ Wagon Classic 6.0;2012
39;1635;S-600/ S-600 C Classic 6.0;2001
39;5747;S-63 AMG 5.5 V8 BI-TURBO Aut.;2013
39;4517;S-63 AMG 6.2 V8 525cv Aut;2011
39;7804;S-63 Cabriolet AMG 5.5 V8 Bi-Turbo Aut.;2017
39;8548;S-63 Coupe AMG 4MATIC 4.0 V8 Bi-TB Aut.;2019
39;7229;S-63 Coupe AMG 5.5 V8 Bi-Turbo Aut.;2017
39;4518;S-63 L AMG 6.2 V8/5.5 V8 Bi-TB Aut;2020
39;4261;S-65 AMG 6.0 V12 612cv Aut;2011
39;8502;S-65 AMG Coupe 6.0 Bi-TB V12 630cv Aut.;2019
39;7770;S-65 L AMG 6.0 V12 630cv Aut.;2019
39;1636;SE-500;1993
39;1637;SL-280 Classic 2.8;1995
39;1638;SL-320 3.2/Classic 3.2;1999
39;3899;SL-350 3.5 V6 2p;2014
39;5281;SL-350 Sport 3.5 V6 316cv;2011
39;7197;SL-400 3.0 Bi-Turbo V6 2p;2017
39;1639;SL-500 5.0 e 5.5/ Classic 5.0;2011
39;1640;SL-55 AMG V8 24V 500cv;2008
39;1641;SL-600;2000
39;6359;SL-63 AMG 5.5 Bi-Turbo V8 Aut.;2017
39;4701;SL-63 AMG 6.2 V8 525cv Aut;2011
39;4702;SL-65 AMG 6.0 V12 612cv Aut;2011
39;7705;SLC-300 2.0 Turbo 245cv Aut.;2020
39;7719;SLC-43 AMG 3.0 V6 Aut.;2018
39;1642;SLK-200 Kompressor 16V/ 200 CGI 16V;2012
39;1643;SLK-230 Kompressor;2004
39;1644;SLK-230 Plus;2001
39;5935;SLK-250 CGI 1.8 16V 204cv Aut.;2015
39;7398;SLK-300 2.0 Turbo 245cv Aut.;2016
39;1645;SLK-320 3.2 218cv;2004
39;1646;SLK-350 3.5 V6/SLK-350 CGI;2012
39;1647;SLK-55 AMG V8 24V;2016
39;6755;SLS-63 AMG 6.2 8V Black Series Aut.;2014
39;5641;SLS-63 AMG 6.2 V8 Aut.;2013
39;5900;SLS-63 AMG Roadster 6.3 V8 Aut.;2013
39;1648;Sprinter 310 Chassi Diesel;2000
39;1649;Sprinter 310 Furgão 2.5 Diesel;2000
39;1650;Sprinter 310 Pick-Up Diesel;1999
39;1651;Sprinter 310 Van Exec. 9Lug. Diesel;1999
39;1652;Sprinter 310 Van Luxo/Exec. 12/14L Dies.;1999
39;1653;Sprinter 310 Van Std 12e14L/Luxo 9L.Dies;1999
39;1654;Sprinter 310 Van Std. 9Lug. 2.5 Diesel;1999
39;1655;Sprinter 311 Chassi 2.2 Diesel;2016
39;7125;Sprinter 311 Chassi E. Longa 2.2 Diesel;2016
39;1656;Sprinter 311 Furgão Curto 2.2 Dies;2016
39;5642;Sprinter 311 Furgão E.Longo T.Alto Dies.;2016
39;1657;Sprinter 311 Furgão Longo 2.2  Dies;2016
39;1658;Sprinter 311 Furgão Longo Teto alto Dies;2016
39;1659;Sprinter 311 Street Luxo 2.2 16Lug. Dies;2012
39;1660;Sprinter 311 Street Std. 2.2 16Lug. Dies;2004
39;1661;Sprinter 311 VAN Luxo 2.2 109cv 13L Dies;2004
39;1662;Sprinter 311 VAN Luxo 2.2 109cv 16L Dies;2004
39;1663;Sprinter 311 VAN Std. 2.2 109cv 13L Dies;2004
39;1664;Sprinter 311 VAN Std. 2.2 109cv 16L Dies;2004
39;1665;Sprinter 312 Furgão Curto Diesel;2002
39;1666;Sprinter 312 Furgão Longo Diesel;2001
39;1667;Sprinter 312 Furgão Longo T.Alto Diesel;2002
39;1668;Sprinter 312 Van Exec. 10Lug. 2.5 Diesel;2001
39;1669;Sprinter 312 Van Exec. 12Lug. Diesel;2001
39;1670;Sprinter 312 Van Luxo 10lug.  Diesel;2000
39;1671;Sprinter 312 Van Luxo 12lug. Diesel;2001
39;1672;Sprinter 312 Van Luxo 15lug. Diesel;2001
39;1673;Sprinter 312 Van Luxo 16lug. Diesel;2001
39;1674;Sprinter 312 Van Luxo Lotação 16lug.Dies;2001
39;1675;Sprinter 312 Van Std 12lug. Diesel;2001
39;1676;Sprinter 312 Van Std 16lug. Diesel;2002
39;1677;Sprinter 312 Van Std Lotação 16lug. Dies;2001
39;1678;Sprinter 312 Van Street Luxo 15Lug.Dies.;2002
39;1679;Sprinter 312 Van Street Std. 15Lug.Dies.;2002
39;1680;Sprinter 312-D Chassi Diesel;2001
39;7706;Sprinter 313  Chassi Ex. Longo 2.2 Dies.;2019
39;1681;Sprinter 313 Chassi 2.2 129cv Diesel;2012
39;7707;Sprinter 313 Chassi Longo 2.2 Diesel;2019
39;1682;Sprinter 313 Furgão Curto 2.2 129cv Dies;2019
39;7708;Sprinter 313 Furgão Ex. Longo T. A. Die.;2019
39;1683;Sprinter 313 Furgão Longo 2.2 129cv Dies;2019
39;1684;Sprinter 313 Furgão Longo T. Alto Diesel;2019
39;1685;Sprinter 313 VAN Exec 2.2 Mec/S-Aut Dies;2012
39;1686;Sprinter 313 VAN Luxo 2.2 129cv 13L.Dies;2011
39;1687;Sprinter 313 VAN Luxo 2.2 129cv 16L Dies;2012
39;1688;Sprinter 313 VAN Std. 2.2 129cv 13L.Dies;2011
39;1689;Sprinter 313 VAN Std. 2.2 129cv 16L Dies;2006
39;1690;Sprinter 313 VAN Street Luxo 16L. Dies.;2012
39;1691;Sprinter 313 VAN Street Std. 16L. Dies.;2012
39;1692;Sprinter 412-D Chassi Diesel;2002
39;1693;Sprinter 413 Furgão Longo T.Alto Diesel;2012
39;4534;Sprinter 413 VAN Luxo 2.2 16 e 20L Dies;2012
39;1694;Sprinter 413-D Chassi Curto/Longo Diesel;2012
39;6179;Sprinter 415 Chassi L. 2.2 Diesel;2019
39;6180;Sprinter 415 Furgão Curto T.B. 2.2 Dies.;2019
39;6181;Sprinter 415 Furgão E.L.T.Alt. 2.2 Dies.;2019
39;6126;Sprinter 415 Furgão Lon.T.Alto 2.2 Dies;2019
39;6128;Sprinter 415 Furgão Lon.T.Bai. 2.2 Dies.;2019
39;6182;Sprinter 415 VAN Luxo T.A. 2.2 Diesel;2019
39;6183;Sprinter 415 VAN Luxo T.B. 2.2 Diesel;2019
39;6184;Sprinter 415 VAN Standard T.A. 2.2 Dies.;2019
39;6185;Sprinter 415 VAN Standard T.B. 2.2 Dies.;2019
39;6186;Sprinter 515 Chassi E. L. 2.2 Diesel;2019
39;6187;Sprinter 515 Chassi L. 2.2  Diesel;2019
39;6129;Sprinter 515 Furgão E.L.T. Alto 2.2 Die.;2019
39;6361;Sprinter 515 VAN 2.2 Diesel;2019
39;7399;VITO 111 CDI Furgão 1.6 TB Diesel 4p Mec;2019
39;7400;VITO TOURER 119 Comf.2.0 Flex 9Lug. Mec.;2017
39;7401;VITO TOURER 119 Luxo 2.0 Flex 8Lug. Mec.;2017
40;1695;Mystique GS 2.5 V6 Mec.;1995
40;1696;Sable LS 3.0 V6;1993
167;5310;550 1.8 16V Turbo 170cv Aut.;2012
167;5582;MG6 1.8 16V Turbo 170cv Aut.;2012
156;6868;COOPER 1.5 Turbo 12V 3p Aut.;2021
156;7162;COOPER 1.5 Turbo 12V 5p Aut.;2021
156;4892;COOPER 1.6 Aut.;2012
156;4893;COOPER 1.6 Mec.;2012
156;8526;COOPER CABRIO 1.5 Turbo 12V Aut.;2020
156;5074;COOPER CABRIO 1.6 Aut.;2012
156;5595;COOPER CABRIO John Works 1.6  Mec.;2012
156;6563;COOPER CABRIO John Works 1.6 Aut.;2014
156;8549;COOPER CABRIO John Works 2.0 Aut.;2021
156;5075;COOPER CABRIO S 1.6 Aut.;2015
156;7720;COOPER CABRIO S 2.0 16V Aut.;2022
156;6543;COOPER CABRIO S HIGHGATE 1.6 Aut.;2014
156;5731;COOPER Clubman 1.6 Aut.;2012
156;8926;COOPER Clubman John Work ALL4 2.0 Aut.;2022
156;6666;COOPER Country. John Works ALL4 1.6 Aut.;2016
156;7906;COOPER Countryman 1.5 Turbo Aut.;2022
156;5501;COOPER Countryman 1.6 Aut.;2014
156;5502;COOPER Countryman S 1.6 Aut.;2016
156;7907;COOPER Countryman S 2.0 Turbo Aut.;2020
156;5472;COOPER Countryman S ALL4 1.6 Aut.;2016
156;7908;COOPER Countryman S ALL4 2.0 Turbo Aut.;2020
156;5687;COOPER COUPE 1.6 Aut.;2012
156;6564;COOPER COUPE John Works 1.6 Aut.;2014
156;5688;COOPER COUPE S 1.6 Aut.;2014
156;6565;COOPER John Works 1.6 Aut.;2013
156;5473;COOPER John Works 1.6 Mec.;2013
156;9198;COOPER John Works GP3 2.0 Turbo 3p Aut.;2021
156;6492;COOPER PACEMAN S 1.6 16V 184cv Aut.;2015
156;6643;COOPER PACEMAN S ALL4 1.6 16V Aut.;2014
156;6701;COOPER PACEMAN S John Works ALL4 1.6 Aut;2016
156;6069;COOPER ROADSTER 1.6 Aut.;2012
156;6566;COOPER ROADSTER John Works 1.6 Aut.;2014
156;6070;COOPER ROADSTER S 1.6 Aut.;2015
156;4894;COOPER S 1.6 Aut.;2013
156;7123;COOPER S 2.0 Turbo 16V 3p Mec.;2015
156;6592;COOPER S BAYSWATER 1.6 Aut.;2013
156;4895;COOPER S Clubman 1.6 Aut.;2012
156;7431;COOPER S Clubman 2.0 Aut.;2019
156;7909;COOPER S SEVEN 2.0 TURBO 16V 3p Aut.;2018
156;8242;ONE 1.2 12V Turbo 2p Mec.;2015
156;5596;ONE 1.6  Mec.;2013
156;5732;ONE 1.6 Aut.;2013
41;1697;3000 GT SL 3.0;1994
41;1698;3000 GT VR-4;1998
41;4251;Airtrek 2.0 16V TB-IC 202cv 4x4 5p;2007
41;1699;Airtrek 2.4 16V 163cv/ 136cv 4x4 5p Aut.;2008
41;7288;ASX 2.0 16V  4x4 Aut.(By Armura-Blind.);2016
41;5424;ASX 2.0 16V 160cv Aut.;2017
41;5425;ASX 2.0 16V 160cv Mec.;2018
41;7310;ASX 2.0 16V 4x2 Aut.(By Amura-Blind.);2016
41;7979;ASX 2.0 16V 4x2 Flex Aut.;2019
41;5426;ASX 2.0 16V 4x4 160cv Aut.;2017
41;7980;ASX 2.0 16V 4x4 Flex Aut.;2019
41;8670;ASX GLS FWD 2.0 16V Flex Aut.;2022
41;8671;ASX HPE AWD 2.0 16V Flex Aut.;2020
41;8672;ASX HPE FWD 2.0 16V Flex Aut.;2020
41;8634;ASX HPE-S AWD Flex 2.0 16V Aut.;2020
41;7311;ASX O NEILL 2.0 16V 160cv Aut.;2016
41;7513;ASX OUTDOOR 2.0 4x2 16V 160cv Aut.;2016
41;7432;ASX OUTDOOR 2.0 4X4 16V 160 cv Mec.;2016
41;7514;ASX-S 2.0 16V 160cv Aut.;2016
41;1700;Colt GLXi;1997
41;1701;Colt GTi Mec;1997
41;1702;Diamant  LS 3.0 V6;1993
41;9140;Eclipse Cross HPE-S Outdoor 1.5 AWC Aut.;2020
41;9553;Eclipse Cross HPE-S Sport 1.5 16V Aut.;2022
41;1703;Eclipse GS/ GS Turbo Mec;1995
41;1704;Eclipse GST 2.0 16V Turbo;1999
41;1705;Eclipse GSX 2.0 V6 16V Turbo;1995
41;1706;Eclipse GT 3.0 V6 24V;2001
41;4192;Eclipse GT 3.8 V6 267cv;2011
41;1707;Expo LRV Sport 2.3 16V;1994
41;1708;Expo SP Van 2.3 16V;1997
41;1709;Galant 2.0;2000
41;1710;Galant 2.5 V6;2005
41;1711;Galant ES;1996
41;1712;Galant GS 2.0 V6;1996
41;1713;GRANDIS 2.4 16V 163cv 5p Aut.;2008
41;1714;L200 2.5 4x2 CD Turbo Diesel;1998
41;1715;L200 2.5 4x2 Turbo Diesel;1998
41;1716;L200 2.5 4x4 CD Turbo Diesel;1998
41;1717;L200 Evolution 3.2 4x4 TB Int. Diesel;2004
41;1718;L200 GL 2.5 4X4 CD Diesel;2012
41;1719;L200 GLS 2.5 4X4 CD Diesel;2007
41;1720;L200 GLS Sport 2.5 4x4 121cv CD DTI Dies;2007
41;1721;L200 HPE 2.5 8V 95cv/118cv TB-IC Diesel;2003
41;1722;L200 L 2.5 4X4 CD Turbo Diesel;2005
41;4122;L200 OUTDOOR GLS 2.5 4X4 CD TDI Diesel;2012
41;4124;L200 OUTDOOR HPE 2.5 4x4 CD T.Dies. Aut.;2010
41;4123;L200 OUTDOOR HPE 2.5 4x4 CD T.Dies. Mec.;2012
41;1723;L200 RI/ RII/ RIII CD 2.5 TB Int. Diesel;2005
41;1724;L200 Savana 2.5 4x4 121cv CD DTI  Dies.;2012
41;1725;L200 Sport 2.5 4x4 CD Turbo Diesel;2002
41;1726;L200 Sport HPE 2.5 4x4 CD DTI Dies. Aut.;2007
41;1727;L200 Sport HPE 2.5 4x4 CD DTI Dies. Mec.;2007
41;1728;L200 Sport RS 2.5 CD DTI (passeio) Dies.;2007
41;7487;L200 T. OUTDOOR 3.2 CD TB Int.Dies. Mec.;2017
41;7489;L200 T.OUTDOOR 3.2 CD TB Int. Dies. Aut.;2018
41;9142;L200 Tri. Out. HPE-S 2-4 CD 4X4 Die. Aut;2021
41;9144;L200 Tri. Outd. HPE 2.4 CD 4x4 Die. Aut.;2021
41;8783;L200 Tri. Sport Outd. GLX 2.4 4x4 Diesel;2020
41;9059;L200 Tri. Sport Outdoor 2.4 CD 4x4 Dies.;2020
41;7312;L200 Tri.HLS Chrome Ed. 2.4 CD Flex Mec.;2017
41;8321;L200 Triton GL 3.2 CD TB Int. Dies. Mec.;2018
41;5936;L200 Triton GLS 3.2 CD TB Int.Diesel Mec;2017
41;5937;L200 Triton GLX 3.2 CD TB Int.Diesel Mec;2018
41;6544;L200 Triton HLS 2.4 Flex 16V CD Mec.;2017
41;4478;L200 Triton HPE 3.2 CD TB Int.Diesel Aut;2017
41;4503;L200 Triton HPE 3.2 CD TB Int.Diesel Mec;2018
41;4479;L200 Triton HPE 3.5 CD V6 24V Flex Aut.;2017
41;7515;L200 Triton KTM 3.2 CD TB Int.Dies. Mec.;2016
41;9120;L200 Triton MotorSports HPE 2.4 Dies.;2021
41;7490;L200 Triton OUTDOOR 2.4 Flex 16V CD Mec.;2018
41;7740;L200 Triton S. HPE FTP 2.4 CD Dies. Aut.;2018
41;7488;L200 Triton Savana 3.2 CD TBI Dies. Aut.;2018
41;6240;L200 Triton Savana 3.2 CD TBI Dies. Mec.;2018
41;7230;L200 Triton Savanaoff 3.2 CD TBI Die.Mec;2016
41;7741;L200 Triton Sport GLS 2.4 CD Diesel Mec.;2018
41;8217;L200 Triton Sport GLX 2.4 CD Diesel Mec.;2020
41;5560;L200 Triton XB 3.2 CD TB Int.Diesel Mec.;2012
41;1729;L300 Base/DX/Canter 2.5 Diesel;2000
41;1730;L300 Top/Luxo 2.5 Diesel;1999
41;5733;Lancer 2.0 16V 160cv Aut.;2016
41;5734;Lancer 2.0 16V 160cv Mec.;2018
41;1731;Lancer Evol. 2.0 Turbo;1999
41;1732;Lancer Evol. VI 2.0 Turbo 4p;2001
41;7142;Lancer Evol. X J. Easton 2.0 16V TB Int.;2015
41;4143;Lancer Evolut. IX MR 2.0 290cv TB-IC;2007
41;1733;Lancer Evolut. VII/ VIII/ IX 2.0 280cv T;2007
41;5381;Lancer Evolution X 2.0 16V 295cv TB Int.;2015
41;1734;Lancer GLX;2000
41;5689;Lancer GT 2.0 16V 160cv Aut.;2018
41;6301;Lancer GT 2.0 16V 4X4 160cv Aut.;2015
41;7313;Lancer GT 2.0 16V Aut.(By Armura-Blind.);2016
41;1735;Lancer GTi Mec;1997
41;7263;Lancer HL 2.0 16V 160cv Aut.;2019
41;7314;Lancer HL 2.0 16V Aut.(By Armura-Blind.);2016
41;7264;Lancer HLE 2.0 16V 160cv Aut.;2018
41;7315;Lancer HLE 2.0 16V Aut.(By Armura-Blind);2016
41;7433;Lancer HL-T 2.0 16V 160cv Aut.;2019
41;1736;Lancer LS 1.8;1995
41;5690;Lancer Sport Ralliart 2.0 16V TB Int. 5p;2013
41;1737;Mirage ES;1994
41;1738;Mirage GS 16V/ GLSi1.6;1995
41;1739;Mirage LS;1994
41;1740;Montero 2.8 Diesel;1995
41;5503;OUTLANDER 2.0 16V 160cv Aut.;2018
41;10035;OUTLANDER 2.0 16V 4x4 Aut. (Híbrido);2015
41;7265;OUTLANDER 2.2 165cv Diesel Aut.;2018
41;4813;OUTLANDER 2.4 16V 170cv Aut.;2011
41;4411;OUTLANDER 3.0/ GT 3.0 V6 Aut.;2018
41;7981;OUTLANDER COMFORT 2.0 16V Aut.;2018
41;8673;OUTLANDER GLS 2.0 16V 5p Aut.;2019
41;8635;OUTLANDER HPE-S 2.2 Diesel 4x4 Aut.;2022
41;8591;OUTLANDER HPE-S 3.0 V6 4x4 5p Aut.;2022
41;9624;OUTLANDER HPE-S BLACK ED. 3.0 4x4 Aut.;2022
41;9595;OUTLANDER SP. HPE BL.ED 4x2 2.0 Flex Aut;2022
41;9596;OUTLANDER Sp. HPE BL.ED 4x4 2.0 Flex Aut;2022
41;9146;OUTLANDER Sport GLS 2.0 16V Flex Aut.;2022
41;7198;Pajero 3.2 4x4 T.I. Dies. 5p Aut;2016
41;4979;Pajero DAKAR 3.2 4x4 T.I. Dies. 5p Aut.;2015
41;4980;Pajero DAKAR 3.2 4x4 T.I. Dies. 5p Mec.;2015
41;6071;Pajero DAKAR HPE 3.2 4x4 T.I Dies 5p Aut;2015
41;5583;Pajero DAKAR/HPE 3.5 4x4 Flex 5p Aut.;2016
41;1741;Pajero Evolution 4x4 3.5 V6;1998
41;4802;Pajero Full GLS/GLS/PKHPE 3.2 Dies.TI 5p;2009
41;9485;Pajero Full Legend Ed.3.2 T.I. Die. Aut.;2021
41;1742;Pajero GLS 2.8 Diesel Turbo Aut.;2002
41;1743;Pajero GLS 2.8 Diesel Turbo Mec.;2002
41;1744;Pajero GLS 3.0 V6 2p Aut.;2000
41;1745;Pajero GLS 3.0 V6 2p Mec.;2002
41;1746;Pajero GLS 3.0 V6 4p Aut.;2002
41;1747;Pajero GLS 3.0 V6 4p Mec.;2000
41;1748;Pajero GLS 3.5 V6 2p Aut;2004
41;1749;Pajero GLS 3.5 V6 2p Mec.;2000
41;1750;Pajero GLS 3.5 V6 4p Aut.;2004
41;1751;Pajero GLS 3.5 V6 4p Mec.;2000
41;1752;Pajero GLS 3.5 V6 Top 2p Aut;2000
41;1753;Pajero GLS 3.5 V6 Top 4p Aut;2000
41;4333;Pajero GLS Full 3.8 V6 250cv 5p Aut.;2009
41;1754;Pajero GLS HPE/HPE Full 3.8 233cv 3p Aut;2007
41;1755;Pajero GLS HPE/HPE Full 3.8 233cv 5p Aut;2007
41;1757;Pajero GLX 2.8 Diesel 4p Mec;1998
41;1758;Pajero GLX 3.0 V6 4p Mec;1999
41;1759;Pajero GLZ 2.8 4x4 Turbo Diesel;1995
41;1760;Pajero GLZ 3.0 4x4 V6;1994
41;8219;Pajero HD-S 3.2 4x4 T.I. Diesel 5p Mec.;2018
41;7199;Pajero HPE 3.2 4x4 T.I. Dies. 5p Aut.;2018
41;7200;Pajero HPE 3.5 4x4 Flex 5p Aut.;2018
41;4803;Pajero HPE Full 3.2 4x4 T.I.Dies. 5p Aut;2020
41;3972;Pajero HPE Full 3.2 4x4 T.I.Dies.3p Aut.;2020
41;4334;Pajero HPE Full 3.8 V6 250cv 3p Aut.;2018
41;4335;Pajero HPE Full 3.8 V6 250cv 5p Aut.;2020
41;7358;Pajero HPE-S 3.2 4x4 T.I.Diesel 5p Aut.;2016
41;1761;Pajero iO Aut.;2002
41;1762;Pajero iO Mec.;2001
41;1763;Pajero iO SE 1.8 16V Aut.;2002
41;1764;Pajero iO SE 1.8 16V Mec.;2002
41;7621;Pajero OUTDOOR 3.2 4x4 T.I. Dies.5p Aut.;2018
41;1765;Pajero Sport 2.8 4x4 Diesel Aut.;2005
41;1766;Pajero Sport 2.8 4x4 Diesel Mec.;2003
41;1767;Pajero Sport 3.0 4x2 V6 Mec./Aut.;2003
41;1768;Pajero Sport 3.0 4x4 V6 Mec./Aut.;2006
41;4981;Pajero Sport 3.5 V6 Flex 4x4 Aut.;2011
41;4065;Pajero Sport HPE 2.5 4x4 Diesel Aut.;2011
41;4066;Pajero Sport HPE 2.5 4x4 Diesel Mec.;2011
41;3973;Pajero Sport HPE 3.5 4x4 200cv Aut.;2009
41;1769;Pajero Sport SE 3.0 4x2 V6 177cv Aut.;2003
41;1770;Pajero Sport SE/ HPE 2.8 4x4 Diesel Aut.;2007
41;1771;Pajero Sport SE/ HPE 3.0 4x4 177cv Aut.;2006
41;1774;Pajero TR4 2.0 Blind. 16V 131cv 4x4 Aut.;2009
41;1775;Pajero TR4 2.0 Blind. 16V 131cv 4x4 Mec.;2007
41;5735;Pajero TR4 2.0 Flex 16V 4X2 Aut.;2015
41;5736;Pajero TR4 2.0 Flex 16V 4X2 Mec.;2015
41;1772;Pajero TR4 2.0/ 2.0 Flex 16V 4x4 Aut.;2015
41;1773;Pajero TR4 2.0/ 2.0 Flex 16V 4x4 Mec.;2015
41;4642;Pajero TR4 GLS 2.0 Flex 16V 4x4 Mec.;2012
41;1776;Space Wagon GLS 2.0;1995
41;1777;Space Wagon GLS 2.4;1995
41;1778;Space Wagon GLXi 2.4 (Nova Série);2004
41;1779;Space Wagon/ GLXi 2.4;1999
42;1780;Picape BG-Truck CD Turbo Diesel;1997
43;1781;350Z 3.5 V6 280cv/ 312cv 2p;2009
43;1782;Altima GXE 2.4 16V;1994
43;1783;Altima SE 2.4 16V;1995
43;6644;ALTIMA SL 2.5 16V 4p Aut.;2014
43;1784;AX 6.5D Turbo Diesel;1996
43;1785;D-21 Pick-Up CD 4x2/4x4 2.7 Diesel;1997
43;1786;D-21 Pick-Up CS 4x2/4x4 2.7 Diesel;1997
43;1787;Frontier AX 3.2 CD Diesel;2000
43;1788;Frontier AX CD 4x4 2.5 TB Interc. Diesel;2002
43;1789;Frontier DX 3.2 CD Diesel;1999
43;5626;Frontier LE ATTACK CD 4x4 2.5 TB Die.Aut;2013
43;7887;Frontier LE CD 4x4 2.3 Bi-TB Diesel Aut.;2022
43;4262;Frontier LE CD 4x4 2.5 TB dies.(Import.);2007
43;4775;Frontier LE CD 4x4 2.5 TB Diesel Aut.;2013
43;4776;Frontier LE CD 4x4 2.5 TB Diesel Mec.;2013
43;6756;Frontier PLATINUM CD 4x4 2.5 TB Diesel;2014
43;6394;Frontier S CD 4x2 2.5 TB Diesel;2015
43;6395;Frontier S CD 4x4 2.5 TB Diesel;2016
43;5627;Frontier SE ATTACK CD 4x2 2.5 TB Diesel;2013
43;5628;Frontier SE ATTACK CD 4x4 2.5 TB Diesel;2013
43;1790;Frontier SE Serrana CD 4x4 2.8 TB Dies;2007
43;4408;Frontier SE Vibe CD 2.8 TDI Dies.;2007
43;1792;Frontier SE/ SE ONE CD 4x2 2.8 TDI Dies;2007
43;4777;Frontier SE/SE Strik CD 4x2 2.5 TB Dies.;2012
43;4778;Frontier SE/SE Strik CD 4x4 2.5 TB Dies.;2012
43;1791;Frontier SE/SE Strik/ONE CD 4x4 2.8 Dies;2008
43;4519;Frontier SEL CD 4x4 2.5 TB Diesel;2008
43;4520;Frontier SEL CD 4x4 2.5 TB Diesel Aut.;2008
43;6241;Frontier SL CD 4x4 2.5TB Diesel Aut;2016
43;6967;Frontier SV AT. CD 4x4 2.5 TB Dies. Aut.;2016
43;6243;Frontier SV AT.CD 4x4 2.5 TB Diesel Mec.;2016
43;6242;Frontier SV ATTACK CD 4x2 2.5 TB Diesel;2015
43;5135;Frontier XE  CD 4x4 2.5 TB Diesel;2013
43;1793;Frontier XE ATTACK CD 2.8 TDI Diesel;2008
43;4779;Frontier XE CD 4x2 2.5 TB Diesel;2013
43;1794;Frontier XE CS 4x2 2.8 TB Interc. Dies.;2007
43;1795;Frontier XE/ XE TIT. CD 4x2 2.8 TDI Dies;2007
43;1796;Frontier XE/ XE TIT. CD 4x4 2.8 TDI Dies;2008
43;9632;Frontier X-GEAR CD 4x4 2.3 Bi-TB Die.Aut;2022
43;7805;GT-R 3.8 V6 BiTurbo Aut.;2019
43;1797;Infinit 3.0;1992
43;9334;KICKS Active S 1.6 16V Flex Aut.;2022
43;7669;KICKS Rio 2016 1.6 16V FlexStar 5p Aut.;2017
43;8020;KICKS S 1.6 16V Flex 5p Aut.;2021
43;7982;KICKS S 1.6 16V FlexStar 5p Mec.;2021
43;9594;KICKS S Direct 1.6 16V Flex 5p Aut.;2020
43;7670;KICKS SL 1.6 16V FlexStar 5p Aut.;2021
43;8867;KICKS Special Ed. 1.6 16V Flex 5p Aut.;2020
43;8927;KICKS Special Ed.1.6 16V Flex 5p Mec.;2020
43;7983;KICKS SV 1.6 16V FlexStar 5p Aut.;2021
43;7839;KICKS SV Limited 1.6 16V Flex 5p Aut.;2017
43;8637;KICKS UCL 1.6 16V Flex 5p Aut.;2021
43;1798;King-Cab SE 4x4 3.0 V6;1995
43;4864;LIVINA 1.6 16V Flex Fuel 5p;2014
43;4866;LIVINA 1.8 16V Flex Fuel Aut.;2010
43;4982;LIVINA GRAND 1.8 16V Flex Fuel Aut.;2010
43;4983;LIVINA GRAND 1.8 16V Flex Fuel Mec.;2010
43;5253;LIVINA GRAND S 1.8 16V Flex Fuel Aut.;2011
43;5254;LIVINA GRAND S 1.8 16V Flex Fuel Mec.;2014
43;4984;LIVINA GRAND SL 1.8 16V Flex Fuel Aut.;2014
43;4985;LIVINA GRAND SL 1.8 16V Flex Fuel Mec;2010
43;5474;LIVINA NIGHT&DAY 1.6 16V Flex Fuel Mec.;2012
43;5255;LIVINA S 1.6 16V Flex Fuel Mec.;2014
43;5256;LIVINA S 1.8 16V Flex Fuel Aut.;2014
43;4865;LIVINA SL 1.6 16V Flex Fuel 5p;2012
43;4867;LIVINA SL 1.8 16V Flex Fuel Aut.;2013
43;5036;LIVINA X-GEAR 1.6 16V Flex Fuel Mec.;2010
43;5257;LIVINA X-GEAR S 1.6 16V Flex Fuel;2011
43;5037;LIVINA X-GEAR SL 1.6 16V Flex Fuel Mec.;2012
43;5038;LIVINA X-GEAR SL/X-GEAR 1.8 Flex F. Aut.;2014
43;7266;MARCH 1.0 12V Flex 5p;2016
43;7622;MARCH 1.0 12V FlexStart 5p;2017
43;5643;MARCH 1.0 16V Flex Fuel 5p;2015
43;6302;MARCH Rio2016 1.0 Flex Fuel 5p;2013
43;6303;MARCH Rio2016 1.6 Flex Fuel 5p;2016
43;7164;MARCH S 1.0 12V Flex 5p;2019
43;5644;MARCH S 1.0 16V Flex Fuel 5p;2015
43;5691;MARCH S 1.6 16V Flex Fuel 5p;2016
43;7709;MARCH S 1.6 16V FlexStart 5p;2018
43;6841;MARCH SL 1.6 16V Flex Fuel 5p;2016
43;7623;MARCH SL 1.6 16V FlexStart 5p Aut.;2020
43;7624;MARCH SL 1.6 16V FlexStart 5p Mec.;2017
43;5693;MARCH SR 1.6 16V Flex Fuel 5p;2014
43;7165;MARCH SV 1.0 12V Flex 5p;2020
43;6842;MARCH SV 1.0 16V Flex Fuel 5p;2015
43;5692;MARCH SV 1.6 16V Flex Fuel;2016
43;7625;MARCH SV 1.6 16V FlexStart 5p Aut.;2020
43;7626;MARCH SV 1.6 16V FlexStart 5p Mec.;2020
43;1799;Maxima 30G/ GLE 3.0 V6 24V;2000
43;1800;Maxima 30GV  Limited 3.0 V6 24V;2002
43;1801;Maxima 30GV/30GV Aero/ GV 3.0 V6 24V;2002
43;1802;Maxima 30J;1997
43;1803;Maxima GXE 3.0;1995
43;1804;Maxima SE 3.0 V6;1994
43;1805;Micra 1.0;1995
43;4193;MURANO SE 3.5 V6 24V 231cv Aut;2009
43;1806;NX 2000;1994
43;1807;NX 2000 Targa 2.0;1993
43;1808;Pathfinder LE 2.5 16V TDI Diesel Aut;2009
43;1809;Pathfinder LE 4.0 V6 24V 266cv Aut;2008
43;4577;Pathfinder SE 2.5 16V TDI Diesel Aut.;2009
43;1810;Pathfinder SE 3.3 V6 12V;2001
43;4578;Pathfinder SE 4.0 V6 24V 266cv Aut.;2008
43;1811;Pathfinder SE 4x4 3.0 12V Aut./Mec.;1996
43;1812;Pathfinder SE Luxo 3.3 V6 12V;2001
43;1813;Pathfinder SE Luxo 3.5 V6 24V 243cv;2005
43;1814;Pathfinder SE Titanium 3.3 V6 12V;2000
43;1815;Pathfinder XE 2.7 TB Diesel;1996
43;1816;Pathfinder XE 4x4;1995
43;1817;Pick-Up CD AX/ DX 4x4 Diesel;1998
43;1818;Pick-Up CS DX 4x4 Diesel;1997
43;1819;Pick-Up King Cab DX 2.7 4x2 Diesel;1995
43;1820;Primera GXE 2.0 16V;2000
43;1821;Quest GXE/ GLE/ SER;1996
43;1822;Quest XE 3.0 V6;1995
43;4294;Sentra 2.0/ 2.0 Flex Fuel 16V Aut.;2013
43;4295;Sentra 2.0/ 2.0 Flex Fuel 16V Mec.;2013
43;1823;Sentra GLE;1995
43;1824;Sentra GSX/ EX;1996
43;1825;Sentra GXE/ SER;2007
43;7595;Sentra S 2.0 FlexStart 16V Aut.;2020
43;4296;Sentra S 2.0/ 2.0 Flex Fuel 16V Aut.;2013
43;4297;Sentra S 2.0/ 2.0 Flex Fuel 16V Mec.;2016
43;6212;Sentra SE 2.0 Flex 16V Aut.;2013
43;7596;Sentra SL 2.0 FlexStart 16V Aut.;2020
43;4298;Sentra SL 2.0/ 2.0 Flex Fuel 16V Aut.;2016
43;5645;Sentra SR 2.0 Flex Fuel 16V Aut.;2012
43;5646;Sentra SR 2.0 Flex Fuel 16V Mec.;2012
43;6616;Sentra SV 2.0 FlexStart 16V Aut.;2020
43;5647;Sentra UNIQUE 2.0 Flex Fuel 16V Aut.;2016
43;1826;Stanza XE 2.4 12V;1993
43;1827;SX 240 2.4;1993
43;1828;Terrano II SE 2.7 Diesel;1997
43;1829;Terrano II SLX 2.7 Diesel;1997
43;4404;TIIDA S 1.8/1.8 Flex 16V  Mec.;2013
43;4405;TIIDA S 1.8/1.8 Flex 16V Aut.;2009
43;5311;TIIDA Sedan 1.8 16V Flex Fuel 4p;2013
43;6188;TIIDA Sedan 1.8 16V Flex Fuel 4p Aut.;2013
43;4406;TIIDA SL 1.8/1.8 Flex 16V  Mec.;2013
43;4407;TIIDA SL 1.8/1.8 Flex 16V Aut.;2013
43;7166;VERSA 1.0 12V FlexStart 4p Mec.;2020
43;7167;VERSA S 1.0 12V FlexStart 4p Mec.;2018
43;5708;VERSA S 1.6 16V Flex Fuel 4p Mec.;2014
43;7627;VERSA S 1.6 16V FlexStart 4p Mec.;2020
43;5709;VERSA SL 1.6 16V Flex Fuel 4p Mec.;2016
43;7628;VERSA SL 1.6 16V FlexStart 4p Aut.;2020
43;7629;VERSA SL 1.6 16V FlexStart 4p Mec.;2019
43;9598;VERSA SL Direct 1.6 16V Flex  Aut. ;2020
43;9060;VERSA Special Ed. 1.6 16V FlexStart Aut.;2020
43;5710;VERSA SV 1.6 16V Flex Fuel 4p Mec.;2016
43;7630;VERSA SV 1.6 16V FlexStart 4p Aut.;2020
43;7631;VERSA SV 1.6 16V FlexStart 4p Mec.;2020
43;7168;VERSA UNIQUE 1.6 16V Flex 4p Mec.;2016
43;7632;VERSA UNIQUE 1.6 16V FlexStart 4p Aut.;2018
43;9168;VERSA V-DRIVE 1.0  12V Flex Mec.;2021
43;9169;VERSA V-DRIVE 1.6 16V Flex Mec.;2021
43;9170;VERSA V-DRIVE Esp.Ed. 1.6 16v Flex Aut.;2021
43;9171;VERSA V-DRIVE PLUS 1.6 16V Flex Aut.;2021
43;9172;VERSA V-DRIVE Premium 1.6 16v Flex Aut.;2021
43;4120;XTerra ECOTRIP 4x4 140cv 2.8 TB Int.Dies;2007
43;1830;XTerra SE 4x4 2.8 132/140cv TB Int.Dies.;2008
43;1831;XTerra XE 4x4 2.8 132cv TB Int. Diesel;2007
43;1832;X-TRAIL GX 2.5 16V 180cv 5p;2008
43;4736;X-TRAIL LE 2.0 16V 138cv Aut.;2009
43;4737;X-TRAIL SE 2.0 16V 138cv Aut.;2009
43;1833;ZX 300 3.0 BI-Turbo;1994
44;1834;106 KID 1.0;1995
44;1835;106 Passion 1.0 3p;2001
44;1836;106 Passion 1.0 5p;2001
44;1837;106 Quiksilver 1.0 3p;2001
44;1838;106 Selection 1.0 3p;2001
44;1839;106 Selection 1.0 5p;2001
44;1840;106 Soleil 1.0 3p;2001
44;1841;106 Soleil 1.0 5p;2001
44;1842;106 XN 3p e 5p;1996
44;1843;106 XT;1995
44;7202;2008 Allure 1.6 Flex 16V 5p Mec.;2020
44;9538;2008 Allure Bus. 1.6 Flex 5p Aut.;2020
44;9641;2008 Allure Essencial 1.6 Flex 16V Aut.;2022
44;9539;2008 Allure Pack Bus. 1.6 Flex Aut.;2020
44;7743;2008 Crossway 1.6 Flex 16V 5p Aut.;2020
44;7203;2008 Griffe 1.6 Flex 16V 5p Aut.;2021
44;7204;2008 Griffe 1.6 Flex 16V 5p Mec.;2018
44;7205;2008 Griffe 1.6 Turbo Flex 16V 5p Mec.;2020
44;9441;2008 SKYWALKER 1.6 Turbo Flex 16V Aut.;2022
44;1844;205 CJ Cabriolet;1995
44;1845;205 CTi Cabriolet 1.4;1995
44;1846;205 GTi 1.4;1995
44;1847;205 XSi/ Junior 1.4 3p;1998
44;4336;206 Allure 1.6 Flex 16V 3p;2008
44;4337;206 Allure 1.6 Flex 16V 5p;2008
44;4338;206 Automatic (feline)1.6 Flex 16V 5p;2008
44;1848;206 CC 1.6 16V 2p;2008
44;1849;206 Feline 1.4/ 1.4 Flex 8V 5p;2008
44;1850;206 Holiday 1.4 8V 75cv 3p;2006
44;1851;206 Holiday 1.4 8V 75cv 5p;2006
44;1852;206 Holiday 1.6 Flex 16V 3p;2006
44;1853;206 Holiday 1.6 Flex 16V 5p;2006
44;4307;206 Moonlight 1.4 Flex 8V 3p;2008
44;4308;206 Moonlight 1.4 Flex 8V 5p;2008
44;1854;206 Passion 1.6;2001
44;1855;206 Passion 1.6 16v 110cv 5p;2004
44;1856;206 Presence 1.4/ 1.4 Flex 8V 3p;2008
44;1857;206 Presence 1.4/ 1.4 Flex 8V 5p;2008
44;1858;206 Rallye 1.6;2001
44;1859;206 Rallye 1.6/ 1.6 Flex 16v 110cv 3p;2006
44;1860;206 Select./Presence 1.6/1.6 Flex 16V 5p;2007
44;1861;206 Selection 1.6 16V 110cv 3p;2004
44;1862;206 Selection/ Sensation 1.0 16v 3p;2006
44;1863;206 Selection/ Sensation 1.0 16v 5p;2006
44;3900;206 Sensation 1.4 Flex 8V 3p;2010
44;3901;206 Sensation 1.4 Flex 8V 5p;2010
44;1864;206 Soleil 1.0 16v 5p;2004
44;1865;206 Soleil 1.6 16v 110cv 5p;2004
44;1866;206 Soleil 1.6 3p;2001
44;1867;206 Soleil 1.6 5p;2001
44;1868;206 Soleil/Quiksilver 1.0 16V 3p;2004
44;1869;206 Soleil/Quiksilver 1.6 16V 110cv 3p;2004
44;4339;206 SW Automatic (feline)1.6 Flex 16V 5p;2008
44;4194;206 SW ESCAPADE 1.6 16V Flex 5p;2008
44;1870;206 SW Feline 1.6/ 1.6 Flex 16V 5p;2008
44;4586;206 SW Moonlight 1.4 Flex 8V 5p;2008
44;1871;206 SW Presence 1.4/ 1.4 Flex 8V 5p;2008
44;1872;206 SW Presence 1.6/1.6 Flex 16V 5p;2007
44;1873;206 Techno 1.0 16V 70cv 5p;2004
44;1874;206 Techno/ Feline 1.6/ 1.6 Flex 16V 5p;2008
44;6545;207 Active 1.4 Flex 8V 5p;2015
44;6274;207 Blue Lion 1.4 Flex 8V 5p;2014
44;5159;207 QUIKSILVER 1.4 Flex 8V 3p;2011
44;5160;207 QUIKSILVER 1.4 Flex 8V 5p;2011
44;5711;207 QUIKSILVER 1.6 Flex 16V 5p;2013
44;4793;207 Sed. Passion XR Sport 1.4 Flex 8V 4p;2013
44;6593;207 Sedan Active 1.4 Flex 8V 4p;2015
44;6594;207 Sedan Allure 1.4 Flex 8v 4p;2014
44;4794;207 Sedan Passion XR 1.4 Flex 8V 4p;2013
44;4795;207 Sedan Passion XS 1.6 Flex 16V 4p;2013
44;4796;207 Sedan Passion XS 1.6 Flex 16V 4p Aut;2013
44;4814;207 SW ESCAPADE 1.6 16V Flex 5p;2013
44;4718;207 SW XR 1.4 Flex 8V 5p;2013
44;4719;207 SW XR Sport 1.4 Flex 8V 5p;2013
44;4720;207 SW XS 1.6 Flex 16V 5p Aut.;2013
44;5110;207 X-Line 1.4 Flex 8V 3p;2012
44;5111;207 X-Line 1.4 Flex 8V 5p;2012
44;4721;207 XR 1.4 Flex 8V 3p;2013
44;4722;207 XR 1.4 Flex 8V 5p;2014
44;4723;207 XR Sport 1.4 Flex 8V 3p;2010
44;4724;207 XR Sport 1.4 Flex 8V 5p;2013
44;4725;207 XS 1.6 Flex 16V 3p;2010
44;4726;207 XS 1.6 Flex 16V 5p;2013
44;4727;207 XS 1.6 Flex 16V 5p Aut.;2013
44;7552;208 Active 1.2 Flex 12V 5p Mec.;2020
44;7553;208 Active Pack 1.2 Flex 12V 5p Mec.;2019
44;6843;208 Active Pack 1.6 Flex 16V 5p Aut.;2021
44;6396;208 Active/Active Pack 1.5 Flex 8V 5p;2016
44;7554;208 Allure 1.2 Flex 12V 5p Mec.;2020
44;6397;208 Allure 1.5 Flex 8V 5p;2016
44;7516;208 Allure inconcert 1.5 Flex 8V 5p Mec.;2016
44;7555;208 Allure inconcert 1.6 Flex 16V 5p Aut;2016
44;6399;208 Griffe 1.6 Flex 16V 5p Mec.;2017
44;9540;208 Griffe Bus. 1.6 Flex 5p Aut.;2020
44;7556;208 GT 1.6 THP Flex 16V 5p Mec.;2020
44;8348;208 Inconcert 1.6 Flex 16V 5p Aut.;2019
44;9235;208 Like 1.6 Flex 16V 5p Mec.;2022
44;9642;208 Like Essencial 1.6 Flex 16V 5p Mec.;2022
44;6448;208 Premier 1.6 Flex 16V 5p;2014
44;7557;208 Sport 1.6 Flex 16V 5p Mec.;2018
44;8061;208 URBANTECH1.6 Flex 16V 5p Aut.;2018
44;5427;3008 Allure 1.6 Turbo 16V 5p Aut.;2020
44;8243;3008 Griffe Pack 1.6 Turbo 16V 5p Aut.;2020
44;6546;3008 Roland Garros 1.6 Turbo 16V 5p;2014
44;1875;306 Break Passion 1.8 16V;2001
44;1876;306 Cabriolet 1.8/ Mi 16V;1998
44;1877;306 Cabriolet 2.0;2000
44;1878;306 GTi 2.0 16V;2000
44;1879;306 Passion 1.8 16V;2001
44;1880;306 Passion Sedan 1.8 16V;2001
44;1881;306 Rallye 1.8 16V;2001
44;1882;306 S16 2.0 3p;1995
44;1883;306 Selection Hatch 1.8 16V;2000
44;1884;306 Selection Sedan 1.8 16V;2000
44;1885;306 Si/ SL 1.8;1998
44;1886;306 Soleil 1.8 16V  4p;2001
44;1887;306 Soleil 1.8 16V 2p;2001
44;1888;306 Soleil Break 1.8 16V 5p;2001
44;1889;306 Soleil Hatch 1.8 16V 5p;2001
44;1890;306 SR;1997
44;1891;306 XN 1.8;1998
44;1892;306 XR 1.8 / XR Break 1.8 16V;1998
44;1893;306 XS 1.6 3p/ ST 1.8i 4p;1997
44;1894;306 XSi 2.0 3/5p;1996
44;1896;307 CC 2.0 16V 138cv 2p Mec.;2005
44;1895;307 CC 2.0 16V 2p Aut.;2008
44;1898;307 Feline 2.0/2.0 Flex 16V 5p Mec.;2010
44;1897;307 Feline/Griff/Premi. 2.0 Flex 5p Aut.;2012
44;5400;307 MILLESIM200 1.6 Flex 16V 5p;2011
44;1899;307 Passion 1.6 16V 110cv 5p;2004
44;3974;307 Passion 2.0 16V 138cv 5p;2003
44;4986;307 Presence 2.0 Flex 16V 5p Aut.;2012
44;1900;307 Rallye 1.6 16V 110cv 5p;2003
44;1901;307 Rallye 2.0 16V 138cv 5p;2005
44;1902;307 Rallye 2.0 16V 138cv 5p Aut.;2006
44;4144;307 Sed. Feline 2.0/2.0 Flex 16V 4p Mec.;2010
44;4146;307 Sed. Presence 1.6 Flex 16V 4p;2012
44;4987;307 Sed. Presence 2.0 Flex 16V 5p Aut.;2011
44;4145;307 Sed.Feline/Griff 2.0/2.0 Flex 4p Aut;2011
44;1903;307 Soleil/ Presence 1.6/1.6 Flex 16V 5p;2012
44;1905;307 SW 2.0 16V 138cv 5p Mec.;2005
44;1904;307 SW 2.0 16V 5p Aut.;2007
44;4340;307 SW Allure 2.0 16V 5p Aut.;2008
44;4341;307 SW Allure 2.0 16V 5p Mec.;2008
44;4342;307 SW Feline 2.0 16V 5p Aut.;2008
44;5901;308 Active 1.6 Flex 16V 5p mec.;2015
44;5902;308 Allure 1.6 Flex 16V 5p Mec.;2016
44;7744;308 Allure 1.6 Turbo Flex 16V 5p Aut.;2018
44;5903;308 Allure 2.0 Flex 16V 5p Aut.;2016
44;5904;308 Allure 2.0 Flex 16V 5p Mec.;2015
44;9582;308 Bus. Pro 1.6 TB Flex 5p Aut.;2019
44;8062;308 Business 1.6 Turbo Flex 16V 5p Aut.;2019
44;6189;308 CC 1.6 Turbo 16V 2p Aut.;2015
44;6547;308 CC Roland Garros 1.6 Turbo16V 2p Aut;2014
44;5905;308 Feline 2.0 Flex 16V 5p Aut.;2013
44;6304;308 Feline/Griffe 1.6 Turbo 16V 5p Aut.;2016
44;7402;308 Griffe 1.6 Turbo Flex 16V 5p Aut.;2019
44;7104;308 QUIKSILVER 1.6 Flex 16V 5p Mec.;2015
44;7984;308 Roland Garros 1.6 TB Flex 16V 5p Aut;2018
44;6493;308 Roland Garros 1.6 Turbo 16V 5P;2015
44;1906;405 GLi/ GL 1.6;1996
44;1907;405 GRi 1.8;1996
44;1908;405 Mi 2.0 16V;1995
44;1909;405 SRi 1.8;1996
44;1910;405 SRi 2.0;1999
44;1911;405 SRi Break;1995
44;1912;405 STi;1995
44;1913;406 Break 2.0 16V;1999
44;1914;406 Break 3.0 V6 24V;1999
44;1915;406 Break ST 2.0;1999
44;1916;406 Cupê 3.0 24V Aut.;2004
44;1917;406 Cupê 3.0 24V Mec.;2001
44;1918;406 Familiale 2.0 16V Aut.;2001
44;1919;406 Familiale 2.0 16V Mec.;2003
44;1920;406 Sedan 2.0 Aut.;2001
44;1921;406 Sedan 2.0 Mec.;2003
44;1922;406 Sedan 3.0 V6 24V;2004
44;1923;406 ST 2.0 16V  Mec;2001
44;1924;406 ST/ SVA 2.0 16V Aut;2001
44;1925;406 SV 2.0 16V;2000
44;1926;406 SVA 3.0 24V;2000
44;1927;406 SVE 3.0 24V;1999
44;4343;407 Sed. Allure 2.0 16V 4p Aut.;2009
44;4344;407 Sed. Feline 3.0 V6 211cv 4p Aut.;2009
44;4345;407 Sed. Griffe 3.0 V6 211cv 4p Aut.;2009
44;1928;407 Sedan 2.0 16V  138cv 4p Aut.;2007
44;1929;407 Sedan 3.0 V6 211cv 4p Aut.;2007
44;1930;407 SW 2.0 16V 5p Aut.;2007
44;1931;407 SW 3.0 V6 211cv 5p Aut.;2007
44;4346;407 SW Allure 2.0 16V 5p Aut.;2009
44;4347;407 SW Feline 3.0 V6 211cv 5p Aut.;2009
44;9583;408 Sed. Bus. Pro 1.6 TB Flex Aut.;2019
44;7745;408 Sed. Bus./Allure 1.6 TB Flex 16V Aut;2019
44;7985;408 Sed. R.Garros 1.6 TB Flex 16V 4p Aut;2018
44;5504;408 Sedan Allure 2.0 Flex 16V 4p Aut.;2016
44;5505;408 Sedan Allure 2.0 Flex 16V 4p Mec.;2015
44;5506;408 Sedan Feline 2.0 Flex 16V 4p Aut.;2013
44;7710;408 Sedan Griffe 1.6 TB Flex 16V 4p Aut.;2019
44;5906;408 Sedan Griffe 1.6 Turbo 16V 4p Aut.;2016
44;5507;408 Sedan Griffe 2.0 Flex 16V 4p Aut.;2012
44;7169;408 Sedan Limited 2.0 Flex 16V 4p Aut.;2012
44;8244;5008 Griffe 1.6 Turbo 16V 5p Aut.;2019
44;8288;5008 Griffe Pack 1.6 Turbo 16V 5p Aut.;2020
44;1932;504 GD 2.3 Diesel;1999
44;1933;504 GRD 2.3 Diesel;1999
44;1934;505 SR/ SRi/ SRX;1993
44;6072;508 THP 1.6 Turbo 16V 4p Aut.;2014
44;1935;605 SRi 3.0;1995
44;1936;605 SRi/ SLi 2.0;1995
44;1937;605 SV 3.0 Aut.;1995
44;1938;605 SV-3 3.0 V6 24V;2000
44;1939;607 Sedan 3.0 V6;2005
44;1940;806 ST Turbo;2000
44;1941;806 SV 2.0 Turbo;1995
44;1942;807 2.0 16V 138cv 5p Aut.;2004
44;5076;Boxer 2.3 Furg.TB Dies. Curto/Médio;2016
44;5077;Boxer 2.3 Furg.TB Dies. Méd/ LongoT.Alto;2016
44;5597;Boxer 2.3 LH Executive 15/16L TB Diesel;2017
44;5112;Boxer 2.3 Minibus 15/16L TB Diesel.;2017
44;1943;Boxer 2.5 Diesel;2000
44;1944;Boxer 2.8 10Lug. Diesel;2003
44;1947;Boxer 2.8 Furg. TB Dies. Méd/LongoT.Alto;2009
44;1946;Boxer 2.8 Furgão Dies/ TB Dies.curto/méd;2009
44;1945;Boxer 2.8 Van Diesel/TB Diesel 15L/16L;2009
44;8105;Expert Business 1.6 Turbo Diesel;2020
44;8106;Expert Business Pack 1.6 Turbo Diesel;2022
44;8505;Expert Minibus 1.6 Turbo Diesel;2022
44;9201;Expert VITRÉ 1.6 Turbo Diesel;2022
44;6645;HOGGAR Active 1.4 Flex 8V 2p;2014
44;6646;HOGGAR Allure 1.4 Flex 8V 2p;2014
44;5258;HOGGAR ESCAPADE 1.6 Flex 16V 2p;2014
44;5259;HOGGAR X-Line 1.4 Flex 8V 2p;2014
44;5260;HOGGAR XR 1.4 Flex 8V 2p;2013
44;5282;Partner  VAN 1.6  Flex 16V  5p;2013
44;5283;Partner  VAN ESCAPADE 1.6 Flex 16V 5p;2013
44;1948;Partner Furgão 1.6 16V/ 1.6 16V Flex 3p;2022
44;1949;Partner Furgão 1.8 3p;2003
44;5669;RCZ 1.6 Turbo 16V 2p Aut.;2015
45;1950;Gran Voyager LE 2.5;1995
45;1951;Sundance 2.5;1993
46;1952;Trans-AM 5.7 V8;1995
46;1953;Trans-Sport SE 3.1;1992
47;9443;718 Boxster 25Anos 4.0 400cv;2022
47;8245;718 Boxster GTS 2.5 365cv;2021
47;7518;718 Boxster S 2.5 350cv;2021
47;9444;718 Boxster Spyder 4.0 420cv;2022
47;8220;718 Cayman GTS 2.5 365cv;2020
47;7840;718 Cayman S 2.5 350cv;2021
47;7987;911 4 GTS Targa 3.0 24V (991);2018
47;7597;911 Carrera 4 Cabriolet 3.0 (991);2019
47;7598;911 Carrera 4 Coupe 3.0 (991);2019
47;7316;911 Carrera 4 GTS Coupe 3.8 24V (991);2016
47;7458;911 Carrera 4 GTS Targa 3.8 24V (991);2017
47;7599;911 Carrera 4S Cabriolet 3.0 (991/992);2021
47;1954;911 Carrera 4S Cabriolet-4 3.6/3.8;2015
47;7600;911 Carrera 4S Coupe 3.0 (991/992);2021
47;1955;911 Carrera 4S Coupe-4 3.6/3.8;2015
47;1956;911 Carrera Cabriolet 3.4/ 3.6 Mec.;2000
47;1957;911 Carrera Cabriolet 3.4/ 3.6 Tiptronic;2001
47;1958;911 Carrera Cabriolet-4 3.4 Mec.;1997
47;1959;911 Carrera Cabriolet-4 3.4 Tiptronic;1997
47;1960;911 Carrera Coupe;1997
47;5584;911 Carrera Coupe Black Edi. 3.6/3.4 24V;2016
47;5508;911 Carrera Coupe GTS 3.8 24V 408cv;2012
47;1961;911 Carrera Coupe Tiptronic;1997
47;1962;911 Carrera Coupe-4 3.4/ 3.6;2008
47;1963;911 Carrera Coupe-4 3.4/ 3.6 Tiptronic;2009
47;1964;911 Carrera Evo Cabriolet;2004
47;1965;911 Carrera Evo Cabriolet-4;2004
47;1966;911 Carrera Evo Coupe;2008
47;1967;911 Carrera Evo Coupe-4;2004
47;7317;911 Carrera GTS Cabriolet 3.8 24V (991);2015
47;7318;911 Carrera GTS Coupe 3.8 24V (991);2016
47;7043;911 Carrera S 50th Coupe 3.8 24V(991);2014
47;1969;911 Carrera S Cabriolet 3.8 24V;2012
47;6034;911 Carrera S Cabriolet 3.8 24V (991);2015
47;1970;911 Carrera S Coupe 3.8 24V;2012
47;6035;911 Carrera S Coupe 3.8 24V (991);2015
47;8421;911 GT2 RS 3.8 V6 700cv (991);2019
47;9654;911 GT3 4.0 500cv/510cv (991);2022
47;1968;911 GT3/ GT2 Street;2015
47;9024;911 SPEEDSTER 4.0 510CV;2019
47;1971;911 Targa 3.6;2005
47;7605;911 Targa 4 3.0 370cv (991);2019
47;4299;911 Targa 4S;2015
47;7606;911 Targa 4S 3.0 420cv (991);2019
47;1976;928 GTS 5.4 32V;1995
47;1977;968 Cabriolet 3.0;1995
47;1978;968 Coupe 3.0 16V;1995
47;5039;Boxster  2.9 255cv;2013
47;6190;Boxster 2.7 265cv;2016
47;6968;Boxster GTS 3.4 330cv;2016
47;1979;Boxster Mec.;2009
47;1980;Boxster S;2009
47;5040;Boxster S 3.4 310cv;2013
47;6191;Boxster S 3.4 315/319cv;2016
47;1981;Boxster S Tiptronic;2009
47;5429;Boxster Spyder 3.4 320cv;2011
47;7519;Boxster Spyder 3.8 375cv;2016
47;1982;Boxster Tiptronic;2009
47;9320;Cayenne 3.0 V6 340cv;2021
47;9321;Cayenne Coupe 3.0 V6 340cv;2021
47;7206;Cayenne GTS 3.6 Bi-Turbo 440cv;2018
47;4631;Cayenne GTS 4.8 405/420cv;2014
47;8042;Cayenne Platinum Ed. 3.6;2018
47;8461;Cayenne S 2.9 Bi-Turbo V6 440cv;2021
47;9975;Cayenne S 3.0 V6 416cv (Híbrido);2017
47;7232;Cayenne S 3.6 Bi-Turbo 420cv;2017
47;1983;Cayenne S 4.5/4.8;2014
47;1984;Cayenne Turbo 4.5/4.8;2018
47;4246;Cayenne Turbo S 4.5/4.8 32V;2017
47;1985;Cayenne V6 3.2/3.6 24V;2017
47;4247;Cayman 2.7/ 2.9;2016
47;7207;Cayman GT4 3.8 385cv;2016
47;6969;Cayman GTS 3.4 340cv;2016
47;5490;Cayman R 3.4 330cv;2012
47;3902;Cayman S 3.4;2016
47;10025;Macan 3.6 Bi-Turbo 400cv;2018
47;7671;Macan GTS 3.0 Bi-Turbo 360cv;2018
47;10027;Macan Performance 3.6 Bi-TB V6;2017
47;7911;Panamera 3.0 330cv;2020
47;5430;Panamera 3.6 V6 300cv/310cv;2016
47;8350;Panamera 4 3.0 330cv;2020
47;10037;Panamera 4 Executive 2.9 462cv (Híbrido);2020
47;8352;Panamera 4 Executive 3.0 330cv;2020
47;8290;Panamera 4 Sport Turismo 3.0 330cv;2020
47;7888;Panamera 4S 2.9 440cv;2018
47;5078;Panamera 4S 4.8 400cv;2013
47;7910;Panamera 4S Executive 2.9 440cv;2018
47;8353;Panamera 4S Sport Turismo 2.9 440cv;2018
47;7459;Panamera Edition 3.6 v6 310cv;2016
47;6275;Panamera GT-S 4.8;2015
47;6595;Panamera S 3.0 Bi-Turbo 420cv;2016
47;5079;Panamera S 4.8 400cv;2013
47;10041;Panamera TB S Sport Turis. 4.0 (Híbrido);2020
47;7889;Panamera Turbo 4.0 550cv;2020
47;5080;Panamera Turbo 4.8 500cv/520cv;2017
47;8355;Panamera Turbo Executive 4.0 550cv;2018
47;5670;Panamera Turbo S 4.8;2016
47;10043;Panamera Turbo S Execul. 4.0 (Híbrido);2020
47;8246;Panamera Turbo Sport Turismo 4.0;2020
185;9541;2500 LARAM. 6.7 RODEO ED. TB CD 4x4 Die.;2021
185;6306;2500 LARAMIE TROPIV. 6.7 4x4 Diesel;2012
186;6596;LINK 1.3 16V 5p;2014
186;6307;PICK-UP Q22B CS 1.0 2p;2014
186;6648;PICK-UP Q22D CS 1.0 2p;2014
186;6647;PICK-UP Q22E CD 1.0 4p;2015
186;6469;VAN Q22 1.0 5p;2014
48;1986;19 16S/ RT 16V;1996
48;1987;19 RN;1998
48;1988;19 RT 1.8/ 1.8i;1999
48;1989;19 RT 1.8/ 1.8i Conv.;1995
48;1990;21 GTX 2.0;1994
48;1991;21 Nevada GTX 2.2;1994
48;1992;21 Nevada TXE 2.2;1994
48;1993;21 TXE/ TXi 2.2;1994
48;7990;CAPTUR Intense 1.6 16V Flex 5p Aut.;2021
48;7890;CAPTUR Intense 2.0 16V Flex 5p Aut.;2021
48;8869;CAPTUR Intense Bose 1.6 16V Flex 5p Aut.;2021
48;8870;CAPTUR Intense Bose 2.0 16V Flex 5p Aut.;2021
48;9587;CAPTUR Life 1.6 16V Flex 5p Aut.;2022
48;7991;CAPTUR Zen 1.6 16V Flex 5p Aut.;2020
48;7891;CAPTUR Zen 1.6 16V Flex 5p Mec.;2021
48;1997;Clio Auth. /AIR Hi-Flex 1.6 16V 5p;2008
48;1994;Clio Authentique 1.0 8V 3p;2008
48;1995;Clio Authentique 1.0/1.0 Hi-Power 16V 3p;2016
48;3903;Clio Authentique Hi-Flex 1.0 16V 3p;2008
48;3904;Clio Authentique Hi-Flex 1.0 16V 5p;2008
48;1996;Clio Authentique Hi-Flex 1.6 16V 3p;2008
48;4643;Clio Campus Hi-Flex 1.0 16V 3p;2010
48;4644;Clio Campus Hi-Flex 1.0 16V 5p;2010
48;1998;Clio Dynamique 1.0/ 1.0 Hi-Power 16V 3p;2006
48;1999;Clio Dynamique 1.6 16V 110cv 3p;2005
48;2000;Clio Dynamique Hi-Flex 1.6 16V 3p;2006
48;2001;Clio Expression 1.0 8V 60cv 3p;2006
48;2002;Clio Expression 1.0/1.0 Hi-Power 16V 3p;2006
48;3905;Clio Expression Hi-Flex 1.0 16V 3p;2008
48;3906;Clio Expression Hi-Flex 1.0 16V 5p;2008
48;3993;Clio GetUp Hi-Flex 1.0 16V 3p;2009
48;3994;Clio GetUp Hi-Flex 1.0 16V 5p;2009
48;5312;Clio Hi-Flex 1.0 16V 3p;2012
48;5313;Clio Hi-Flex 1.0 16V 5p;2012
48;9658;Clio Hi-Flex/ Expres. Hi-Flex 1.6 16V 3p;2006
48;2004;Clio Hi-Flex/ Expres. Hi-Flex 1.6 16V 5p;2008
48;3907;Clio Privilège Hi-Flex 1.0 16V 5p;2007
48;2005;Clio Privilège Hi-Flex 1.6 16V 5p;2007
48;2006;Clio RL / Yahoo/ Authent. 1.0 8V 5p;2008
48;2007;Clio RL 1.6 3p/5p;2000
48;2008;Clio RL Alizé/ Authent. 1.6 16V 110cv 5p;2005
48;2009;Clio RL/ JP/Auth.1.0/1.0 Hi-Power 16V 5p;2016
48;2010;Clio RN 1.6 3p (importado);1998
48;2011;Clio RN 1.6 5p;2002
48;2013;Clio RN/ Expression 1.0 5p;2006
48;2014;Clio RN/ Expression 1.6 16V 5p;2005
48;2012;Clio RN/Alizé/Expr./1.0 Hi-Power 16V 5p;2016
48;2015;Clio RT 1.6 5p;2002
48;2016;Clio RT/ Privil. 1.0/1.0 Hi-Power 16V 5p;2006
48;2017;Clio RT/ Privilège 1.6 16V 5p;2005
48;2018;Clio Sed RT/ Privilège/ Botic 1.6 16V 4p;2005
48;2019;Clio Sed. Alizé 1.6/ 1.6 Hi-Flex 16v 4p;2006
48;3908;Clio Sed. Authentique Hi-Flex 1.0 16V 4p;2009
48;2020;Clio Sed. Authentique Hi-Flex 1.6 16V 4p;2009
48;3909;Clio Sed. Expression Hi-Flex 1.0 16V 4p;2009
48;2021;Clio Sed. Hi-Flex/Exp.Hi-Flex 1.6 16V 4p;2009
48;3910;Clio Sed. Privilège Hi-Flex 1.0 16V 4p;2009
48;2022;Clio Sed. Privilège Hi-Flex 1.6 16V 4p;2009
48;2023;Clio Sed.RL/Auth.1.0/1.0 Hi-Power 16V 4p;2006
48;2024;Clio Sed.RN/Alizé/Botic./Exp.1.0 Hi-Pow.;2007
48;2025;Clio Sed.RT/Privil.1.0/1.0 Hi-Pow.16V 4p;2006
48;2026;Clio Sedan Authentique 1.6 16V 110cv 4p;2005
48;3995;Clio Sedan Egeus Hi-Flex 1.0 16V 4p;2007
48;3996;Clio Sedan Egeus Hi-Flex 1.6 16V 4p;2007
48;2027;Clio Sedan RN/ Expression 1.6 16V 4p;2005
48;2028;Clio SI 1.6 16V 4p;2003
48;2029;Clio Tech Run 1.0 16v 70cv 5p;2003
48;5671;DUSTER 1.6 Hi-Flex 16V Mec.;2016
48;9592;DUSTER Authent. 1.6 Flex 16V Aut.;2020
48;7403;DUSTER DAKAR 4x2 1.6 Hi-Flex 16V Mec.;2018
48;7928;DUSTER DAKAR 4x2 2.0 Hi-Flex 16V Aut.;2018
48;7434;DUSTER DAKAR 4x4 2.0 Hi-Flex 16V Mec.;2018
48;7993;DUSTER Dynamique 1.6 Flex 16V Aut.;2020
48;5672;DUSTER Dynamique 1.6 Flex 16V Mec.;2020
48;5673;DUSTER Dynamique 2.0 Flex 16V Aut.;2020
48;5674;DUSTER Dynamique 2.0 Hi-Flex 16V Mec.;2019
48;5675;DUSTER Dynamique 4x4 2.0 Hi-Flex 16V Mec;2020
48;7992;DUSTER Expression 1.6 Flex 16V Aut.;2020
48;5676;DUSTER Expression 1.6 Hi-Flex 16V Mec.;2020
48;8785;DUSTER GoPro 1.6 16V Flex Aut.;2020
48;8786;DUSTER GoPro 4x4 2.0 Hi-Flex 16V Mec.;2020
48;7377;DUSTER OROCH Dyna. 1.6 Flex 16V Mec.;2022
48;7672;DUSTER OROCH Dyna. 2.0 Flex 16V Aut.;2022
48;7378;DUSTER OROCH Dyna. 2.0 Flex 16V Mec.;2022
48;8580;DUSTER OROCH Express 1.6 Flex 16V Mec.;2022
48;7379;DUSTER OROCH Expression 1.6 Flex 16V Mec;2022
48;6970;DUSTER OUTDOOR 1.6 Hi-Flex 16V Mec.;2015
48;6213;DUSTER TECHROAD 1.6 Hi-Flex 16V Mec.;2015
48;6214;DUSTER TECHROAD 2.0 Hi-Flex 16V Aut.;2015
48;6215;DUSTER TECHROAD 2.0 Hi-Flex 16V Mec.;2015
48;6702;DUSTER TECHROAD 4X4 2.0 16V Mec.;2015
48;2030;Express 1.6/ RL 1.6;2000
48;7105;FLUENCE Sed. Dyn. Plus 2.0 16V FLEX Aut.;2018
48;5509;FLUENCE Sed. Dynamique 2.0 16V FLEX Aut.;2018
48;5510;FLUENCE Sed. Dynamique 2.0 16V FLEX Mec.;2016
48;7673;FLUENCE Sedan Expres. 1.6 16V FLEX Mec.;2014
48;6870;FLUENCE Sedan GT Line 2.0 Flex Aut.;2016
48;6276;FLUENCE Sedan GT SPORT;2014
48;5511;FLUENCE Sedan Privilège 2.0 16V FLEX Aut;2018
48;2031;Kangoo Authentique 1.6 16V 95cv;2007
48;4309;Kangoo Authentique Hi-Flex 1.6 16V;2011
48;4098;Kangoo Expres.SPORTWAY 1.6/1.6 Hi-Flex;2011
48;4310;Kangoo Express Hi-Flex 1.6 16V;2018
48;2032;Kangoo Express RL/ Express 1.0 16V/8V;2005
48;2033;Kangoo Express RL/ Express 1.6 16V/8V;2007
48;4311;Kangoo Expression Hi-Flex 1.6 16V 5p;2008
48;2034;Kangoo RL 1.0 8V;2002
48;2035;Kangoo RL 1.6 8V;2003
48;2036;Kangoo RL/ Yahoo 1.0 16V 70cv;2004
48;2037;Kangoo RN 1.0 8V;2002
48;2039;Kangoo RN/ Yahoo/ Expression 1.0 16V 5p;2005
48;2038;Kangoo RN/Expression 1.6 16V/1.6 8V 5p;2007
48;2040;Kangoo RT 1.0 16V 70cv 5p;2004
48;2041;Kangoo RT 1.6 16V/ 8V 90cv 5p;2004
48;8714;Kwid ConnecTV 1.0 Flex 12V Mec.;2020
48;8022;KWID Life 1.0 Flex 12V 5p Mec.;2022
48;2042;Laguna Grand Tour Privilège 3.0 V6 210cv;2003
48;2043;Laguna Nevada RT/ RXE 2.0s 16V;2001
48;2044;Laguna Privilège 3.0 V6 24V 210cv 5p;2003
48;2045;Laguna RT 2.0;1998
48;2046;Laguna RXE 2.0s 8V/16V;2001
48;2047;Laguna V6;2001
48;7808;LOGAN Authentique Flex 1.0 12V 4p;2020
48;4387;LOGAN Authentique Hi-Flex 1.0 16V 4p;2017
48;4480;LOGAN Authentique Hi-Flex 1.6 8V 4p;2009
48;7268;LOGAN Authentique Plus Hi-F. 1.0 16V 4p;2016
48;5648;LOGAN Avantage Hi-Flex 1.0 16V 4p;2012
48;6971;LOGAN Dyna. EasyR Hi-Flex 1.6 8V;2017
48;7841;LOGAN Dynamique EasyR Flex 1.6 16V 4p;2018
48;7842;LOGAN Dynamique Flex 1.6 16V 4p;2019
48;6649;LOGAN Dynamique Hi-Flex 1.6 8V 4p;2017
48;7106;LOGAN Exclusive EasyR Hi-Flex 1.6 8V 4p;2015
48;7107;LOGAN Exclusive Hi-Flex 1.6 8V 4p;2015
48;8024;LOGAN Expres. Avantage Flex 1.0 12v 4p;2020
48;8025;LOGAN Expres. Avantage Flex 1.6 16V 4p;2020
48;6972;LOGAN Expres. EasyR Hi-Flex 1.6 8V;2017
48;7634;LOGAN Expres. P.Avant. Hi-Flex 1.6 8V 4p;2017
48;4388;LOGAN Expres./Exp. UP Hi-Flex 1.0 16V 4p;2017
48;7843;LOGAN Expression Easy R Flex 1.6 16V 4p;2019
48;7809;LOGAN Expression Flex 1.0 12V 4p;2020
48;7844;LOGAN Expression Flex 1.6 16V 4p;2020
48;5629;LOGAN Expression Hi-Flex 1.6 16V 4p Aut;2013
48;4481;LOGAN Expression Hi-Flex 1.6 8V 4p;2017
48;8787;LOGAN Iconic Flex 1.6 16V 4p Aut.;2022
48;8788;LOGAN Intense Flex 1.6 16V 4p Aut.;2022
48;4389;LOGAN Privilège Hi-Flex 1.6 16V 4p;2010
48;4482;LOGAN Privilège Hi-Flex 1.6 8V 4p;2010
48;8791;LOGAN Zen Flex 1.6 16V 4p Aut.;2022
48;8792;LOGAN Zen Flex 1.6 16V 4p Mec.;2022
48;6404;Master 2.3 dCi Grand F.Vitre16V Diesel;2021
48;6450;Master 2.3 dCi STD Longo 16L Diesel;2015
48;6451;Master 2.3 dCi STD Médio 16L Diesel;2018
48;6452;Master 2.3 dCi STD Médio Esco. 20L Dies.;2017
48;6453;Master 2.3 dCi VIP Longo 16L Diesel;2017
48;6406;Master 2.3 dCi Vitre Furgão 16V Diesel;2015
48;2048;Master 2.5 dCi 16V 115cv 13L Diesel;2011
48;2049;Master 2.5 dCi 16V 115cv 16L Diesel;2013
48;2050;Master 2.5 dCi Chassi 16V 115cv Diesel;2013
48;4833;Master 2.5 dCi Escolar 115cv 16/19L Dies;2013
48;4834;Master 2.5 dCi Executivo 115cv 16L Dies;2013
48;2052;Master 2.5 dCi Furg. Medio/LongoTA Dies.;2013
48;2051;Master 2.5 dCi FurgãoTB Curto Diesel;2013
48;5677;Master 2.5 dCi Vitré 115cv Curto Diesel;2013
48;5678;Master 2.5 dCi Vitré 115cv Longa Diesel;2013
48;2053;Master 2.8 DTI 114cv 16L Diesel;2004
48;2054;Master 2.8 DTI Chassi 114cv Diesel;2004
48;2055;Master 2.8 DTI Furgão 114cv Diesel curto;2004
48;2056;Master 2.8 DTI Furgão Dies.Longo Alto;2004
48;2057;Master 2.8 Furgão 85cv Diesel curto;2004
48;4579;Megane Coupé Cabriolet Dynamique 2.0 Aut;2009
48;4896;Megane G. Tour EXTREME 2.0 16V Aut.;2010
48;4897;Megane G. Tour EXTREME 2.0 16V Mec.;2010
48;4898;Megane G. Tour EXTREME Hi-Flex 1.6 Mec.;2010
48;4203;Megane Grand Tour Dynam. Hi-Flex 1.6 16V;2013
48;4204;Megane Grand Tour Dynamique 2.0 16V Aut.;2011
48;4205;Megane Grand Tour Dynamique 2.0 16V Mec.;2010
48;4728;Megane Grand Tour Expres.Hi-Flex 1.6 16V;2011
48;4677;Megane Grand Tour Privilège 2.0 16V Aut.;2010
48;2058;Megane Hatch RN 1.6;2000
48;2059;Megane Hatch RT 1.6/RT/Alizé/Exp 1.6 16V;2005
48;2060;Megane Hatch RXE 2.0;2001
48;2061;Megane Hatch RXE/Egeus 1.6 16V;2001
48;4624;Megane Sed. Expression 2.0 16V Aut.;2010
48;4687;Megane Sed. Expression 2.0 16V Mec.;2010
48;4899;Megane Sed. EXTREME 2.0 16V Aut.;2010
48;4900;Megane Sed. EXTREME 2.0 16V Mec.;2010
48;4901;Megane Sed. EXTREME HI-Flex 1.6 16V Mec.;2010
48;4067;Megane Sedan Dynamique 2.0 16V Aut.;2011
48;4068;Megane Sedan Dynamique 2.0 16V Mec.;2009
48;3975;Megane Sedan Dynamique Hi-Flex 1.6 16V;2011
48;3976;Megane Sedan Expression Hi-Flex 1.6 16V;2011
48;2062;Megane Sedan Privilège 2.0 16V Aut;2010
48;2063;Megane Sedan RT 2.0;2000
48;2064;Megane Sedan RT/Alizé 1.6 16V;2001
48;2065;Megane Sedan RXE/ Privilège 2.0 16V Mec;2006
48;2066;Megane Sedan RXE/Egeus 2.0;2001
48;2067;Safrane RXE;1995
48;7289;SANDERO Auth. Plus Hi-Power 1.0 16V 5p;2016
48;7810;SANDERO Authentique Flex 1.0 12V 5p;2020
48;4504;SANDERO Authentique Hi-Flex 1.0 16V 5p;2014
48;4505;SANDERO Authentique Hi-Flex 1.6 8V 5p;2010
48;6892;SANDERO Authentique Hi-Power 1.0 16V 5p;2017
48;6973;SANDERO Dyna. EasyR Hi-Flex 1.6 8V;2017
48;7845;SANDERO Dynamique Easy R Flex 1.6 16V 5p;2018
48;7846;SANDERO Dynamique Flex 1.6 16V 5p;2018
48;6893;SANDERO Dynamique Hi-Power 1.6 8V 5p;2017
48;6974;SANDERO Expres EasyR Hi-Flex 1.6 8V;2017
48;7635;SANDERO Expres. P.Avant. Hi.P. 1.6 8V 5p;2017
48;7847;SANDERO Expression EasyR Flex 1.6 16V 5p;2018
48;7811;SANDERO Expression Flex 1.0 12V 5p;2020
48;7848;SANDERO Expression Flex 1.6 16V 5p;2020
48;4506;SANDERO Expression Hi-Flex 1.0 16V 5p;2014
48;4507;SANDERO Expression Hi-Flex 1.6 8V 5p;2014
48;6894;SANDERO Expression Hi-Power 1.0 16V 5p;2017
48;6895;SANDERO Expression Hi-Power 1.6 8V 5p;2017
48;9149;SANDERO GT Line Flex/RLI 1.6.16V 5p Aut.;2022
48;5401;SANDERO GT line Hi-Flex 1.6 16V 4p;2011
48;6192;SANDERO GT line Hi-Flex 1.6 8V 5p;2014
48;7359;SANDERO GT line Hi-Power 1.6 8V 5p;2017
48;9259;SANDERO GT line/RLIN Flex 1.6 16V 5p;2019
48;8793;SANDERO Intense Flex 1.6 16V 5p Aut.;2022
48;8794;SANDERO Life Flex 1.0 12V 5p Mec.;2022
48;4666;SANDERO NOKIA Hi-Flex 1.6 16V 5p;2009
48;4508;SANDERO Privilège Hi-Flex 1.6 16V 5p;2010
48;5598;SANDERO Privilège Hi-Flex 1.6 16V 5p Aut;2014
48;4509;SANDERO Privilège Hi-Flex 1.6 8V 5p;2014
48;7959;SANDERO RS Racing Spirit Flex 2.0 16V 5p;2019
48;7360;SANDERO SPORT RS 2.0 Flex 16V 5p;2022
48;8247;SANDERO STEP. Easy R Dyn. Flex 1.6 16V;2020
48;7044;SANDERO STEP. Easy R H-Power 1.6 8V;2017
48;7520;SANDERO STEP. Easy R R.CURL H.P. 1.6 5p;2017
48;7435;SANDERO STEP. R. CURL Hi-Power 1.6 8V 5p;2017
48;8248;SANDERO STEPWAY Dynamiq. Flex 1.6 16V 5p;2020
48;7850;SANDERO STEPWAY Easy R Flex 1.6 16V 5p;2020
48;8065;SANDERO STEPWAY EXP. Flex 1.6 16V 5p;2019
48;7851;SANDERO STEPWAY Flex 1.6 16V 5p;2020
48;5938;SANDERO STEPWAY Hi-F. R. CURL 1.6 16V 5p;2013
48;4780;SANDERO STEPWAY Hi-Flex 1.6 16V 5p;2013
48;5737;SANDERO STEPWAY Hi-Flex 1.6 16V 5p Aut.;2014
48;6193;SANDERO STEPWAY Hi-Power 1.6 8V 5p;2017
48;6757;SANDERO STEPWAY Tweed HFlex 1.6 16V Aut;2014
48;6758;SANDERO STEPWAY Tweed HFlex 1.6 8V 5p;2014
48;6617;SANDERO TechRun Hi-Flex 1.0 16V 5p;2014
48;7812;SANDERO vibe Flex 1.0 12V 5p;2019
48;4988;SANDERO vibe Hi-Flex 1.6 8V 5p;2010
48;8795;SANDERO Zen Flex 1.0 12V 5p Mec.;2022
48;8796;SANDERO Zen Flex 1.6 16V 5p Aut.;2021
48;8797;SANDERO Zen Flex 1.6 16V 5p Mec.;2021
48;2068;Scénic Alizé/ Expression 1.6 16V Mec.;2005
48;2069;Scénic Alizé/ Expression 2.0 16V 5p;2006
48;2070;Scénic Expression 1.6 16V Aut.;2010
48;4580;Scénic Grand Dynamique 2.0 16V 5p Aut.;2009
48;2071;Scénic Hi-Flex/Express. Hi-Flex 1.6 16V;2010
48;2072;Scénic Privilège Hi-Flex 1.6 16V;2011
48;2073;Scénic Privillège 1.6 16V Aut.;2006
48;2074;Scénic Privillège 2.0 Plus 16V 5p Aut;2008
48;2075;Scénic RT 2.0;2000
48;2076;Scénic RT 2.0 16V 5p Aut.;2003
48;2077;Scénic RT 2.0 16V 5p Mec.;2003
48;2078;Scénic RT/Auth/Auth/Kids Hi-Flex 1.6 16V;2011
48;2079;Scénic RXE 2.0 8V;2001
48;2080;Scénic RXE Egeus 2.0;2001
48;2081;Scénic RXE/ Privilège 1.6 16V Mec.;2005
48;2082;Scénic RXE/ Privilège 2.0 16V 5p Aut.;2009
48;2083;Scénic RXE/ Privilège 2.0 16V 5p Mec.;2009
48;3997;Scénic SPORTWAY Hi-Flex 1.6 16V 5p;2010
48;8756;STEPWAY Intense Flex 1.6 16V  Aut.;2022
48;5402;SYMBOL CONNECTION Hi-Flex 1.6 8V 4p;2011
48;4868;SYMBOL Expression Hi-Flex 1.6 16V 4p;2013
48;4926;SYMBOL Expression Hi-Flex 1.6 8V 4p;2011
48;4869;SYMBOL Privilège Hi-Flex 1.6 16V 4p;2013
48;2084;Trafic Furgão 2.0 98cv;2002
48;2085;Trafic Furgão Chassi Curto 2.2;1999
48;2086;Trafic Furgão Chassi Longo 2.2;1998
48;2087;Trafic Van 2.2;1998
48;2088;Twingo 1.0 8V;2001
48;2089;Twingo 1.2;2000
48;2090;Twingo Easy 1.2;1995
48;2091;Twingo Initiale 1.0 16V 70cv;2002
48;2092;Twingo Pack 1.0 16V 70cv;2002
48;2093;Twingo Pack 1.0 8V;2001
48;8871;ZOE Life 92cv (Elétrico);2019
48;8553;ZOE Ultimate 92cv (Elétrico);2019
48;9498;ZOE Zen (Elétrico);2022
195;9464;Cullinan 6.7 V12 Aut.;2021
195;8108;Dawn 6.6 V12 Aut.;2020
195;6597;Ghost 6.6 V12 Aut.;2013
195;7208;Ghost ll 6.6 V12 Aut.;2019
195;6930;Phantom 6.7 V12 Aut.;2019
195;7209;Wraith 6.6 V12 Aut.;2020
49;2094;Mini Cooper 1.3;1995
50;2095;9000 CD 2.3 Turbo;1993
51;2096;SL-2 1.9;1992
52;2097;Cordoba 1.6L;2002
52;2098;Cordoba SXE 1.8 / GLX 1.8 4p;1999
52;2099;Cordoba Vario 1.6L;2002
52;2100;Ibiza 1.0 16V 4p;2003
52;2101;Ibiza 1.0i 8V;1995
52;2102;Ibiza 1.6L;2002
52;2103;Ibiza SXE/GLX 1.8;1999
52;2104;Inca 1.6L;2002
183;6308;SY1020 T 20 TRUCKS BAU;2015
183;6309;SY1020 T 22 TRUCKS CD;2015
183;5980;SY1020 T20 TRUCKS;2015
183;6714;SY6370 A7 PVAN;2015
183;5981;SY6390 A9 CARGOV;2015
183;5982;SY6390 A9 PVANS;2015
183;6975;X30 VAN 1.3 16V Mec.;2015
157;5403;fortwo BRABUS cabrio 1.0 72kw;2011
157;5147;fortwo BRABUS Coupe 1.0 72kw;2011
157;5284;fortwo coupé/Brasil.Edition 1.0 mhd 71cv;2015
157;4902;fortwo passion cabrio 1.0 62kw/Tritop;2015
157;4903;fortwo passion coupé 1.0 62kw;2015
125;4535;ACTYON 2.0 16V 141cv Diesel;2012
125;4963;ACTYON 2.3 16V 150cv Aut.;2011
125;8291;ACTYON SP DLX 2.2 7 4x4 178cv Dies. Aut.;2018
125;4536;ACTYON SPORTS 2.0 16V 141cv Diesel;2012
125;6330;ACTYON SPORTS 2.0 16V 155cv Diesel;2015
125;8292;ACTYON SPORTS 2.2 4x4 178cv TB Dies Aut.;2018
125;4099;Chairman 3.2 V6 220cv Aut.;2002
125;4100;Istana 2.9 95cv TB Diesel Int. 16Lug.;2002
125;5649;Korando 2.0 16V T.Diesel AWD Aut.;2015
125;5650;Korando 2.0 16V T.Diesel AWD Mec.;2011
125;8293;Korando 2.2 AWD 178cv TB Diesel Aut.;2018
125;4101;Korando Canvas 2.9 TB Diesel Int. Aut.;2002
125;4102;Korando Canvas 2.9 TB Diesel Int. Mec.;2002
125;8294;Korando DLX 2.2 AWD 178cv TB Diesel Aut.;2018
125;4103;Korando GL 2.9 TB Diesel Int. 120cv;2002
125;4104;Korando GLX 2.9 TB Diesel Int. 120cv Aut;2002
125;4105;Korando GLX 2.9 TB Diesel Int. 120cv Mec;2002
125;4927;Kyron 2.0 16V 141cv  TDI Diesel Aut.;2012
125;4401;Kyron 2.7 20V 165cv TDI Dies. Aut.;2011
125;4106;Musso DX 2.9 Diesel;1997
125;4107;Musso GL 2.9 TB Diesel Int. 120cv;2002
125;4108;Musso GLS 2.9 TB Diesel Int. 120cv Aut;2002
125;4109;Musso GLS 3.2 V6 220cv 4x4 Aut.;2002
125;4110;Musso GLX 2.9 TB Diesel Int. 120cv Aut;2002
125;4111;Musso GLX 2.9 TB Diesel Int. 120cv Mec;2002
125;4112;Musso Pick-Up GLX 2.9 4x4 CD TB Int.Dies;2005
125;4113;Musso Pick-Up LX 2.9 4x4 CD TB Int.Dies.;2005
125;4114;Musso SX 2.9 Diesel;1997
125;4263;Rexton II 2.7 20V 165/186cv TDI Dies.Aut;2012
125;4402;Rexton II 3.2 V6 24V 220cv Aut.;2010
125;4115;Rexton RX 270 2.7 165cv Xdi Diesel Aut.;2005
125;4116;Rexton RX 290 2.9 120cv TB Int. Dies.Aut;2005
125;4117;Rexton RX 290 2.9 120cv TB Int. Dies.Mec;2003
125;4118;Rexton RX 320 3.2 V6 235cv Aut.;2005
125;7045;Rexton W 2.7 20V XDI Diesel Aut.;2015
125;8295;TIVOLI 1.6 16V 128cv Aut.;2018
125;8296;TIVOLI DLX 1.6 16V 128cv Aut.;2018
125;8297;XLV 1.6 16V 128cv Aut.;2018
125;8298;XLV DLX 1.6 16V 128cv Aut.;2018
54;2125;Forester 2.0 16v 4x4 Turbo Aut.;2005
54;2127;Forester 2.0 4x4 Mec.;2002
54;2128;Forester 2.0 4x4 Turbo;2001
54;8109;Forester 2.0 L 16V 4x4 Aut.;2018
54;2126;Forester 2.0/2.0 S/2.0 ES 4x4 Aut.;2021
54;6650;Forester XT 2.0 16V 4x4 Turbo Aut.;2018
54;3911;Forester XT 2.5 16V 4x4 Turbo Aut.;2012
54;5651;Forester XT S-EDITION 2.5 16V 4x4 TB Aut;2012
54;4645;Impreza 1.5 16V 115cv Aut.;2009
54;4646;Impreza 1.5 16V 115cv Mec.;2009
54;4647;Impreza 2.0 16V 160cv Aut.;2011
54;4648;Impreza 2.0 16V 160cv Mec.;2011
54;2129;Impreza GL 1.6/1.8 16V;1997
54;2130;Impreza GL 2.0 4x2 Aut.;1998
54;2131;Impreza GL 2.0 4x2 Mec.;1998
54;2133;Impreza GL 2.0 4x4 Aut.;2000
54;2132;Impreza GL 2.0 4x4 Mec.;2000
54;2134;Impreza GL 4x4 1.8 16V;1997
54;2135;Impreza GL 4x4 2.0 16V;2000
54;2136;Impreza GT 2.0 Turbo;2001
54;4815;Impreza SD 2.0 16V 160cv Aut.;2011
54;6407;Impreza SD 2.0/2.0i-S AWD Aut.;2016
54;2137;Impreza SD GX 2.0 16v 4x4 4p Aut.;2002
54;2138;Impreza SD RX 2.0 4x4;2000
54;2139;Impreza SD WRX 2.0 16V TB 4x4;2020
54;7290;Impreza SD WRX 2.0 16V TB 4x4 Aut.;2021
54;3912;Impreza SD WRX 2.5 16V TB 4x4 4p;2014
54;5456;Impreza SD WRX STI 2.5 16V TB 4x4;2021
54;2140;Impreza SW GL 1.6/1.8/2.0 4x4 16V;2001
54;2141;Impreza SW GT 2.0 16V 4x4 Turbo Mec.;2002
54;2142;Impreza SW GX 2.0 16v 4x4 Aut.;2002
54;2143;Impreza SW WRX 2.0 16v 4x4 TB;2005
54;3913;Impreza SW WRX 2.5 16V TB 4x4 5p;2007
54;4587;Impreza WRX 2.5 16V TB 4x4 5p;2012
54;4697;Impreza WRX STI 2.5 16V TB 4x4;2014
54;5457;Impreza XV 2.0 16V 160cv Aut.;2011
54;5458;Impreza XV 2.0 16V 160cv Mec.;2011
54;5215;Legacy 2.0 16V 160cv Aut.;2011
54;2144;Legacy 3.0 R H6 245cv Aut.;2009
54;7436;Legacy 3.6 4x4 256cv Aut.;2015
54;2145;Legacy GL 1.8;1994
54;2146;Legacy GL 2.0/ GLS Mec;2002
54;2147;Legacy GL TW 2.0 4x2 Mec./Aut.;2000
54;2148;Legacy GL TW 2.0 4x4 Aut.;2002
54;2149;Legacy GL TW 2.0 4x4 Mec.;2002
54;2150;Legacy GL/ GLS 2.0 Aut.;2002
54;5216;Legacy GT 2.5  16V 280cv Aut.;2014
54;2151;Legacy GX 2.2 4x4;1998
54;2152;Legacy GX 2.5 4x4 Aut.;2003
54;2153;Legacy GX 2.5 4x4 Mec.;2002
54;2154;Legacy GX TW 2.2 4x4 Aut.;1997
54;2155;Legacy GX TW 2.2 4x4 Mec.;1997
54;2156;Legacy GX TW 2.5 4x4 Aut.;2002
54;2157;Legacy GX TW 2.5 4x4 Mec;2002
54;2158;Legacy SW 2.2;1997
54;2159;Outback 2.5 4x4 Aut.;2006
54;2160;Outback 2.5 4x4 Mec.;2000
54;2161;Outback 3.0 H6 SW 245cv Aut.;2009
54;5217;Outback 3.6 H6 SW Aut.;2020
54;2162;SVX Cupê 3.3 4x4 Aut;1998
54;4688;TRIBECA 3.6 24V 270cv 5p Aut.;2012
54;2163;Vivio SD GLI 3p Mec.;1997
54;8357;XV 2.0 L 16V 4x4 Aut.;2019
55;2164;Baleno 1.6 16V Aut.;1999
55;2165;Baleno 1.6 16V Mec.;2000
55;2166;Baleno Wagon 1.6 16V Aut.;2000
55;2167;Grand Vitara 1.6 16V Aut.;2002
55;2168;Grand Vitara 1.6 16V Mec.;2003
55;2169;Grand Vitara 2.0 16V 3p;2002
55;2170;Grand Vitara 2.0 16V 4x2/4x4 5p Aut.;2016
55;2171;Grand Vitara 2.0 16V 4x2/4x4 5p Mec.;2016
55;2172;Grand Vitara 2.0 16V 5p/Gold Aut. (Arg.);2002
55;2173;Grand Vitara 2.0 16V 5p/Gold Mec. (Arg.);2002
55;2174;Grand Vitara 2.0 16V Ed. Special 5p Aut.;2000
55;2175;Grand Vitara 2.0 16V Ed. Special 5p Mec.;2000
55;2176;Grand Vitara 2.0 TB-IC Diesel 4p;2003
55;2177;Grand Vitara 2.5 V6 5p Aut.;2003
55;2178;Grand Vitara 2.5 V6 5p Mec.;2002
55;4904;Grand Vitara 3.2 24V 4WD 5p Aut.;2011
55;7404;Grand Vitara 4SPORT 2.0 16V 4x2 5P Aut.;2016
55;7361;Grand Vitara 4SPORT 2.0 16V 4x4 5p Aut.;2016
55;7380;Grand Vitara 4SPORT 2.0 16V 4x4 5p Mec.;2016
55;6745;Grand Vitara L.EDI. 2.0 16V 4x2/4x4 Aut.;2015
55;7075;Grand Vitara S. EDITI.  2.0 16V 4x2 Aut.;2016
55;2179;Grand Vitara Sport 2.0 16V Aut.;2002
55;2180;Grand Vitara Sport 2.0 16V Mec.;2002
55;2181;Grand Vitara XL_7 2.7 24V 173cv  4p Aut.;2003
55;2182;Grand Vitara XL_7 2.7 24V 173cv 4p Mec.;2002
55;2183;Ignis 1.3 16V 82cv 4p Aut.;2003
55;2184;Ignis 1.3 16V 82cv 4p Mec.;2003
55;2185;Ignis WRS 1.3 16V 82cv 4x4 4p;2003
55;6073;Jimny 4S 1.3 16V;2012
55;8424;Jimny 4SPORT DESERT 1.3 16V;2020
55;6075;Jimny 4STREET 1.3 16V;2012
55;6244;Jimny 4SUN 1.3 16V;2016
55;7636;Jimny 4WORK OFF ROAD 1.3 16V;2019
55;7877;Jimny CANVAS 4ALL 1.3 16V;2017
55;7878;Jimny CANVAS 4SPORT 1.3 16V;2018
55;2187;Samurai JX Canvas 1.3;1999
55;2188;Samurai JX Metal 1.3;1999
55;7813;S-CROSS 4STYLE 1.4 TB 16V Aut.;2020
55;7814;S-CROSS 4STYLE ALLGRIP 1.4 TB 16V Aut.;2021
55;8425;S-CROSS 4STYLE-S ALLGRIP 1.4 TB 16V Aut.;2021
55;7815;S-CROSS 4YOU 1.6 16V Aut.;2019
55;2189;Sidekick Canvas;1996
55;2190;Sidekick Metal;1995
55;2191;Super Carry Van/ Furgão 1.0;1995
55;2192;Swift GL;1995
55;2193;Swift GTi 1.3 3p;1995
55;2194;Swift GTI Convers. 16V;1994
55;2195;Swift Hatch 1.0 3p e 5p;1999
55;2196;Swift Hatch/ Sedan 1.3;1995
55;2197;Swift Sedan 1.6 16V;1994
55;6931;Swift Sport 1.6 16V 5p Mec.;2015
55;6932;Swift Sport R 1.6 16V 5p Mec.;2015
55;5005;SX4 2.0 16V 145cv 4WD 5p Aut.;2015
55;5006;SX4 2.0 16V 145cv 4WD 5p Mec.;2015
55;7211;SX4 S-CROSS ALLGRIP GLS 1.6 16V Aut.;2016
55;7210;SX4 S-CROSS ALLGRIP GLX 1.6 16V Aut.;2016
55;7212;SX4 S-CROSS GL 1.6 16V Mec.;2017
55;7213;SX4 S-CROSS GLX 1.6 16V Aut.;2016
55;7771;Vitara 4ALL 1.6 16V Aut.;2021
55;7772;Vitara 4ALL 1.6 16V Mec.;2019
55;7773;Vitara 4SPORT 1.4 TB 16V Aut.;2019
55;7774;Vitara 4SPORT ALLGRIP 1.4 TB 16V Aut.;2022
55;8529;Vitara 4STYLE ALLGRIP 1.4 TB 16V Aut.;2022
55;7775;Vitara 4YOU 1.6 16V Aut.;2021
55;7776;Vitara 4YOU ALLGRIP 1.6 16V Aut.;2019
55;2198;Vitara JLX 1.6 16V 4x4 4p Aut.;1998
55;2199;Vitara JLX 1.6 16V 4x4 4p Mec.;1998
55;2200;Vitara JLX 2.0 V6 4x4;1999
55;2201;Vitara JLX Canvas 1.6 8V 2p;1999
55;2202;Vitara JLX Metal 1.6 8V 2p;1999
55;2203;Wagon R+ 1.0 Mec.;1999
165;5192;Stark 2.3 4WD 127cv TDI Diesel 3p;2020
56;2204;Avalon XLS 3.0;1995
56;2205;Band. Jipe 4x4 Sport 3.7 Diesel;1999
56;2206;Band.Jipe Cap.de Aço Chas. Curto Diesel;2001
56;2207;Band.Jipe Cap.de Aço Chas. Longo Diesel;2001
56;2208;Band.Jipe Capota de Lona Diesel;2001
56;2209;Band.Picape CD 2p Chassi Longo Diesel;2001
56;2210;Band.Picape CD 4p Chassi Longo Diesel;2001
56;2211;Band.Picape Chassi Curto Diesel;2001
56;2212;Band.Picape Chassi Longo Diesel;2001
56;2213;Camry LE;2000
56;2214;Camry SW LE 2.2 16V;1993
56;2215;Camry SW XLE 3.0 24V;1993
56;2216;Camry XLE 3.0 24V 186cv;2006
56;4091;Camry XLE 3.5 24V Aut.;2020
56;2217;Celica GT 2.2 16V;1995
56;2218;Celica ST 1.8;1993
56;9324;Corolla Cross SE 1.8 16V Aut. (Híbrido);2022
56;2220;Corolla DX/ SW DX 1.6 16V;1996
56;7746;Corolla Dynamic 2.0 Flex 16V Aut.;2017
56;2221;Corolla Fielder SW 1.8/1.8 XEi Flex Aut.;2008
56;2222;Corolla Fielder SW 1.8/1.8 XEi Flex Mec;2008
56;4166;Corolla Fielder SW S  1.8 16V 136cv Aut;2007
56;4167;Corolla Fielder SW S 1.8 16V 136cv Mec;2007
56;4348;Corolla Fielder SW SE-G 1.8 Flex 16V Aut;2008
56;2219;Corolla GLi 1.6 16V;1999
56;5041;Corolla GLi 1.8 Flex 16V  Aut.;2019
56;5042;Corolla GLi 1.8 Flex 16V Mec.;2017
56;7214;Corolla GLi Upper 1.8 Flex 16V Aut.;2019
56;7558;Corolla GLi Upper Black P. 1.8 Flex Aut.;2017
56;2223;Corolla LE 1.8;1998
56;2224;Corolla LE 2.2 16V;1997
56;4168;Corolla S 1.8 16V 136cv Aut;2007
56;4169;Corolla S 1.8 16V 136cv Mec;2007
56;2226;Corolla SE-G 1.8 16V Mec.;2002
56;2225;Corolla SE-G 1.8/1.8 Flex 16V Aut.;2010
56;2227;Corolla SW LE 1.8/ XLi 1.6 16V;1999
56;2228;Corolla WG;1999
56;2229;Corolla XEi 1.8/1.8 Flex 16V Aut.;2010
56;2230;Corolla XEi 1.8/1.8 Flex 16V Mec.;2010
56;2231;Corolla XLi 1.6 16V 110cv Aut.;2010
56;2232;Corolla XLi 1.6 16V 110cv Mec.;2007
56;2233;Corolla XLi 1.8/1.8 Flex 16V Aut.;2014
56;2234;Corolla XLi 1.8/1.8 Flex 16V Mec.;2014
56;5939;Corolla XRS 2.0 Flex 16V Aut.;2019
56;2235;Corona Aut.;1998
56;2236;Corona GLi Mec;2000
56;2237;Corona Mec.;2000
56;6245;ETIOS 1.3 Flex 16V 5p Mec.;2014
56;7559;ETIOS CROSS 1.5 Flex 16V 5p Aut.;2018
56;6651;ETIOS CROSS 1.5 Flex 16V 5p Mec.;2018
56;7711;ETIOS PLATINUM 1.5 Flex 16V 4p Aut.;2019
56;6872;ETIOS PLATINUM 1.5 Flex 16V 5p Mec.;2016
56;7712;ETIOS PLATINUM Sed. 1.5 Flex 16V 4p Aut.;2019
56;6873;ETIOS PLATINUM Sed. 1.5 Flex 16V 4p Mec.;2016
56;7747;ETIOS READY! 1.5 Flex 16V 5p Aut.;2018
56;7560;ETIOS X 1.3 Flex 16V 5p Aut.;2021
56;6246;ETIOS X 1.3 Flex 16V 5p Mec.;2021
56;8249;ETIOS X Plus 1.5 Flex 16V 5p Aut.;2021
56;8250;ETIOS X Plus 1.5 Flex 16V 5p Mec.;2021
56;8251;ETIOS X Plus Sedan 1.5 Flex 16V 4p Aut.;2021
56;8252;ETIOS X Plus Sedan 1.5 Flex 16V 4p Mec.;2021
56;7561;ETIOS X Sedan 1.5 Flex 16V 4p Aut.;2021
56;6247;ETIOS X Sedan 1.5 Flex 16V 4p Mec.;2021
56;6248;ETIOS XLS 1.5 Flex 16V 5p Mec.;2017
56;7562;ETIOS XLS 1.5 Flex 5p Aut.;2019
56;7563;ETIOS XLS Sedan 1.5 Flex 16V 4p Aut.;2019
56;6249;ETIOS XLS Sedan 1.5 Flex 16V 4p Mec.;2017
56;6250;ETIOS XS  1.3 Flex 16V 5p Mec.;2014
56;7564;ETIOS XS 1.5 Flex 16V 5p Aut.;2018
56;6598;ETIOS XS 1.5 Flex 16V 5p Mec.;2018
56;7565;ETIOS XS Sedan 1.5 Flex 16V 4p Aut.;2018
56;6251;ETIOS XS Sedan1.5 Flex 16V 4p Mec.;2018
56;2238;Hilux 4x2 2.4 Diesel;1996
56;2239;Hilux 4x2 2.8 Diesel;1999
56;2240;Hilux CD 4x2 2.4 Diesel;1998
56;6310;Hilux CD 4x4 2.7 16V Flex Mec.;2015
56;2242;Hilux CD D4-D 4x2 2.5 16V 102cv TB Dies.;2011
56;2243;Hilux CD D4-D 4x4 2.5 16V 102cv TB Dies.;2012
56;6076;Hilux CD D4-D 4x4 3.0 TDI Dies. Mec.;2015
56;2244;Hilux CD DLX 4x2 2.8 Diesel;1999
56;2245;Hilux CD DLX 4x4 2.8 Diesel;2001
56;2246;Hilux CD DX 4x2 2.7 16V 142cv;2003
56;2247;Hilux CD DX 4x2 3.0 8V 90cv Diesel;2005
56;2248;Hilux CD DX 4x4 3.0 8V 90cv Diesel;2005
56;9026;Hilux CD GR-S 4x4 4.0 V6 234cv Aut.;2020
56;7076;Hilux CD Limited 4x4 3.0 TDI Diesel Aut.;2015
56;5081;Hilux CD SR 4x2 2.7 16V/2.7 Flex Aut.;2021
56;4804;Hilux CD SR 4x2 2.7 16V/2.7 Flex Mec.;2020
56;2249;Hilux CD SR 4x4 3.0 8V 116cv TB Diesel;2004
56;2250;Hilux CD SR 4x4 3.0 8V 90cv Diesel;2005
56;8110;Hilux CD SR CHALL. 4x4 2.8 TDI Dies Aut.;2018
56;2251;Hilux CD SR D4-D 4x2 3.0 163cv TDI Dies.;2010
56;2252;Hilux CD SR D4-D 4x4 3.0  TDI Dies.;2015
56;6036;Hilux CD SR D4-D 4x4 3.0 TDI Dies Aut.;2015
56;2253;Hilux CD SR5 4x4 2.8 Diesel;2001
56;2254;Hilux CD SRV 4x2 2.7 16V 142cv;2003
56;7046;Hilux CD SRV 4x2 2.7 Flex 16V Aut.;2021
56;2255;Hilux CD SRV 4x2 3.0 8V 90cv Diesel;2005
56;5907;Hilux CD SRV 4x4 2.7 Flex 16V Aut.;2021
56;2256;Hilux CD SRV 4x4 3.0 8V 116cv TB Diesel;2005
56;2257;Hilux CD SRV D4-D 4x2 3.0 163cv TDI Dies;2011
56;2258;Hilux CD SRV D4-D 4x4 3.0  TDI Dies;2015
56;2259;Hilux CD SRV D4-D 4x4 3.0 TDI Diesel Aut;2015
56;2260;Hilux Chassi D4-D 4x4 2.5 102cv TB Dies.;2012
56;6037;Hilux Chassi D4-D 4x4 3.0 TDI Dies. Mec.;2015
56;2261;Hilux CS 4x4 2.4 Diesel;1995
56;2262;Hilux CS D4-D 4x2 2.5 16V 102cv TB Dies.;2011
56;2263;Hilux CS D4-D 4x4 2.5 16V 102cv TB Dies.;2012
56;6038;Hilux CS D4-D 4x4 3.0 TDI Dies. Mec.;2015
56;2264;Hilux CS DLX 4x2 2.8 Diesel;1999
56;2265;Hilux CS DLX 4x4 2.8 Diesel;1999
56;2266;Hilux CS DX 4x2 2.7 16V 142cv;2003
56;2267;Hilux CS DX 4x2 3.0 8V 90cv Diesel;2005
56;2268;Hilux CS DX 4x4 3.0 8V 90cv Diesel;2005
56;2269;Hilux CS SR5 4x4 2.8 Diesel;2001
56;2270;Hilux CS SRV 4x2 2.7 16V 142cv;2002
56;2271;Hilux SW4 2.7 16V;2000
56;2272;Hilux SW4 3.4 V6;2001
56;2273;Hilux SW4 4x4 2.4 8V;1996
56;2274;Hilux SW4 4x4 2.8 Diesel;1996
56;2275;Hilux SW4 4x4 3.0 12V V6;1996
56;2276;Hilux SW4 4x4 3.0 24V V6;2001
56;2277;Hilux SW4 4x4 3.0 8V TB Diesel;2002
56;4906;Hilux SW4 SR 4x2 2.7/ 2.7 Flex 16V Aut.;2021
56;4905;Hilux SW4 SR 4x2 2.7/2.7 Flex 16V Mec.;2018
56;6077;Hilux SW4 SR D4-D 4x4 3.0 TDI Dies. Aut;2015
56;8111;Hilux SW4 SRV 4x2 2.7 Flex 16V Aut.;2021
56;4907;Hilux SW4 SRV 4x4 4.0 V6 24V Aut.;2013
56;3830;Hilux SW4 SRV D4-D 4x4 3.0 TDI Dies. Aut;2015
56;3831;Hilux SW4 SRV D4-D 4x4 3.0 TDI Dies. Mec;2010
56;7492;Hilux SW4 SRX 4x4 4.0 V6 24V Aut.;2017
56;8299;Hilux SW4 SRX Diamo. 4x4 2.8 TB Die Aut.;2020
56;2278;Land Cruiser 4WD 4.5 24V;1995
56;2279;Land Cruiser Prado 3.0 4x4 TB Diesel Aut;2009
56;2280;Land Cruiser Prado 3.0 4x4 TB Diesel Mec;2007
56;2281;MR-2 Turbo 2.0;1994
56;2282;Paseo;1996
56;2283;Previa LE 2.4 16V;1995
56;2284;Previa LX 2.5;1992
56;10044;PRIUS 1.8 16V 5p Aut. (Híbrido);2021
56;6470;RAV4 2.0 4x2 16V Aut.;2018
56;2285;RAV4 2.0 4x4 16V Aut.;2015
56;2286;RAV4 2.0 4x4 16V Mec.;2002
56;7124;RAV4 2.0 HIGH 4x2 16V Aut.;2015
56;7215;RAV4 2.0 TOP 4x2 16V Aut.;2019
56;5431;RAV4 2.4 4x2 16V 170cv Aut.;2012
56;3977;RAV4 2.4 4x4 16V 170cv Aut.;2012
56;6471;RAV4 2.5 4x4 16V Aut.;2016
56;10056;RAV4 2.5 S 4x4  Aut. (Híbrido);2020
56;10057;RAV4 2.5 S Connect 4x4  Aut. (Híbrido);2020
56;10058;RAV4 2.5 SX 4x4  Aut. (Híbrido);2020
56;2287;Supra;2007
56;2288;T-100 3.4 V6;1995
56;9216;YARIS S 1.5 Flex 16V 5p Aut.;2021
56;8358;YARIS XL 1.3 Flex 16V 5p Aut.;2020
56;8359;YARIS XL 1.3 Flex 16V 5p Mec.;2020
56;8932;YARIS XL Live 1.3 Flex 16V 5p Aut.;2022
56;8933;YARIS XL Live 1.3 Flex 16V 5p Mec.;2021
56;8934;YARIS XL Live Sedan 1.5 Flex 16V 4p Aut.;2022
56;8935;YARIS XL Live Sedan 1.5 Flex 16V 4p Mec.;2021
56;8936;YARIS XL Plus Con. 1.5 Flex 16V 5p Aut.;2022
56;8937;YARIS XL Plus Con. Sed. 1.5 Flex 16V Aut;2022
56;8360;YARIS XL Plus T. Sed. 1.5 Flex 16V Aut.;2020
56;8361;YARIS XL Plus Tech 1.3 Flex 16V Aut.;2020
56;8363;YARIS XL Sedan 1.5 Flex 16V 4p Mec.;2020
56;8938;YARIS XLS Connect 1.5 Flex 16V 5p Aut.;2022
56;8939;YARIS XLS Connect Sed. 1.5 Flex 16V Aut.;2022
56;8940;YARIS XS Connect 1.5 Flex 16V 5p Aut.;2022
56;8941;YARIS XS Connect Sedan 1.5 Flex 16V Aut.;2022
56;8638;YARIS X-WAY 1.5 Flex 16V 5p Aut.;2020
56;8942;YARIS X-WAY Connect 1.5 Flex 16V 5p Aut.;2022
57;3978;PANTANAL 3.0 TDI Elet. 4x2 CS Diesel;2007
57;3979;PANTANAL 3.0 TDI Elet. 4x4 CS Diesel;2007
57;2289;RF Esport 4x4 2.0;1997
57;2290;RF Esport T-4 4x4 2.0 Cap. Lona;2001
57;2291;RF Esport T-4 4x4 2.0 Cap. Rígida;2001
57;2292;T-4 4x4 2.8 TB Int. Cap. Lona Diesel;2005
57;2293;T-4 4x4 2.8 TB Int. Cap. Rígida Diesel;2005
57;2294;T-4 4x4 3.0 TB Int. Cap. Lona Diesel;2011
57;2295;T-4 4x4 3.0 TB Int. Cap. Rígida Diesel;2012
57;6933;T-4 4x4 3.2 20V Tdi Cap. Rígida Diesel;2020
57;9065;T-4 4x4 3.2 Tdi Cap.Rígida Die. Aut.;2021
57;6194;T-4 4x4 3.2 TGV tdi Cap. Rígida Diesel;2014
57;7816;T-4 BOLD 4x4 3.2 Tdi Cap. Rígida Diesel;2017
57;9563;T-4 Connect 4x4 3.2 Tdi Cap.Rig. Diesel;2021
57;9344;T-4 Connect 4x4 3.2 Tdi Cap.Rig.Die.Aut.;2021
57;5652;T-4 DESERT STORM 4x4 3.0 TB Int Diesel;2012
57;8798;T-4 TRAIL 4x4 3.2 Tdi Cap. Ríg. Diesel;2019
57;9086;T-4 TX4 4x4 3.2 20V Cap. Rígido Diesel;2021
57;8970;T-4 TX4 4x4 3.2 20V Cap.Ríg Diesel Aut.;2021
57;9360;T-4 TX4 Connect 4x4 3.2 Cap.Ríg.Die.Aut.;2021
57;9361;T-4 TX4 Connect 4x4 3.2 Cap.Ríg.Die.Mec.;2021
58;2296;440 Turbo 1.8;1993
58;2297;460 GLT 2.0/ Turbo 1.8;1996
58;2298;850 GLE 2.5 20V;1997
58;2299;850 GLE SW 20V;1997
58;2300;850 GLT 2.5 20V;1997
58;2301;850 GLT SW 2.5 20V;1997
58;2302;850 R SW 2.3 Turbo;1997
58;2303;850 Sedan;1997
58;2304;850 T-5 SW 2.5 BI-Turbo/ 2.3 Turbo;1997
58;2305;850 TURBO 20V/ R Turbo 2.3;1997
58;2306;940 Turbo/ SW Turbo 3.0;1995
58;2307;960 Sedan;1997
58;4319;C30 2.0 145cv;2012
58;4320;C30 2.4 170cv Aut;2009
58;4321;C30 T-5 2.5 220/ 230cv Aut.;2011
58;4418;C30 T-5 2.5 230cv Mec.;2009
58;5475;C30 T-5 R-DESIGN 2.5 230cv Aut.;2012
58;2308;C70 Cabriolet;2011
58;2309;C70 Cupê;2002
58;2310;S40 1.8 Aut.;2000
58;2311;S40 1.8 Mec.;2000
58;2312;S40 2.0 Aut.;2003
58;2313;S40 2.0 Mec.;2001
58;2314;S40 2.0 T;2001
58;4127;S40 2.4 140cv Aut.;2010
58;2315;S40 2.4 170cv Aut.;2009
58;2316;S40 T 2.0  Turbo Aut.;2004
58;2317;S40 T-4;2003
58;2318;S40 T-4 ARM Aut.;2001
58;2319;S40 T-4 ARM Mec.;2001
58;2320;S40 T-5 2.5 220/230cv Aut.;2010
58;2321;S60 R 2.5 300cv Aut.;2007
58;2322;S60 R 2.5 300cv Mec.;2007
58;2323;S60 T 2.0 4p;2009
58;2324;S60 T 2.4/ 2.5;2007
58;5491;S60 T-4 1.6 180cv 4p;2013
58;7777;S60 T-4 KINETIC 2.0 190cv 4p;2018
58;7778;S60 T-4 MOMENTUM 2.0 190cv 4p;2021
58;5492;S60 T-5 2.0 240cv 4p;2013
58;2325;S60 T-5 2.3;2003
58;8875;S60 T-5 INSCRIPTION 2.0 254cv 4p;2021
58;7170;S60 T-5 KINETIC 2.0 245cv 4p;2016
58;7171;S60 T-5 MOMENTUM 2.0 245cv 4p;2016
58;6485;S60 T-5 R-DESIGN 2.0 240cv 4p;2015
58;5493;S60 T-6 3.0 304cv AWD 4p;2011
58;7362;S60 T-6 R-DESIGN 2.0 306cv FWD 4p;2018
58;5653;S60 T-6 R-DESIGN 3.0 AWD 4p;2015
58;9917;S60 T8 POLESTAR 2.0  (Híbrido);2022
58;9916;S60 T-8 R-DESIGN 2.0 407cv (Híbrido);2022
58;2326;S70 2.5;1999
58;2327;S70 2.5 Aut.;2000
58;2328;S70 R;1999
58;2329;S70 R Aut.;2000
58;2330;S70 T-5 2.3;1999
58;2331;S80 2.9;2004
58;2332;S80 2.9 ARM;2001
58;4248;S80 3.2 238cv Aut.;2009
58;4249;S80 4.4 V8 315cv AWD Aut.;2010
58;2333;S80 T6 2.8 BI-Turbo;2006
58;2334;S80 T6 2.8 BI-Turbo ARM;2001
58;2335;S80 T-6 Executive 2.8;2001
58;2336;S80 T-6 Executive ARM 2.8 24v;2001
58;9918;S90 T-8  INSCRIPT 2.0 AWD (Híbrido);2022
58;2337;V40 1.8 Aut.;2001
58;2338;V40 1.8 Mec.;2000
58;2339;V40 2.0;2001
58;2340;V40 2.0 Aut.;2003
58;2341;V40 2.0 Turbo;2004
58;7363;V40 T-3 KINETIC 1.5 Aut.;2016
58;2342;V40 T-4;2000
58;2344;V40 T-4 2.0 Aut./Mec.;2015
58;2343;V40 T-4 ARM Aut.;2001
58;7779;V40 T-4 Cross Country 2.0 FWD Aut.;2018
58;7713;V40 T-4 KINETIC 2.0 Aut.;2019
58;7364;V40 T-4 MOMENTUM 2.0 Aut.;2019
58;6759;V40 T-5 Cross Country 2.0 Awd Aut.;2016
58;6599;V40 T-5 R-DESIGN 2.0 Aut.;2019
58;4628;V50 2.4 20V 140cv Aut.;2009
58;2345;V50 2.4 20V 170cv Aut.;2009
58;2346;V50 T-5 2.5 220cv Aut.;2011
58;7852;V60 T-4 KINETIC 2.0 190cv 5p;2018
58;7780;V60 T-4 MOMENTUM 2.0 190cv 5p;2018
58;7233;V60 T-5 KINETIC 2.0 245cv 5p;2016
58;7234;V60 T-5 MOMENTUM 2.0  5p;2020
58;6216;V60 T-5 R-DESING 2.0 5p;2015
58;7437;V60 T-6 R-DESIGN 2.0 FWD 4p;2018
58;6217;V60 T-6 R-DESIGN 3.0 AWD 4p;2015
58;2347;V70 2.5;2000
58;2348;V70 Cross Country 2.4;2002
58;2349;V70 R 2.5 300cv AWD Aut.;2007
58;2350;V70 R 2.5 300cv AWD Mec.;2007
58;2351;V70 T 2.0 20v 180cv 4p Aut.;2007
58;2352;V70 T 2.4;2001
58;2353;V70 T 2.4/ 2.5 Premium;2007
58;2354;V70 T5 2.3;2003
58;2355;V70 XC/ XC 70;2010
58;8368;XC 40 T-4 2.0 190cv FWD;2020
58;9066;XC 40 T-4 INSCRIPTION 2.0 190cv FWD;2021
58;9067;XC 40 T-4 MOMENTUM 2.0 190cv FWD;2021
58;9928;XC 40 T-5 INSC. EXPRE. 1.5 FWD (Híbrido);2022
58;9929;XC 40 T-5 INSCRIPTION 1.5 FWD (Híbrido);2022
58;8253;XC 40 T-5 MOMENT FIRST ED. 2.0 252cv AWD;2018
58;9930;XC 40 T-5 MOMENTUM 1.5 FWD (Híbrido);2022
58;8254;XC 40 T-5 MOMENTUM 2.0 252cv AWD;2020
58;9931;XC 40 T-5 R-DESIGN 1.5 FWD (Híbrido);2022
58;8255;XC 40 T-5 R-DESIGN 2.0 252cv AWD;2020
58;8256;XC 40 T-5 R-DESIGN FIR. ED 2.0 252cv AWD;2018
58;8877;XC 40 T-5 R-DESIGN SPE. ED 2.0 252cv AWD;2020
58;5561;XC 60 2.0 T5  5p;2015
58;4816;XC 60 3.0 AWD 5p;2015
58;8507;XC 60 D-5 INSCRIPT 2.0 AWD Diesel 5p;2020
58;7714;XC 60 D-5 KINETIC 2.4 AWD Diesel 5p;2017
58;8485;XC 60 D-5 MOMENTUM 2.0 AWD Diesel 5p;2021
58;7715;XC 60 D-5 MOMENTUM 2.4  AWD Diesel  5p;2017
58;5459;XC 60 R-DESIGN 3.0 304cv AWD 5p;2015
58;7716;XC 60 T-5 INSCRIPTION 2.0 245 cv FWD 5p;2017
58;8066;XC 60 T-5 INSCRIPTION 2.0 AWD 5p;2019
58;7365;XC 60 T-5 KINETIC 2.0 245cv FWD 5p;2017
58;7366;XC 60 T-5 MOMENTUM 2.0 245cv FWD 5p;2017
58;8043;XC 60 T-5 MOMENTUM 2.0 254cv AWD 5p;2021
58;8044;XC 60 T-5 R-DESIGN 2.0 AWD 5p;2018
58;6131;XC 60 T-5 R-DESIGN 2.0 FWD 5p;2017
58;7319;XC 60 T-6  R-DESIGN 2.0 306cv FWD 5p;2016
58;7291;XC 60 T-6 INSCRIPTION 2.0 FWD 5p;2016
58;9935;XC 60 T-8 MOMENTUM 2.0 (Híbrido);2021
58;2356;XC 90 2.5T 210cv AWD 5p;2007
58;4450;XC 90 3.2 238cv AWD 5p;2013
58;2357;XC 90 4.4 V8 315cv AWD 5p;2011
58;7879;XC 90 D-5 INSCRIPTION 2.0 235cv Dies. 5p;2021
58;7853;XC 90 D-5 MOMENTUM 2.0 235cv Diesel 5p;2020
58;2358;XC 90 T6 2.9 BI-TB 272cv AWD 5p;2006
58;7292;XC 90 T-6 FIRST EDITION 2.0 320cv 5p;2016
58;7293;XC 90 T-6 INSCRIPTION 2.0 320CV 5p;2019
58;7294;XC 90 T-6 MOMENTUM 2.0 320cv 5P;2021
58;9942;XC 90 T-8 EXCELLENCE 2.0 (Híbrido);2020
58;9945;XC 90 T-8 MOMENTUM 2.0 (Híbrido);2021
59;5585;AMAROK CD2.0 16V/S CD2.0 16V TDI 4x2 Die;2013
59;5586;AMAROK CD2.0 16V/S CD2.0 16V TDI 4x4 Die;2018
59;8531;AMAROK Comfor. CD 2.0 TDI 4x4 Dies. Aut.;2022
59;5748;AMAROK CS2.0 16V/S2.0 16V TDI 4x2 Diesel;2014
59;5749;AMAROK CS2.0 16V/S2.0 16V TDI 4x4 Diesel;2020
59;7854;AMAROK Hig. Extreme CD 2.0 4x4 Dies. Aut;2018
59;7674;AMAROK Hig.ULTIMATE CD 2.0 4x4 Dies. Aut;2016
59;5940;AMAROK High.CD 2.0 16V TDI 4x4 Dies. Aut;2022
59;5261;AMAROK Highline CD 2.0 16V TDI 4x4 Dies.;2014
59;5476;AMAROK SE CD 2.0 16V TDI 4x4 Diesel;2020
59;7367;AMAROK T. Dark Label CD 2.0 4x4 Dies Aut;2016
59;5350;AMAROK Trendline CD 2.0 16V TDI 4x4 Dies;2017
59;6277;AMAROK Trendline CD 2.0 TDI 4X4 Dies Aut;2018
59;2359;Apolo GL 1.8;1992
59;2360;Apolo GLS/ Vip 1.8;1992
59;2362;Bora 2.0 8v Comfortline Aut.;2001
59;2363;Bora 2.0 8v Comfortline Mec.;2001
59;2361;Bora 2.0/ 2.0 Flex 8v Aut.;2011
59;2364;Bora 2.0/ 2.0 Flex 8v Mec.;2011
59;2365;Caravelle 2.4 Diesel;2000
59;2366;Corrado 2.0 Turbo;1992
59;2367;Corrado G-60 2.8;1992
59;7077;CROSSFOX  1.6 T. Flex 16V 5p;2018
59;7078;CROSSFOX  I MOTION 1.6 T. Flex 16V 5p;2018
59;2368;CROSSFOX 1.6 Mi Total Flex 8V 5p;2015
59;5983;CROSSFOX I MOTION 1.6 Mi T. Flex 8V 5p;2015
59;4857;EOS Cab. 2.0 Turbo FSI Tiptronic;2012
59;2369;Eurovan 2.4 Diesel;2000
59;5082;Fox 1.0 Mi Total Flex 8V 3p;2014
59;5083;Fox 1.0 Mi Total Flex 8V 5p;2014
59;5084;Fox 1.6 Mi I MOTION Total Flex 8V 5p;2014
59;5085;Fox 1.6 Mi Total Flex 8V 5p;2014
59;6548;Fox BLUEMOTION 1.0 Mi Total Flex 12V 3p;2014
59;6549;Fox BLUEMOTION 1.0 Mi Total Flex 12V 5p;2017
59;6039;Fox BlueMotion 1.6 Mi Total Flex 3p.;2013
59;6040;Fox BlueMotion 1.6 Mi Total Flex 5p.;2013
59;2370;Fox City 1.0 Mi/ 1.0Mi Total Flex 8V 5p;2010
59;2371;Fox City 1.0Mi/ 1.0Mi Total Flex 8V 3p;2010
59;7269;Fox Comfortline 1.0 Flex 12V 5p;2017
59;6934;Fox Comfortline 1.0 Flex 8V 5p;2015
59;6935;Fox Comfortline 1.6 Flex 8V 5p;2018
59;6936;Fox Comfortline I Motion 1.6 Flex 8V 5p;2018
59;8112;Fox Connect 1.6 Flex 8V 5p;2022
59;8133;Fox Connect I Motion 1.6 Flex 8V 5p;2019
59;4668;Fox extreme 1.6 Mi Total Flex 8V 5p;2010
59;6937;Fox Highline I MOTION 1.6 Flex 16V 5p;2018
59;6938;Fox Highline1.6 Flex 16V 5p;2018
59;7172;Fox PEPPER 1.6 Flex 16V 5p;2018
59;7173;Fox PEPPER I MOTION 1.6 Flex 16V 5p;2018
59;2372;Fox Plus 1.0Mi/ 1.0Mi Total Flex 8V 3p;2010
59;2373;Fox Plus 1.0Mi/ 1.0Mi Total Flex 8V 4p;2010
59;2374;Fox Plus 1.6Mi/ 1.6Mi Total Flex 8V 3p;2010
59;2375;Fox Plus 1.6Mi/ 1.6Mi Total Flex 8V 4p;2010
59;5087;Fox PRIME/Hghi. IMOTION 1.6 T.Flex 8V 5p;2014
59;5086;Fox PRIME/Higli. 1.6 Total Flex 8V 5p;2014
59;5599;Fox Rock in Rio 1.6 Mi Total Flex 8V 5p;2016
59;4349;Fox Route 1.0 Mi Total Flex 8V 3p;2010
59;4350;Fox Route 1.0 Mi Total Flex 8V 5p;2010
59;4351;Fox Route 1.6 Mi Total Flex 8V 3p;2010
59;4352;Fox Route 1.6 Mi Total Flex 8V 5p;2010
59;7637;Fox RUN 1.6 Flex 8V 5p;2017
59;6667;Fox SELEÇÃO 1.0 Total Flex 8V 5p;2014
59;6668;Fox SELEÇÃO 1.6 Total Flex 8V 5p;2014
59;6784;Fox SELEÇÃO IMOTION 1.6 Mi T. Flex 8V 5p;2014
59;2379;Fox Sportline/Sports 1.0 Tot.Flex 8V 4p;2007
59;2376;Fox Sportline/Sports 1.0/1.0 Tot.Flex 3p;2007
59;2377;Fox Sportline/Sports 1.6/1.6 Tot.Flex 3p;2007
59;2378;Fox Sportline/Sports 1.6/1.6 Tot.Flex 4p;2007
59;4928;Fox SUNRISE 1.0 Mi Total Flex 8V 5p;2010
59;7410;Fox TRACK 1.0 Flex 12V 5p;2018
59;7295;Fox Trendline 1.0 Flex 12V 5p;2018
59;6939;Fox Trendline 1.0 Flex 8V 5p;2015
59;6940;Fox Trendline 1.6 Flex 8V 5p;2018
59;8113;Fox Xtreme 1.6 Flex 8V 5p;2022
59;2380;Fusca;1996
59;7079;Fusca 2.0 R-Line TSI 16V Aut.;2016
59;6278;Fusca 2.0 TSI 16V Aut.;2016
59;6279;Fusca 2.0 TSI 16V Mec.;2014
59;6280;Gol (novo) 1.0 Mi Total Flex 8V 2p;2014
59;4689;Gol (novo) 1.0 Mi Total Flex 8V 4p;2015
59;6281;Gol (novo) 1.6 Mi Total Flex 8V 2p;2015
59;4691;Gol (novo) 1.6 Mi Total Flex 8V 4p;2015
59;4690;Gol (novo) 1.6 Power/Highi T.Flex 8v 4P;2017
59;2381;Gol 1.0 Mi FUN/ Highway/ Sport 16V  2/4p;2003
59;2382;Gol 1.0 Plus 16v 2p;2005
59;2383;Gol 1.0 Plus 16v 4p;2005
59;2384;Gol 1.0 Plus 8v 2p;2004
59;2385;Gol 1.0 Plus 8v 4p;2003
59;2386;Gol 1.0 Power 16v 76cv 4p;2003
59;5941;Gol 1.0 Total Flex 8V 5p (25 Anos);2013
59;2387;Gol 1.0 Trend/ Power 8V 2p;2003
59;2388;Gol 1.0 Trend/ Power 8V 4p;2003
59;5114;Gol 1.6 I MOTI.Power/Highli T.Flex 8V 4p;2017
59;6454;Gol 1.6 Mi I MOTION Total Flex 8V 3p;2014
59;2389;Gol 1.6 Mi Plus Total Flex 8V 2p;2003
59;2390;Gol 1.6 Mi Plus Total Flex 8V 4p;2004
59;2391;Gol 1.6 Mi Power Total Flex 8V 4p;2009
59;5404;Gol 1.6 Mi Rallye I MOTION T. Flex 8V 4p;2014
59;2392;Gol 1.6 Mi Rallye Total Flex 8V 4p;2014
59;2393;Gol 1.6 Mi/ 1.6i 2p;2003
59;2394;Gol 1.6 Mi/ Power 1.6 Mi 4p;2004
59;8463;Gol 1.6 MSI Flex 16V 5p Aut.;2022
59;8324;Gol 1.6 MSI Flex 8V 5p;2022
59;2395;Gol 1.8 Mi;2004
59;2396;Gol 1.8 Mi 4p;2004
59;2397;Gol 1.8 Mi Power Total Flex 8V 4p;2009
59;2398;Gol 1.8 Mi Rallye Total Flex 8V 4p;2005
59;2399;Gol 1000 (modelo antigo);1996
59;2400;Gol 1000 Mi 16V 2p Turbo;2002
59;2401;Gol 1000 Mi 16V 4p Turbo;2003
59;2402;Gol 1000 Mi 16V/ Ouro  2p;2002
59;2403;Gol 1000 Mi 16V/ Ouro 4p;2002
59;2404;Gol 1000 Mi 2p  / 1000i;2003
59;2405;Gol 1000 Mi 4p;2003
59;2406;Gol 1000 Mi Plus 16V 2p e 4p;1999
59;2407;Gol 1000 Mi Plus 8v 2p e 4p;1999
59;2408;Gol 1000i Plus 2p;1997
59;2409;Gol 2.0 Mi 2p;2002
59;2410;Gol 2.0 Mi 4p;2002
59;5750;Gol BLACK 1.0 Mi Total Flex 8V 4p;2013
59;2413;Gol City (Trend) 1.0 Mi Total Flex 8V 2p;2016
59;3832;Gol City (Trend) 1.6 Mi T. Flex 8V 2p;2009
59;2417;Gol City (Trend) 1.6 Mi T.Flex 8V 4p;2016
59;2414;Gol City (Trend)/Titan 1.0 T. Flex 8V 4p;2016
59;2411;Gol City 1.0 Mi 8V 2p;2005
59;2412;Gol City 1.0 Mi 8V 4p;2005
59;9098;Gol City 1.0 Total Flex 12V 2p;2017
59;8840;Gol City 1.0 Total Flex 12V 4P;2017
59;2415;Gol City 1.6 Mi 8V 2p;2003
59;2416;Gol City 1.6 Mi 8V 4p;2004
59;2418;Gol CL 1.6 Mi 2p e 4p;1999
59;2419;Gol CL 1.8 Mi 2p e 4p;1999
59;2420;Gol CLi / CL 1.8;1996
59;2421;Gol CLi / CL/ Copa/ Stones 1.6;1996
59;6791;Gol Comfort. I MOTION 1.6 T. Flex 8V 3p;2015
59;6792;Gol Comfort. I MOTION 1.6 T. Flex 8V 5p;2018
59;7521;Gol Comfortline 1.0 T. Flex 12V 5p;2017
59;6787;Gol Comfortline 1.0 T. Flex 8V 3p;2015
59;6788;Gol Comfortline 1.0 T. Flex 8V 5p;2016
59;6789;Gol Comfortline 1.6 T. Flex 8V 3p;2015
59;6790;Gol Comfortline 1.6 T. Flex 8V 5p;2018
59;3958;Gol COPA 1.0 Mi Total Flex 8V 4p;2006
59;3959;Gol COPA 1.6 Mi Total Flex 8V 4p;2006
59;5218;Gol ECOMOTION  1.0 Mi Total Flex 8V 4p;2014
59;5219;Gol ECOMOTION 1.0 Mi Total Flex 8V 2p;2014
59;2422;Gol Furgao 1.0 mi;1998
59;2423;Gol Furgão 1.6 Mi/ 1.6i/ 1.6;1998
59;2424;Gol GL 1.6 Mi/Star 1.6 e 1.8/Atlanta 1.6;1998
59;2425;Gol GL 1.8 Mi 2p e 4p;1999
59;2426;Gol GLi / GL/ Atlanta 1.8;1996
59;2427;Gol GLS 2.0 Mi;1999
59;2428;Gol GT/GTS 1.8;1994
59;2429;Gol GTi 2.0;1997
59;2430;Gol GTi 2000 16V;2000
59;5113;Gol I MOTION 1.6 Mi Total Flex 8V 4p;2015
59;2431;Gol L 1.3/ L/ LS/ C/ S/ BX/ Plus 1.6;1988
59;3833;Gol Plus 1.0 Mi Total Flex 2p;2008
59;3834;Gol Plus 1.0 Mi Total Flex 4p;2008
59;6795;Gol Rallye 1.6 T. Flex 16V 5p;2016
59;6793;Gol Rallye I MOTION 1.6 T. Flex 16V 5p;2016
59;5600;Gol Rock in Rio 1.0 Mi Total Flex 8V 5p;2016
59;5220;Gol SELEÇÃO 1.0 Mi Total Flex 8V 5p;2015
59;6669;Gol SELEÇÃO 1.6 I MOTION T.Flex 8V 5p;2015
59;6670;Gol SELEÇÃO 1.6 Total Flex 8V 5p;2015
59;2432;Gol Special 1.0 Mi 4p;2004
59;7049;Gol Special 1.0 Total Flex 8V 3p;2016
59;7050;Gol Special 1.0 Total Flex 8V 5p;2016
59;2433;Gol Special 1.6 Mi 8V 99cv 2p;2003
59;2434;Gol Special/ Special Xtreme 1.0 Mi 2p;2005
59;4092;Gol TECH 1.0 Mi Total Flex 8V 2p;2007
59;4093;Gol TECH 1.0 Mi Total Flex 8V 4p;2007
59;6472;Gol TRACK 1.0 Mi Total Flex 8V 4p;2016
59;7817;Gol TRACK 1.0 Total Flex 12V 5p;2018
59;7638;Gol Trendline 1.0 T.Flex 12V 3p;2017
59;7522;Gol Trendline 1.0 T.Flex 12V 5p;2018
59;6785;Gol Trendline 1.0 T.Flex 8V 3p;2016
59;6786;Gol Trendline 1.0 T.Flex 8V 5p;2016
59;6977;Gol Trendline 1.6 T.Flex 8V 3p;2015
59;6796;Gol Trendline 1.6 T.Flex 8V 5p;2018
59;6976;Gol Trendline I Motion 1.6 T. Flex 8V 3p;2015
59;6794;Gol Trendline I MOTION 1.6 T. Flex 8V 5p;2015
59;2435;Gol TSi 1.8/ 1.8Mi;1997
59;2436;Gol TSi 2000 2p e 4p;1999
59;5115;Golf  BLACK EDITON 2.0 Mi T. Flex 8V Tip;2013
59;4669;Golf  TECH 1.6 Mi Total Flex 8V 4p;2009
59;4006;Golf 1.6 Mi Total Flex 8V 4p;2014
59;2437;Golf 1.6 Mi Trip/ Sport 101cv 8V;2003
59;2438;Golf 1.6Mi/ 1.6Mi Gener./Black & Silver;2006
59;2439;Golf 1.8 Mi Sport 150cv Turbo Mec/Aut.;2006
59;2440;Golf 2.0/ 2.0 Mi Flex Aut/Tiptronic.;2014
59;2442;Golf 2.0/ 2.0 Mi Flex Comfortline Aut.;2009
59;2443;Golf 2.0/ 2.0 Mi Flex Comfortline/ Sport;2009
59;2441;Golf 2.0/2.0 T. Flex Mec.(Black & Silv);2011
59;8369;Golf Comfort. 200 TSI 1.0 Flex 12V Aut.;2018
59;7781;Golf Comfortline 1.0 TSI Total Flex Mec.;2017
59;6797;Golf Comfortline 1.4 TSI 140cv Aut.;2015
59;6798;Golf Comfortline 1.4 TSI 140cv Mec.;2015
59;7460;Golf Comfortline 1.6 MSI Total Flex Aut.;2016
59;7461;Golf Comfortline 1.6 MSI Total Flex Mec.;2016
59;3914;Golf Flash 1.6 Mi/1.6 Mi Tot. Flex 8V 4p;2007
59;2444;Golf GL 1.8/ 2.0i 4p;1999
59;2445;Golf GLX 2.0 4p;1999
59;4835;Golf GT 2.0 Mi T. Flex 8V 4p Tiptronic;2013
59;4703;Golf GT 2.0 Mi Total Flex 8V 4p;2013
59;8943;Golf GTE TSI 1.4 16V Híbrido Aut.;2020
59;2446;Golf GTi 1.8 Mi 180/193cv Turbo 4p Mec.;2009
59;2447;Golf GTi 1.8 Mi 180/193cv Turbo 4p Tip.;2009
59;2448;Golf GTi 1.8 Mi 20V 2p Turbo Mec.;2001
59;2449;Golf GTi 1.8 Mi 20V Turbo 2p Aut.;2002
59;2450;Golf GTi 1.8 Mi 20V Turbo 4p Aut.;2002
59;2451;Golf GTi 1.8 Mi 20V Turbo 4p Mec.;2002
59;2452;Golf GTI 1.8 Turbo;1999
59;2453;Golf GTi 2.0;1998
59;6600;Golf GTi 2.0 TSI 220cv Aut.;2017
59;8370;Golf GTi 350 TSI 2.0 230cv 16V Aut.;2019
59;2454;Golf GTi Cabrio 2.0 Mi;1997
59;2455;Golf GTI VR6/ Golf 2.8 VR6;2003
59;6601;Golf Highline 1.4 TSI 140cv Aut.;2015
59;6602;Golf Highline 1.4 TSI 140cv Mec.;2015
59;7462;Golf Highline 1.4 TSI Total Flex Aut.;2017
59;7463;Golf Highline 1.4 TSI Total Flex Mec.;2017
59;8371;Golf Highline 250 TSI 1.4 Flex 16V Aut.;2018
59;5007;Golf SILVER EDIT. 2.0 Mi T.Flex 8v Mec.;2010
59;5008;Golf SILVER EDIT. 2.0 Mi T.Flex 8V Tip.;2010
59;4312;Golf Sportline 1.6 Mi Total Flex 8V 4p;2014
59;5221;Golf Sportline 2.0 Mi Total F. 8V Tip.;2014
59;8372;Golf Variant Comf. 250 1.4 TSI Flex Aut.;2018
59;7782;Golf Variant Comfort. 1.4 TSI T.Flex Aut;2017
59;7270;Golf Variant Comfortline 1.4 TSI  Aut.;2016
59;7464;Golf Variant Comfortline 1.4 TSI Mec.;2016
59;8373;Golf Variant High. 250 1.4 TSI Flex Aut.;2018
59;7748;Golf Variant Highli. 1.4 TSI T.Flex Aut;2017
59;7271;Golf Variant Highline 1.4 TSI Aut.;2016
59;2456;Grand Saveiro Xtreme/Street  1.6/1.8/2.0;2003
59;2457;JETTA  GLX III 2.8 VR6;1995
59;4147;JETTA 2.5 20V 150/170cv Tiptronic;2011
59;8581;JETTA 250 TSI 1.4 flex 16v Aut.;2019
59;8487;JETTA Comfort. 250 TSI 1.4 Flex 16v Aut.;2020
59;5512;JETTA Comfortline  2.0 T.Flex 8V 4p Mec.;2014
59;7493;JETTA Comfortline 1.4 TSI 16V 4p Aut.;2018
59;5513;JETTA Comfortline 2.0 T.Flex 8V 4p Tipt.;2016
59;5514;JETTA Highline 2.0 TSI 16V 4p Tiptronic;2018
59;8488;JETTA R-Line 250 TSI 1.4 Flex 16V Aut.;2020
59;7494;JETTA Trendline 1.4 TSI 16V 4p  Aut.;2017
59;7495;JETTA Trendline 1.4 TSI 16V 4p Mec.;2017
59;7216;JETTA Trendline 2.0 T.Flex 8V 4p Tip.;2016
59;4649;JETTA Variant 2.5 20V 170cv Tiptronic;2013
59;2458;Kombi Carat;2002
59;2459;Kombi Escolar 1.6 MPi;2006
59;3980;Kombi Escolar/50 anos 1.4 Mi Total Flex;2014
59;2460;Kombi Furgão;2006
59;3915;Kombi Furgão 1.4 Mi Total Flex 8V;2014
59;2461;Kombi Furgão Diesel;1985
59;6618;Kombi LAST EDITION 56 1.4 Mi Total Flex;2014
59;3981;Kombi Lotação 1.4 Mi Total Flex 8V;2013
59;2462;Kombi Lotação 1.6 MPi;2006
59;2463;Kombi Pick-Up;2000
59;2464;Kombi Pick-Up Diesel;1985
59;3916;Kombi Standard 1.4 Mi Total Flex 8V;2014
59;2465;Kombi Standard/ Luxo/ Série Prata;2006
59;2466;Logus 1.6 / CLi / CL/ GL;1997
59;2467;Logus 1.8 / CLi / CL;1997
59;2468;Logus GLi / GL 1.8;1997
59;2469;Logus GLS 1.8;1994
59;2470;Logus GLSi / GLS 2000;1995
59;2471;Logus Wolfsburg Edition 2000i;1997
59;2472;New Beetle 2.0 Mi Mec./Aut.;2010
59;2473;Parati 1.0 Mi FUN/ SunSet 16V 4p;2002
59;2474;Parati 1.0 Mi Plus 16v 4p;2003
59;2475;Parati 1.0 Mi Summer 16v 4p;2002
59;2476;Parati 1.0 Mi Tour 16V 76cv 4p;2003
59;2500;Parati 1.6 Mi Plus Total Flex  8V 4p;2009
59;2477;Parati 1.6 Mi/ 1.6 Mi City;2004
59;2478;Parati 1.6Mi/1.6Mi City/T.Field T.Flex;2013
59;2479;Parati 1.8 Mi City Total Flex 8V 4p;2005
59;2480;Parati 1.8 Mi CROSSOVER Total Flex 8V 4p;2005
59;3804;Parati 1.8 Mi Plus Total Flex 8V 4p;2009
59;2481;Parati 1.8 Mi T. Field Total Flex 8V 4p;2008
59;2482;Parati 1.8 Mi Tour 8V 99cv 4p;2003
59;2483;Parati 1.8 Mi/ 1.8 Mi Plus;2005
59;2484;Parati 1000 Mi 16V 2p e 4p;2003
59;2485;Parati 1000 Mi 16V 4p Turbo;2004
59;2486;Parati 2.0 Mi Tour 8V 112cv 4p;2003
59;2487;Parati 2.0 Mi/ 2.0 Mi Track & Field;2005
59;2488;Parati C 1.6/ CL 1.6 Mi 2p e 4p;1999
59;2489;Parati CL 1.8 Mi 2p e 4p;1999
59;2490;Parati CLi / CL/ Atlanta 1.6;1996
59;2491;Parati CLi / CL/ Atlanta 1.8;1996
59;3960;Parati COMFORTLINE 1.6 Mi Tot.Flex 8V 4p;2007
59;3805;Parati COMFORTLINE 1.8 Mi Tot.Flex 8V 4p;2007
59;2492;Parati CROSSOVER 2.0 8V/ 1.0 16V TB 4p;2005
59;2493;Parati Evidence 1.8 8V/ 1.0 16V TB 4p;2003
59;2494;Parati GL 1.6 Mi/ 1.6/ GLS/ Club 1.6;1998
59;2495;Parati GL 1.8 Mi/ Club 1.8 Mi 2p e 4p;1999
59;2496;Parati GLi / GL 1.8;1996
59;2497;Parati GLS 2.0 Mi 2/4p;1999
59;2498;Parati GLSi 2.0 / GLS/ Surf 1.8;1997
59;2499;Parati GTi 2.0 Mi 16V;2000
59;2501;Parati Plus/ LS/ S;1990
59;4521;Parati SURF 1.6 Mi Total Flex;2013
59;4522;Parati SURF 1.8 Mi Total Flex;2009
59;4908;Parati TITAN 1.6 Mi Total Flex 8V 4p;2012
59;2502;Parati Utility 1.8 8V/ 1.0 Turbo 16V;2003
59;2503;Passat  L/LS/LSe/GL/GLS/TS/Fla/Vill/Plus;1989
59;2504;Passat 1.8 Aut.;2001
59;2505;Passat 1.8 Mec.;2001
59;2506;Passat 1.8 Tiptronic;2000
59;2507;Passat 2.0;2001
59;3806;Passat 2.0 FSI Tiptronic;2007
59;2508;Passat 2.8 V6 Mec.;2001
59;2509;Passat 2.8 V6 Protect Tiptronic;2005
59;2510;Passat 2.8 V6 Tiptronic;2005
59;4322;Passat 3.2 V6 FSI 24V 250cv Tip.;2009
59;6896;Passat CC 2.0 TSI 211cv Tiptronic;2016
59;4929;Passat CC 3.6 V6 FSI 300cv Tiptronic;2014
59;7465;Passat Comfortline 2.0 TSI 220cv Tip.;2016
59;7466;Passat Highline 2.0 TSI 220cv Tip.;2019
59;2511;Passat Pointer GTS;1989
59;7051;Passat R-Line TB 2.0 TSI Tiptronic 4p;2014
59;4148;Passat TB 2.0 FSI/TSI 211cv Tiptronic 4p;2015
59;2512;Passat Turbo 1.8 Mec.;2005
59;2513;Passat Turbo 1.8 Tiptronic;2005
59;3917;Passat Variant  2.0 FSI 150cv Tiptron.5p;2007
59;2514;Passat Variant 1.8 Aut.;2000
59;2515;Passat Variant 1.8 Mec.;2001
59;2516;Passat Variant 2.0;1996
59;2517;Passat Variant 2.8 V6;2000
59;2518;Passat Variant 2.8 V6 Tiptronic;2005
59;4323;Passat Variant 3.2 V6 FSI 24V 250cv Tip.;2010
59;7320;Passat Variant R-Line TB 2.0 TSI Tip. 5p;2014
59;2519;Passat Variant Turbo 1.8;2004
59;2520;Passat Variant Turbo 1.8 Tiptronic;2005
59;4149;Passat Variant Turbo 2.0 FSI Tiptron. 5p;2015
59;2521;Passat Variant VR6 2.8;1996
59;2522;Passat VR6 2.8;1996
59;2523;Pointer 1.8 / CLi;1996
59;2524;Pointer GLi 1.8;1996
59;2525;Pointer GLi 2.0;1996
59;2526;Pointer GTi 2.0;1996
59;2527;Polo 1.0 Mi 79cv 16V 5p;2003
59;4930;Polo 1.6 E-Flex 8V 5p;2013
59;2528;Polo 1.6 Mi/ S.Ouro 1.6Mi 101cv 8V 5p;2005
59;2529;Polo 1.6 Mi/S.Ouro 1.6 Mi Tot.Flex 8V 5p;2015
59;8067;Polo 1.6 MSI Flex 16V 5p;2022
59;8426;Polo 1.6 MSI Total Flex 16V 5p Aut.;2022
59;2530;Polo 2.0 Mi 116cv 8V 5p;2004
59;4909;Polo BLUEMOTION 1.6 Total Flex 8V 5p;2015
59;2531;Polo Classic 1.0 Mi 16v  65cv 4p;2001
59;2532;Polo Classic/ Special 1.8 Mi;2002
59;4797;Polo GT 2.0 Mi Total Flex 8V 5p;2012
59;4300;Polo GTI 1.8 Mi 150cv 20V Turbo 3p;2007
59;4989;Polo I MOTION 1.6 Total Flex  5p;2015
59;2533;Polo Next 1.6 Mi 101cv 8V 5p;2003
59;3982;Polo Sed. COMFORT. 1.6 Mi Tot. Flex 8v;2015
59;2536;Polo Sed./Sed. COMF. 2.0/2.0 Flex 8V 4p;2015
59;4990;Polo Sed.COMFORT. I MOTION 1.6 T.Flex 4p;2015
59;2534;Polo Sedan 1.6 Mi 101cv 8V 4p;2005
59;2535;Polo Sedan 1.6 Mi Total Flex 8V 4p;2015
59;2537;Polo Sedan Evidence 1.6 Mi T.Flex 8v 4p;2005
59;4991;Polo Sedan I MOTION  1.6 Total Flex  4p;2015
59;9558;Polo Sense 200 TSI 1.0 Flex 12V Aut;2021
59;3983;Polo SPORTLINE 1.6 Mi Total Flex 8V 5p;2015
59;5654;Polo Sportline 2.0 Mi Total Flex 8V 5p;2013
59;4992;Polo SPORTLINE I MOTION 1.6 T.Flex 5p;2015
59;2538;Quantum 1.8 Mi/ 1.8i;2002
59;2539;Quantum 2.0 Mi;2002
59;2540;Quantum CLi / CL / C/ CS/ CD/ CG 1.8/2.0;1996
59;2541;Quantum Evidence 2.0 Mi;1999
59;2542;Quantum Exclusive 2.0 Mi;1999
59;2543;Quantum GLi / GL 1.8/ 2.0;1996
59;2544;Quantum GLSi / GLS 1.8/Sport/ Family 2.0;1997
59;2545;Santana 1.8 Mi;2006
59;2546;Santana 2.0 Mi 2p e 4p;2006
59;2547;Santana CLi /CL /C 1.8/2.0 /SU 2.0 2p/4p;1997
59;3961;Santana COMFORTLINE 1.8 Mi 8V 4p;2006
59;2548;Santana CS/CD/CG;1986
59;2549;Santana Evidenc 2.0 MI;1999
59;2550;Santana Exclusiv 2.0 Mi/ Executivo 2.0i;1999
59;2551;Santana GLi / GL/ Sport 1.8/ 2.0;1997
59;2552;Santana GLSi / GLS 1.8/ 2.0;1996
59;5009;Saveiro 1.6 Mi Total Flex 8V CE;2014
59;2553;Saveiro 1.6 Mi/ 1.6 Mi Total Flex 8V;2015
59;2554;Saveiro 1.6 Mi/ 1.6Mi City Total Flex 8V;2010
59;2555;Saveiro 1.8 Mi;2005
59;2556;Saveiro 2.0 Mi;2004
59;2557;Saveiro City 1.8 Mi Total Flex 8V;2009
59;2558;Saveiro CL 1.6 Mi / CL/ C 1.6;2000
59;2559;Saveiro CL/ Summer 1.8 Mi e 1.8;2002
59;5195;Saveiro CROSS 1.6 Mi Total Flex 8V CE;2014
59;6801;Saveiro CROSS 1.6 T. Flex 16V CE;2018
59;3962;Saveiro CROSSOVER 1.6 Mi Total Flex 8V;2007
59;2560;Saveiro CROSSOVER 1.8 Mi 8V;2005
59;2561;Saveiro CROSSOVER 1.8 Mi Total Flex 8V;2007
59;2562;Saveiro Diesel (todas);1989
59;2563;Saveiro FUN 1.8 99cv/ City e S.Surf  1.6;2004
59;2564;Saveiro GL 1.8Mi e 1.6/GL/LS/S/ Sunset;1999
59;6942;Saveiro Highline 1.6 T. Flex 8V CD;2018
59;8026;Saveiro Pepper 1.6 Flex 8V CD;2019
59;8027;Saveiro Pepper 1.6 Flex 8V CE;2019
59;7272;Saveiro Rock in Rio 1.6 Total Flex 8V CD;2016
59;3984;Saveiro SPORTLINE 1.6 Mi Total Flex 8V;2006
59;3807;Saveiro SPORTLINE 1.8 Mi Total Flex 8V;2006
59;6802;Saveiro Startline 1.6 T.Flex 8V;2016
59;2565;Saveiro Super Surf  1.8 Mi 8V 99cv;2005
59;2566;Saveiro Super Surf 1.6 Mi Total Flex 8V;2008
59;2567;Saveiro Super Surf 1.8 Mi Total Flex 8V;2008
59;4523;Saveiro SURF 1.6 Mi Total Flex 2p;2016
59;4524;Saveiro SURF 1.8 Mi Total Flex 2p;2009
59;4451;Saveiro TITAN  1.6 Mi Total Flex 2p;2010
59;6799;Saveiro Trendline 1.6 T.Flex 8V;2022
59;6943;Saveiro Trendline 1.6 T.Flex 8V CD;2018
59;6800;Saveiro Trendline 1.6 T.Flex 8V CE;2018
59;5010;Saveiro TROOPER 1.6 Mi Total Flex 8V;2013
59;5011;Saveiro TROOPER 1.6 Mi Total Flex 8V CE;2014
59;2568;Saveiro TSi 2.0 Mi;1999
59;7235;SpaceCross 1.6 Mi Total Flex 16V;2017
59;5655;SpaceCross 1.6 Mi Total Flex 8V;2015
59;7236;SpaceCross I MOTION 1.6 Mi T. Flex 16V;2017
59;5656;SpaceCross I MOTION 1.6 Mi Total Flex 8V;2015
59;4729;SPACEFOX  SPORTLINE/HIGHLINE 1.6 T.Flex;2015
59;5314;SPACEFOX  TREND I MOTION 1.6 T. Flex 8V;2015
59;7321;SPACEFOX 1.6 Trendline I MOT. T.Flex 8V;2019
59;7322;SPACEFOX 1.6 Trendline Total Flex 8v 5p;2019
59;4007;SPACEFOX 1.6/ 1.6 Trend Total Flex 8V 5p;2015
59;7217;SPACEFOX COMF. I MOTION 1.6 Flex 8V 5p;2018
59;4008;SPACEFOX COMFORTLINE 1.6 Mi T.Flex 8V 5p;2018
59;7237;SPACEFOX HIGHLINE 1.6 T.Flex 16V;2018
59;7238;SPACEFOX HIGHLINE I MOT. 1.6 T.Flex 16V;2018
59;4836;SPACEFOX Route 1.6 Mi T.Flex 5p;2010
59;5315;SPACEFOX SPORTLINE/HIGHLINE I MOTION 1.6;2015
59;8642;T-Cross 1.0 TSI Flex 12V 5p Mec.;2021
59;7860;TIGUAN 1.4 TSI 16V 150cv 5p;2017
59;4931;TIGUAN 2.0 TSI 16V 200cv Tiptronic 5p;2016
59;8300;TIGUAN Allspac 250 TSI 1.4 Flex;2020
59;8301;TIGUAN Allspac Comf 250 TSI 1.4 Flex;2020
59;8302;TIGUAN Allspac R-Line 350 TSI 2.0 4x4;2021
59;3835;TOUAREG 3.2 24V V6 Tiptronic 5p;2008
59;4442;TOUAREG 3.6 24V V6 280cv Tiptronic 5p;2017
59;2569;TOUAREG 4.2 32V V8  Tiptronic 5p;2016
59;7218;TOUAREG R-Line 4.2 V8 360cv Tiptronic 5p;2018
59;8702;up! 1.0 Total Flex 12V 5p;2020
59;6715;up! black/white/red 1.0 T. Flex 12V 5p;2016
59;7323;up! black/white/red 1.0 TSI TFlex 12V 5p;2017
59;6803;up! black/white/red I MOTION 1.0 Flex 5p;2016
59;8703;up! Connect 1.0 TSI Total Flex 12V 5p;2020
59;7047;up! cross 1.0 T. Flex 12V 5p;2017
59;7324;up! cross 1.0 TSI Total Flex 12V 5p;2019
59;7048;up! cross I MOTION 1.0 T.Flex 12V 5p;2017
59;6716;up! high 1.0 Total Flex 12V 5p;2017
59;7325;up! high 1.0 TSI Total Flex 12V 5p;2018
59;6804;up! high I MOTION 1.0 T. Flex 12V 5p;2017
59;6805;up! move 1.0 T. Flex 12V 3p;2016
59;6717;up! move 1.0 Total Flex 12V 5p;2019
59;7326;up! move 1.0 TSI Total Flex 12V 5p;2019
59;6806;up! move I MOTION 1.0 T. Flex 12V 3p;2015
59;6846;up! move I MOTION 1.0 T. Flex 12V 5p;2019
59;8028;up! Pepper 1.0 TSI T.Flex 12V 5p;2019
59;7639;up! Run 1.0 Total Flex 12V 5p;2017
59;7640;up! Run I MOTION 1.0 Total Flex 12V 5p;2017
59;7327;up! SPEED 1.0 TSI T. Flex 12V 5p;2017
59;6807;up! take 1.0 T. Flex 12V 3p;2017
59;6718;up! take 1.0 Total Flex 12V 5p;2019
59;7818;up! track 1.0 Total Flex 12V 5p;2017
59;8704;up! Xtreme 1.0 TSI Total Flex 12V 5p;2021
59;2570;Van 1.6 Mi (furgão);2002
59;8427;VIRTUS 1.6 MSI Flex 16V 4p Aut.;2022
59;8184;VIRTUS 1.6 MSI Flex 16V 5p Mec.;2022
59;9599;VIRTUS Sense 1.6 Flex 16V 5p Aut. ;2022
59;6808;VOYAGE  Trendline 1.0 T.Flex 8V 4p;2017
59;4752;VOYAGE 1.0/1.0 City Mi Total Flex 8V 4p;2016
59;8464;VOYAGE 1.6 MSI Flex 16V 4p Aut.;2022
59;8326;VOYAGE 1.6 MSI Flex 8V 4p;2022
59;4753;VOYAGE 1.6/1.6 City  Mi Total Flex 8V 4p;2016
59;2571;VOYAGE C/CL/Fox 1.6;1995
59;2572;VOYAGE CL 1.8;1995
59;4754;VOYAGE COMF/Highli. 1.6 T.Flex 8V 4p;2018
59;6810;VOYAGE Comfortline  1.0 T.Flex 8V 4p;2016
59;7523;VOYAGE Comfortline 1.0 T.Flex 12V 4p;2018
59;6811;VOYAGE Evidence 1.6 Total Flex 8V 4p;2016
59;2573;VOYAGE GL 1.8 4p (Argentino);1995
59;2574;VOYAGE GL/ Special 1.6/ 1.8;1995
59;6812;VOYAGE I MOTION  Trendline 1.6 T.Flex 8V;2015
59;5116;VOYAGE I MOTION 1.6 Mi Total Flex 8V;2015
59;5117;VOYAGE I MOTION COMF/Hghli.1.6 T.Flex 8V;2018
59;6813;VOYAGE I MOTION Evidence 1.6 T.Flex 8V;2016
59;5118;VOYAGE I MOTION TREND 1.6 Mi T. Flex 8V;2014
59;2575;VOYAGE L/LS/Plus/GLS/S/Sport/Super L.Ang;1995
59;6671;VOYAGE SELEÇÃO 1.0 Mi Total Flex 8V 4p;2015
59;6672;VOYAGE SELEÇÃO 1.6 I MOTION T.Flex 8V 4p;2015
59;6673;VOYAGE SELEÇÃO 1.6 Total Flex 8V 4p;2015
59;4755;VOYAGE TREND 1.6 Mi Total Flex 8V 4p;2014
59;7524;VOYAGE Trendline 1.0 T.Flex 12V 4p;2018
59;6809;VOYAGE Trendline 1.6 T.Flex 8V 4p;2018
163;5089;Way 1.8 Total Flex 8V Mec.;2012
6;6200;A1 Sportback 1.4 TFSI 5p S-tronic;2018
6;7418;A1 Sportback 1.8 TFSI 192cv 5p S-tronic;2018
6;8227;A3 Cabriolet Ambition 2.0 TFSI S-tronic;2018
6;8559;A3 Cabriolet Perfor. 2.0 TFSI S-tronic;2019
6;7419;A3 Sed. Ambition 2.0 TSFI 220cv S-tronic;2018
6;8945;A3 Sed. P. Plus Tech 1.4 Flex TFSI Tip.;2021
6;8768;A3 Sed. P.Plus 1.4 25Anos Flex TFSI Tip.;2019
6;7391;A3 Sedan 1.4 TFSI Flex Tiptronic 4p;2018
6;8560;A3 Sedan Performance 2.0 TFSI S-tronic;2020
6;8561;A3 Sedan Prestige 1.4 TFSI Flex Tip.;2021
6;8562;A3 Sedan Prestige Plus 1.4 TFSI Flex Tip;2021
6;8563;A3 Sportb. Prestige Plus 1.4 TFSI S-tron;2020
6;6510;A3 Sportback 1.4 TFSI S-tronic;2018
6;7750;A4 2.0 Avant Ambie. 2.0 16V TFSi S tron.;2018
6;7717;A4 Ambiente 2.0 TFSI 190cv S tronic;2018
6;7894;A4 Ambition 2.0 TFSI Quattro S tronic;2018
6;7656;A4 Attraction 2.0 TFSI 190cv S tronic;2018
6;8228;A4 Avant Lim. Ed. 2.0 TFSI S tronic;2018
6;8769;A4 Avant Prest. Plus 2.0 TFSI S-tronic;2019
6;8229;A4 Limited Edition 2.0 TFSI S tronic;2018
6;7999;A5 Ambiente Sportb. 2.0 TFSI S tonic;2018
6;8000;A5 Ambit. Plus Sport. 2.0 TFSI S tronic;2018
6;8001;A5 Ambit. Sport. 2.0 TFSI S tronic;2018
6;8002;A5 Attraction Sportb. 2.0 TFSI S tronic;2018
6;8564;A5 Sportb. Perf. 2.0 TFSI Quat. S-tronic;2019
6;8565;A5 Sportb. Prestige 2.0 16V TFSI S-troni;2019
6;8566;A5 Sportb.Perf.B. 2.0 TFSI Quat. S-troni;2022
6;7254;A6 2.0 TFSI 252cv S tronic 4p;2018
6;6414;A6 3.0 TFSI V6 Quattro S tronic 4p;2018
6;9298;A6 Perf. Black 3.0 TFSI Quattro S-tronic;2022
6;8814;A6 Performance 3.0 TFSI Quattro S.tronic;2020
6;9319;A7 SP.b. Perf. Bla. 3.0 TFSI Quat. S-tro;2022
6;5549;A7 Sportback 3.0 TFSI Quattro S Tronic;2018
6;8815;A7 Sportback Perf. 3.0 TFSI S-tron Quat.;2020
6;7255;Q3 1.4 TFSI/TFSI Flex S-tronic 5p;2019
6;6044;Q3 2.0 TFSI Quat. 170/180cv S-tronic 5p;2018
6;6045;Q3 2.0 TFSI Quat. 211/220cv S-tronic 5p;2018
6;8230;Q3 Black Ed. 1.4 TFSI Flex/Black S-tron.;2022
6;9304;Q3 Black S Line 1.4 TFSI S-tronic;2021
6;8569;Q3 P. Plus 1.4 TFSI Flex/P.Plus S-tronic;2022
6;8568;Q3 Prest. 1.4 TFSI Flex/Prest. S-tronic;2022
6;8231;Q5 2.0 TFSI Quattro S tronic (Blindado);2020
6;8036;Q5 Ambiente 2.0 TFSI Quattro S tronic;2018
6;8037;Q5 Ambition 2.0 TFSI Quattro S tronic;2018
6;8038;Q5 Attraction 2.0 TFSI Quattro S tronic;2018
6;8583;Q5 Black 2.0 TFSI Quattro S tronic;2020
6;8585;Q5 Prestige Plus 2.0 TFSI Quat. S tronic;2020
6;9526;Q5 SPB. S-Line Black 2.0 TFSI Qua.S-Tron;2022
6;9527;Q5 Sportback S-Line 2.0 TFSI Quat.S-Tron;2022
6;7917;Q7 3.0 V6 TDI Quat.Tip. 5p Die./Perfor.;2019
6;8658;Q7 Perf.Black 3.0 TDI Quat.Tip.5p Dies.;2019
6;9205;Q7 S-Line 3.0 V6 TFSI Quattro Tiptronic;2022
6;5236;R8 5.2 V10 Quattro R-tronic/S-tronic;2022
6;6865;RS Q3 2.5 TFSI Quattro S-tronic 5p;2022
6;9292;RS Q3 Sportback 2.5 TFSI Quattro S-tron.;2022
6;8175;RS3 Sedan 2.5 TFSI Quattro S-tronic;2018
6;5922;RS3 Sportback 2.5 TFSI Quattro S-tronic;2018
6;8628;RS4 2.9 Avant V6 TFSI Quattro Tiptronic;2022
6;8629;RS5 Coupê 2.9 V6 TFSI Quattro Tiptronic;2019
6;6883;RS7 Sportback 4.0 TFSI Quattro Tiptronic;2022
6;6769;S Q5 3.0 V6 TFSI 354cv Quattro Tiptronic;2020
6;4330;TT 2.0 16v TFSI S-Tronic;2018
6;4431;TT Roadster 2.0 16v TFSI S-Tronic;2018
6;6258;TTRS 2.5 TFSI QUATTRO S Tronic;2022
6;5128;TTS 2.0 TFSI QUATTRO S Tronic;2018
6;5129;TTS Roadster 2.0 TB FSI Quattro S Tronic;2018
7;7178;120iA Sport 2.0/ActiveFlex 16V Aut.;2019
7;6377;125i M Sport/Active Flex 2.0 TB Aut. 5p;2019
7;7448;220i Tourer Active Flex 2.0 TB Aut.;2018
7;7303;328iA M Sport 2.0 16V Flex 4p;2018
7;6049;328iA Sport 2.0 16V/2.0 16V Flex 4p;2018
7;8630;330i M Sport 2.0 TB 16V 4p;2021
7;8688;330i Sport 2.0 TB 16V 4p;2020
7;9442;430i Cabriolet M Sport 2.0 TB 258cv 2p;2022
7;7875;430i Cabriolet Sport 2.0 TB 252cv 2p;2020
7;7918;530i M Sport 2.0 Turbo 252cv Aut.;2019
7;7919;540i M Sport 3.0 Turbo 340cv Aut.;2020
7;9961;745Le M Sport Sedan 3.0 V6 Aut. (Híb.);2022
7;7657;750iL M Sport Sedan 4.4 V8 450cv Aut.;2019
7;8660;750iL Pure Excellence Sedan 4.4 V8 Aut.;2019
7;8817;i3 Bev 170cv Aut. (Elétrico);2021
7;8818;i3 Bev Connected 170cv Aut. (Elétrico);2021
7;7023;i3 Rex E Drive 170cv Aut.(Elétrico);2020
7;8734;i3 Rex E Drive Connected Aut. (Elétrico);2020
7;7024;i3 Rex E Drive Full 170cv Aut.(Elétrico);2021
7;10019;i8 e-Drive 1.5 TB 12V  Aut. (Híbrido);2020
7;10020;i8 Road. e-Drive 1.5 TB 12V Aut. (Híb.);2020
7;9006;M 135i XDRIVE 2.0 306cv Aut.;2022
7;7823;M140i 3.0  24V 340cv 5p;2019
7;8439;M2 Competition 3.0 Bi-Turbo 410cv Aut.;2021
7;9103;M2 Competition Ed. Espe. 3.0 Bi-TB Mec.;2021
7;7611;M2 Coupe 3.0 Bi-Turbo 24V 370cv;2018
7;9339;M2 CS Coupe 3.0 Bi-Turbo 450cv;2021
7;9104;M235i XDRIVE Gran Coupé 2.0 Aut.;2022
7;7857;M240i Coupe 3.0 24V 340cv 2p;2018
7;9483;M3 Competition M Track 3.0 Bi-TB;2021
7;8661;M3 CS Sedan 3.0 Bi-Turbo 460cv 4p;2018
7;7130;M3 Sedan 3.0 Bi-Turbo 24V 4p;2018
7;9094;M340i XDRIVE First Ed. 3.0 Turbo Aut.;2020
7;7116;M4 Coupe 3.0 Bi-Turbo 24V 431cv 2p;2020
7;8314;M4 CS Coupe 3.0 Bi-Turbo 460cv 2p;2019
7;9484;M5 Competition M XDRIVE 4.4 Bi-TB V8;2022
7;8388;M5 M XDRIVE 4.4 Bi-TB V8;2022
7;8389;M5 Perform. Pack M XDRIVE 4.4 Bi-TB V8;2020
7;6635;M6 Gran Coupe 4.4 Bi-Turbo V8 32V 560cv;2018
7;8735;M760Li xDrive 6.6 V12 585cv Aut.;2022
7;9188;M8 Gran Coupé Comp.First ED. 4.4 V8 32V;2021
7;9525;M8 Gran Coupé Competition 4.4 V8 32V;2022
7;8736;M850i XDrive Coupé 4.4 V8 530cv Aut.;2020
7;9226;X1 SDRIVE 20i M S. 2.0 25 Anos TB Flex;2021
7;7449;X1 XDRIVE 25i Sport 2.0/2.0 Flex Aut.;2022
7;8820;X2 M35i 2.0 Turbo 306cv Aut.;2020
7;8277;X2 SDRIVE  20i M Sp/M Sp 2.0 TB Flex Aut;2020
7;8510;X2 SDRIVE 18i 1.5 ActiveFlex 136cv Aut.;2022
7;8338;X2 SDRIVE 20i 2.0/2.0 TB A. Flex 16V Aut;2022
7;8842;X3 M Competition 3.0 Bi-TB 510cv Aut.;2021
7;6417;X3 XDRIVE 20i 2.0/X-Line Bi-TB Flex Aut.;2021
7;10075;X3 XDRIVE 30e M SP Launch Ed. TB (Híb.);2022
7;10077;X3 XDRIVE 30e Turbo Aut. (Híbrido);2021
7;8233;X3 XDRIVE 30i X-Line 2.0 Turbo 252cv Aut;2021
7;8985;X4 M Competition 3.0 Bi-TB 510cv Aut.;2021
7;7065;X4 XDRIVE 28i X-Line 2.0 Turbo 245cv Aut;2018
7;5188;X5 M 4.4 4x4 V8 32V Bi-Turbo Aut.;2018
7;9535;X5 M Competition 4.4 V8 Bi-TB Aut.;2022
7;7283;X5 XDRIVE 30d 3.0 Diesel;2020
7;8662;X5 XDRIVE 30d M Sport 3.0 265cv Dies Aut;2020
7;7117;X5 XDRIVE M50d 3.0 Diesel;2020
7;9206;X5 XDRIVE M50i 4.4 Bi-Turbo Aut.;2021
7;5189;X6 M 4.4 4x4 V8 32V Bi-Turbo Aut.;2021
7;4745;X6 XDRIVE 35i 3.0 306cv Bi-Turbo;2019
7;9038;X7 M50i 4.4 V8 Bi-TB Aut.;2022
7;9362;X7 M50i Dark Shadow 4.4 V8 Bi-TB Aut.;2021
7;8776;X7 XDRIVE 50i M Sport 4.4 V8 Bi-TB Aut.;2020
7;8777;Z4 M40i 3.0 340cv Aut.;2022
7;8689;Z4 Roadster sDRIVE 30i MSport 2.0 TB Aut;2022
8;255;Buggy W. Turing/Luxo/M-11 Absolut 1.6 8V;2021
236;9562;Stark Superação 2.3 AWD 2.3 TDI Die. 3p;2021
161;9039;ARRIZO 5 RT 1.5 Turbo Flex Aut.;2021
161;9040;ARRIZO 5 RTS 1.5 Turbo Flex Aut.;2021
161;8513;ARRIZO 5 RX 1.5 16V Turbo Flex Aut.;2020
161;9262;ARRIZO 5 RXS 1.5 Turbo Flex Aut.;2021
161;8514;ARRIZO 5 RXT 1.5 16V Turbo Flex Aut.;2020
161;9299;ARRIZO 5e (Elétrico);2019
161;9106;ARRIZO 6 GSX 1.5 Turbo Flex Aut.;2022
161;7222;Celer Hatch ACT 1.5 16V Flex 5p;2018
161;6380;Celer Sedan 1.5 16V Flex 5p;2018
161;7223;Celer Sedan ACT 1.5 16V Flex 5p;2018
161;7224;QQ 1.0  ACT FL 12V/1.0 12V Flex  5p;2020
161;7225;QQ 1.0 Look FL 12V/1.0 12V Flex 5p;2020
161;7902;QQ 1.0 SMILE 12V Flex 5p;2019
161;8339;Tiggo 2 ACT 1.5 16V Flex Aut.5p;2022
161;8278;Tiggo 2 ACT 1.5 16V Flex Mec. 5p;2019
161;9227;Tiggo 2 EX 1.5 16V Flex Aut. 5p;2021
161;8340;Tiggo 2 Look 1.5 16V Flex Aut.5p;2022
161;8279;Tiggo 2 Look 1.5 16V Flex Mec. 5p;2022
161;9492;Tiggo 2 SMILE 1.5 16V Flex Aut.;2022
161;8571;Tiggo 5X T 1.5 16V Turbo Flex Aut.;2022
161;8572;Tiggo 5X TXS 1.5 16V Turbo Flex Aut.;2022
161;8586;Tiggo 7 T 1.5 16V Turbo Flex Aut.;2021
161;8587;Tiggo 7 TXS 1.5 16V Turbo Flex Aut.;2022
13;8737;AIRCROSS 100 Anos 1.6 Flex 16V Aut.;2020
13;7420;AIRCROSS Feel 1.6 Flex 16V 5p Aut.;2018
13;7421;AIRCROSS Feel 1.6 Flex 16V 5p Mec.;2018
13;7422;AIRCROSS Live 1.5 Flex 8V 5p Mec.;2018
13;7423;AIRCROSS Live 1.6 Flex 16V 5p Aut.;2021
13;7962;AIRCROSS Live 1.6 Flex 16V 5p Mec.;2020
13;9585;AIRCROSS Live Bus. 1.6 Flex 5p Aut.;2020
13;7424;AIRCROSS Shine 1.6 Flex 16V 5p Aut.;2019
13;7963;AIRCROSS Start 1.6 Flex 16V 5p Mec.;2020
13;8391;Berlingo Furgão 1.6 16V Flex 5P;2019
13;8738;C3 100 Anos 1.6 16V Flex Aut.;2020
13;7964;C3 Attraction 1.6 Flex 16V 5p Aut.;2021
13;7585;C3 Attraction Pure Tech 1.2 Flex 12V Mec;2021
13;6152;C3 Excl. 1.6 VTi Flex Start 16V 5p Aut.;2020
13;9346;C3 Exclusive Bus. 1.6 Flex 5p Aut.;2019
13;7586;C3 Origine Pure Tech 1.2 Flex 12V Mec;2020
13;8003;C3 Start 1.2 Flex 12V 5p;2018
13;6776;C3 Tendance 1.6 VTi Flex Start 16V Aut.;2018
13;7587;C3 Tendance Pure Tech 1.2 Flex 12V Mec.;2020
13;8341;C3 Urban Trail 1.6 Flex 16V 5p Aut.;2021
13;8882;C3 Urban Trail P.Tech 1.2 Flex 12V Mec.;2019
13;8739;C4 CACTUS 100 Anos 1.6 TB 16V Flex Aut.;2020
13;9207;C4 CACTUS C-SERIES 1.6 16V Flex Aut.;2021
13;8467;C4 CACTUS FEEL 1.6 16V Flex Mec.;2020
13;9586;C4 CACTUS FEEL Bus. 1.6 Flex Aut.;2021
13;8470;C4 CACTUS LIVE 1.6 16V Flex Mec.;2020
13;9453;C4 CACTUS Rip Curl 1.6 16V Flex Aut.;2022
13;8471;C4 CACTUS SHINE 1.6 Turbo Flex Aut.;2021
13;8740;C4 LOUNGE 100 Anos 1.6 16V TB Flex Aut.;2020
13;7094;C4 LOUNGE Exclusive 1.6 Turbo Flex Aut.;2018
13;8234;C4 LOUNGE Feel 1.6 Turbo Flex Aut.;2019
13;8515;C4 LOUNGE Live 1.6 Turbo Flex Aut.;2019
13;9347;C4 LOUNGE Live Bus. 1.6 Flex Aut.;2020
13;7684;C4 LOUNGE Origine 1.6 Turbo Flex  Aut.;2018
13;7787;C4 LOUNGE S 1.6 Turbo Flex Aut.;2018
13;8235;C4 LOUNGE Shine 1.6 Turbo Flex Aut.;2021
13;7118;C4 LOUNGE Tendance 1.6 Turbo Flex Aut.;2018
13;7426;C4 Picasso Intensive 1.6 Turbo 16V Aut.;2019
13;7427;C4 Picasso Seduction 1.6 Turbo 16V Aut.;2018
13;7096;DS5 1.6 So Chic Turbo 16V 5p Aut.;2018
13;7588;Grand C4 Picasso Intensive 1.6 TB Aut.;2019
13;7589;Grand C4 Picasso Seduction 1.6 TB Aut.;2018
13;9556;Jumper 2.0 Cargo Furgão 16V TB Diesel;2022
13;8516;Jumper 2.0 FurgãoTurbo Diesel;2022
13;8883;Jumper 2.0 Minibus 16L Turbo Diesel;2022
13;8078;Jumpy 1.6  Furgão Pack Turbo Diesel;2022
13;8077;Jumpy 1.6  Furgão Turbo Diesel;2020
13;8342;Jumpy 1.6 Minibus Turbo Diesel;2022
13;9192;Jumpy VITRÉ 1.6 Turbo Diesel;2022
17;5695;JOURNEY RT  3.6 V6 Aut.;2018
147;7342;K01 Pick-up CS 1.0 8V 2p;2019
147;7343;K02 Pick-up CD 1.0 8V 4p;2019
20;7502;488 GTB 3.9 V8 670cv;2019
20;9107;488 Pista 3.9 V8 720cv;2020
20;8986;488 Pista Spider 3.9 V8 720cv;2020
20;7876;488 Spider 3.9 V8 670cv;2019
20;8343;812 SUPERFAST V12 800cv;2020
20;8176;GTC4 LUSSO 6.3 V12 690cv;2019
20;8394;GTC4 LUSSO T V8 610cv;2020
20;8517;PORTOFINO 3.9 V8 600cv;2020
21;7966;ARGO DRIVE 1.3 8V Flex;2021
21;7967;ARGO DRIVE GSR 1.3 8V Flex;2020
21;7968;ARGO HGT 1.8 16V Flex Aut.;2021
21;7969;ARGO HGT 1.8 16V Flex Mec.;2019
21;7971;ARGO PRECISION 1.8 16V Flex Aut.;2020
21;7970;ARGO PRECISION 1.8 16V Flex Mec.;2019
21;8947;ARGO TREKKING 1.8 16V Flex Aut.;2021
21;9590;CRONOS 1.8 16V Flex Aut. ;2021
26;1334;Scoupe;1995
26;5398;Sonata 2.4 16V 182cv 4p Aut.;2014
177;8989;iEV 20 68cv 5p Aut. (Elétrico);2022
2;4567;MARRUÁ AM 200 2.8  CD TDI Diesel;2022
2;4568;MARRUÁ AM 200 2.8 CS TDI Diesel;2022
2;9352;MARRUÁ AM 200 Escolar 2.8 TDI Diesel;2022
2;9353;MARRUÁ AM 200 Microbus 2.8 TDI Diesel;2022
189;10560;DBS Coupe 5.2 V12 725cv;2023
189;10561;DBX 4.0 V8 550cv;2023
189;10183;Vantage Cupê F1 Edition 4.0 V8 535cv;2023
189;10642;Vantage Roadster F1 Edition 4.0 V8 535cv;2023
6;9963;A3 Sedan S-Line 2.0 TFSI  S-Tron.(Híb.);2024
6;9655;A3 Sedan S-Line Limited 1.4 TFSI Tiptro.;2022
6;9965;A3 Sportb. S-Line 2.0 TFSI S-Tron.(Híb.);2024
6;9657;A3 Sportb. S-Line Limited 1.4 TFSI Tip.;2022
6;9223;A4 Perfor. Black 2.0 TFSI Quat. S tronic;2022
6;9894;A4 Prestige 2.0 TFSI S-tronic;2024
6;8771;A4 Prestige Plus 2.0 TFSI 190cv S tronic;2022
6;9824;A4 S Line 2.0  TFSI 204cv S Tonic;2024
6;10652;A5 Sportb. Carbon Ed. 2.0 TFSI S-tronic;2023
6;8567;A5 Sportb.Prestige Plus 2.0 TFSI S-tronc;2022
6;8772;A5 Sportback S-Line 2.0 TFSI S-tronic;2024
6;9451;A6 Prestige Plus 2.0 TFSI Quattro S-tro.;2022
6;10814;E-TRON GT Aut. (Elétrico);2024
6;9077;E-TRON Performa. Black Aut. (Elétrico);2023
6;9078;E-TRON Performace Aut. (Elétrico);2023
6;9605;E-TRON S Sportback Quat. Aut. (Elétrico);2023
6;9186;E-TRON Sportb. Perf.Black Aut.(Elétrico);2023
6;9187;E-TRON Sportback Perf. Aut. (Elétrico);2023
6;10888;Q3 2.0 TFSI Anniversary Edition Quattro;2024
6;9796;Q3 Perf. Black 2.0 TFSI Tiptr. Quattro;2024
6;9835;Q3 SPB Perf. Black 2.0 TFSI Tipt. Quat.;2024
6;10889;Q3 Sportb. 2.0 TFSI Anniv. Edit. Quattro;2024
6;10049;Q7 3.0 V6 TFSI  Quat.Tip.5p/ Perf.(Híb.);2023
6;10050;Q7 Perf. Black 3.0 TFSI Quat.Tip.(Híb.);2023
6;10869;Q8 E-TRON Launch Edition (Elétrico);2024
6;10870;Q8 E-TRON Performance Black (Elétrico);2024
6;10786;Q8 E-TRON Sportb. Perf. Black (Elétrico);2024
6;10827;Q8 E-TRON Sportb.Launch Edt. (Elétrico);2024
6;10997;Q8 Perfo. 3.0 TFSI Quattro S-tron/(Híb.);2023
6;9224;RS Q8 4.0 Bi-TB V8 FSI Quattro Tiptronic;2023
6;10681;RS5 SPB. C.Plus Track 2.9 Quat. S-tronic;2024
6;10682;RS5 SPB. Compet. Plus 2.9 Quat. S-tronic;2024
6;9247;RS5 Sportback 2.9 V6 TFSI Quattro Tip.;2023
6;10227;RS6 4.0 Avant TFSI BI-TB Quat.Tip.(Hib.);2024
6;11804;SQ5 3.0 V6 TFSI 354cv Quattro Tiptronic;2020
6;11197;SQ8 Sportback E-Tron Quattro (Elétrico);2024
7;9955;118i M Sport 1.5 TB 12V Aut. 5p;2024
7;8946;118i Sport 1.5 TB 12V Aut. 5p;2024
7;11119;218i Gran Coupe M Sport 1.5 Bi-Turbo;2024
7;9036;218i Gran Coupe Sport GP 1.5 Bi-Turbo;2024
7;9959;530e Luxury 2.0 Turbo (Híbrido);2023
7;8819;i3 Bev Full 170cv Aut. (Elétrico);2022
7;9861;i3 Bev Un. Forever 170cv Aut. (Életrico);2022
7;10668;i4 e-Drive 35 M Sport (Elétrico);2024
7;10784;M 135i 3.0 TB 24V 320cv;2016
7;9105;M340i XDRIVE 3.0 Turbo Aut.;2022
7;9524;M440i Coupe 3.0 TB Aut.;2022
7;6230;X1 SDRIVE 20i 2.0/2.0 TB Acti.Flex Aut.;2022
7;9682;X1 SDRIVE 20i M Sport 2.0 TB Flex Aut.;2022
7;10115;X1 SDRIVE 20i Outdoor 2.0.Flex Aut.;2022
7;8570;X1 SDRIVE 20i X-Line 2.0 TB Active Flex;2022
7;9881;X3 M40i 3.0 M Sport Edit. V6 Turbo Aut.;2022
7;9797;X3 M40i 3.0 Turbo V6  Aut.;2024
7;10076;X3 XDRIVE 30e M Sport Turbo Aut. (Híb.);2024
7;10078;X3 XDRIVE 30e X-Line Turbo Aut. (Híb.);2024
7;10871;X4 M40i 3.0 M Sport EditionTurbo Aut.;2022
7;10079;X5 XDRIVE 45e 3.0 M.Sport  Aut. (Híb.);2023
7;9565;X6 M Competition 4.4 V8 BI-TB 625CV Aut.;2024
7;9883;X6 XDRIVE 40i Bl.Vermillion 3.0 Bi-Turbo;2022
7;9037;X6 XDRIVE 40i M Sport 3.0 Bi-Turbo;2024
8;254;Buggy/M-8/M-8 Long 1.6;2023
238;9902;D1 EV (Elétrico);2023
238;9831;eT3  (Elétrico);2023
245;9628;ARRIZO 6  PRO 1.5 Turbo Flex Aut.;2023
245;9862;iCar EQ1 TECH (Elétrico);2023
245;9532;Tiggo 3X Plus 1.0 Turbo Flex Aut.;2023
245;9533;Tiggo 3X Pro 1.0 Turbo Flex Aut.;2023
245;10067;Tiggo 5X PRO 1.5 Turbo (Híbrido);2024
245;9681;Tiggo 7 Pro 1.6 Turbo 16V Aut.  ;2023
245;9924;Tiggo 8 FOUNDER S EDITION 1.6 TGDi Aut.;2024
161;9162;Tiggo 8 TXS 1.6 16V TGDi Aut.;2024
13;10092;C3 Feel 1.6 Flex 16V 5p Mec.;2024
13;10093;C3 Feel Pack 1.6 Flex 16V 5p Aut.;2024
13;10094;C3 First Edition 1.0 Flex 6V 5p Mec.;2023
13;10095;C3 First Edition 1.6 Flex 16V 5p Aut.;2023
13;10945;C3 Live Pack 1.6 Flex 16V 5p Aut.;2024
13;8466;C4 CACTUS FEEL 1.6 16V Flex Aut.;2024
13;8469;C4 CACTUS FEEL Pack 1.6 16V Flex Aut.;2024
13;9191;C4 CACTUS LIVE 1.6 16V Flex Aut.;2024
13;10807;C4 CACTUS NOIR 1.6 Turbo Flex Aut.;2024
13;9757;C4 CACTUS SHINE 1.6 16V Flex Aut.;2023
13;8472;C4 CACTUS SHINE Pack 1.6 Turbo Flex Aut.;2024
13;9609;C4 CACTUS X-Series 1.6 16V Flex Aut.;2023
13;9759;Ë-Jumpy Cargo 136cv (Elétrico);2023
13;10777;Grand C4 Picasso 2.0 16V 143cv Aut;2014
246;10921;EC31 Chassi  (Elétrico);2023
246;10922;EC35 Furgão (Elétrico);2023
20;9447;812 GTS 6.5 V12 800cv;2023
20;11837;California F1 V8 / California 30;2014
20;9249;F8 Spider 3.9 V8 Bi-Turbo 720cv;2022
20;9193;F8 TRIBUTO 3.9 V8 720cv;2022
20;9665;PORTOFINO M 3.9 V8 620cv;2023
20;9528;Roma 3.9 V8 620cv;2024
20;9773;SF 90 SPIDER 4.0 V8 Bi-Turbo (Híbrido);2023
20;9488;SF 90 STRADALE 4.0 V8 Bi-Turbo (Híbrido);2023
21;9543;ARGO DRIVE S-DESIGN 1.3 8V Flex;2023
21;9988;CRONOS 1.0 6V Flex;2023
21;8199;CRONOS 1.3 8V Flex;2022
21;8204;Ducato Cargo Curto 2.3 16V Diesel;2021
21;8205;Ducato Cargo Médio 2.3 16V Diesel;2021
21;8206;Ducato Chassi 2.3 16V Diesel;2021
21;8395;Ducato Executivo 2.3 16V Diesel;2021
21;8207;Ducato MaxiCargo 2.3 16V Diesel;2021
21;8208;Ducato MaxiMulti 2.3 16V Diesel;2021
21;8397;Ducato Minibus Comfort 2.3 16v Diesel;2021
21;8209;Ducato Multi 2.3 16V Diesel;2021
21;10369;E-Scudo (Elétrico);2023
21;9646;PULSE DRIVE 1.0 Turbo 200 Flex Aut.;2023
21;9109;Strada Endurance 1.4 Flex 8V CS Plus;2023
21;9723;Strada Ranch 1.3 Flex 8V CD Aut.;2023
21;10069;Toro Freedom 2.0 16V 4x4 TB Diesel Aut.;2023
149;4890;Buggy Off Road 1.8 8V;2023
149;4661;Buggy Vip 1.8 8V;2023
22;9452;Bronco Sport Wildtrak 2.0 Tb 16V AWD Aut;2024
22;10399;F-150 Platinum 4x4 5.0 V8;2023
22;9744;Maverick Lariat FX4 2.0 EcoBoost Aut.;2024
22;9354;Mustang MACH 1 5.0 V8;2023
22;9359;Ranger Black 2.2 4x2 CD Diesel Aut.;2023
22;9772;Ranger FX4 3.2 20V 4x4 CD Diesel Aut.;2023
22;10741;Ranger Limited 3.2 4x4 CD Diesel Aut.;2023
22;9080;Ranger Storm 3.2 20V 4x4 CD Diesel Aut.;2023
22;7688;Ranger XL 2.2 4x4 CD Diesel Mec.;2023
22;7882;Ranger XL 2.2 4x4 CS Diesel Mec.;2023
22;10829;Ranger XLS 2.0 4x2 CD Diesel Aut. ;2024
22;8316;Ranger XLS 2.2 4x2 CD Diesel Aut.;2023
22;7590;Ranger XLS 2.2 4x4 CD Diesel Aut.;2023
22;6171;Ranger XLT 3.2 20V 4x4 CD Diesel Aut.;2023
190;8474;MINITRUCK 3.5 11DT 4x2 diesel (E5);2022
190;7924;MINITRUCK 3.5 14DT 4x2 Diesel(E5);2022
190;7923;MINITRUCK 3.5-14ST 4x2 Diesel(E5);2022
170;7591;Buggy 2000W 1.6 8V;2022
23;10726;BOLT EUV Premier 203cv (Elétrico);2023
23;9042;BOLT EV Premier 203cv (Elétrico);2022
23;5415;Camaro SS 6.2 V8 16V;2024
23;10946;Camaro SS Collection 6.2 V8 16V;2024
23;6887;Camaro SS Conversível 6.2 V8 16V;2024
23;7618;CRUZE LT 1.4 16V Turbo Flex 4p Aut.;2023
23;7619;CRUZE LTZ 1.4 16V Turbo Flex 4p Aut.;2023
23;9735;CRUZE Midnight 1.4 16V TB Flex Aut.;2023
23;8885;CRUZE Premier 1.4 16V TB Flex Aut.;2023
23;7827;CRUZE Sport LT 1.4 16V TB Flex 5p Aut.;2022
23;7828;CRUZE Sport LTZ 1.4 16V TB Flex 5p Aut.;2022
23;8886;CRUZE Sport Premier 1.4 16V TB Flex Aut.;2022
23;9736;CRUZE Sport RS 1.4 16V TB Flex 5p Aut.;2023
23;9135;EQUINOX Premier 1.5 Turbo 172cv Aut.;2024
23;8893;ONIX HATCH LTZ 1.0 12V TB Flex 5p Mec.;2023
23;9212;ONIX SD. P. PR. MIDNIGHT 1.0 TB Flex Aut;2022
23;8828;ONIX SEDAN Plus LTZ 1.0 12V TB Flex Mec.;2023
23;11777;Opala Diplomata/Diplom. SLE/SE 4.1/2.5;1992
23;7791;S10 Pick-Up Advantage 2.5 Flex 4x2 CD;2022
23;6101;S10 Pick-Up LS 2.8 TDI 4x4 CD Dies. Mec.;2024
23;5887;S10 Pick-Up LS 2.8 TDI 4x4 CS Diesel;2024
23;5893;S10 Pick-Up LT 2.8 TDI 4x4 CD Diesel Aut;2024
23;7956;S10 Pick-Up LTZ 2.5 Flex 4x4 CD Aut.;2022
23;7098;SPIN ACTIV 1.8 8V Econo. Flex 5p Aut.;2023
23;8450;SPIN ACTIV7 1.8 8V Econo.Flex 5p Aut.;2024
23;9489;SPIN LS 1.8 8V Econo.Flex 5p Aut.;2024
23;6490;SPIN LS 1.8 8V Econo.Flex 5p Mec.;2024
23;8692;SPIN PREMIER 1.8 8V Econo.Flex 5p Mec.;2022
23;9044;TRACKER 1.0 Turbo 12V Flex Mec.;2022
23;10636;TRACKER Midnight 1.0 Turbo 12V Flex Aut.;2024
23;9230;TRACKER Premier 1.0 Turbo 12V Flex Aut.;2023
23;8747;TRAILBLAZER PREMIER 2.8 TB Diesel Aut.;2024
240;11719;Haval H6 1.5 (Hibrido);2024
240;11720;Haval H6 1.5 AWD (Hibrido);2024
214;9435;e.co Cargo 7,5kW (Elétrico);2022
214;9436;e.co Tech2 6kW (Elétrico);2023
214;9437;e.co Tech4 6kW (Elétrico);2022
214;9439;e.co Truck 7,5kW (Elétrico);2022
25;10815;Fit EX/S 1.5 Flex/Flexone 16V 5p Aut.;2021
26;5726;AZERA 3.0 V6 24V 4p Aut.;2020
26;10559;Creta N Line Night Ed. 2.0 16V Flex Aut.;2024
26;9907;HB20 Comfort 1.0 TB Flex 12V Aut;2024
26;9908;HB20 Comfort 1.0 TB Flex 12V Mec;2024
26;10167;HB20 Copa Mundo Qatar 1.0 Flex Mec;2023
26;10168;HB20 Copa Mundo Qatar 1.0 TB Flex Aut.;2023
26;10212;HB20 Edição Especial 1.0 Flex Mec.;2023
26;10213;HB20 Edição Especial 1.0 TB Flex Aut.;2023
26;9619;HB20 Platinum Plus 1.0 TB Flex 12V Aut.;2024
26;8854;HB20 Sense 1.0 Flex 12V Mec.;2024
26;10819;HB20 Sense 1.0 Turbo Flex 12V Aut.;2024
26;10013;HB20S Comfort 1.0 TB Flex 12V Aut.;2024
26;10169;HB20S Copa Mundo Qatar 1.0 Flex Mec.;2023
26;10170;HB20S Copa Mundo Qatar 1.0 TB Flex Aut.;2023
26;10214;HB20S Edição Especial 1.0 Flex Mec.;2023
26;10215;HB20S Edição Especial 1.0 TB Flex Aut.;2023
26;9476;HB20S Evol. Bluelink 1.0 Flex 12 Mec.;2022
26;9622;HB20S Platinum 1.0 TB Flex 12V Mec.;2022
26;9623;HB20S Platinum Plus 1.0 TB Flex 12V Aut.;2024
26;8858;HB20S Vision 1.0 Flex 12V Mec.;2022
26;9795;HB20S Vision 1.0 TB Flex 12V Aut.;2022
26;1328;HR 2.5 TCI Diesel (RS/RD);2022
26;10670;IONIQ 1.6 16V Aut. (Híbrido);2023
26;7859;ix35 GL 2.0 16V 2WD Flex Aut.;2022
26;10756;KONA 1.6 16V Aut. (Hibrido);2024
26;10757;KONA EV (Elétrico);2024
26;7836;Tucson GLS 1.6 Turbo 16V Aut.;2024
208;9737;Daily 45-170 Vetrato 3.0 (Diesel);2023
208;9692;DAILY CH. 65-170 CD Longo 3.0 (Diesel);2023
208;9695;DAILY CHASSI 35-160 Curto 3.0 (Diesel);2023
208;9696;DAILY CHASSI 35-160 Longo 3.0 (Diesel);2023
208;9697;DAILY CHASSI 45-170 3.0 (Diesel);2023
208;9698;DAILY CHASSI 45-170 CD 3.0 (Diesel);2023
208;9699;DAILY CHASSI 55-170 3.0 (Diesel);2023
208;9700;DAILY CHASSI 55-170 CD 3.0 (Diesel);2023
208;9701;DAILY CHASSI 60-170 3.0 (Diesel);2023
208;9703;DAILY CHASSI 65-170 Longo 3.0 (Diesel);2023
208;9704;DAILY CHASSI 70-170 3.0 (Diesel);2023
208;9903;DAILY CITY  CHASSI 30-160 3.0 (Diesel);2023
208;10208;DAILY CITY  CHASSI 30-160 3.0 (Die.)(E6);2024
208;9856;DAILY FURGÃO 45-170  3.0 12m³ (Diesel);2023
208;9713;DAILY FURGÃO 55-170 3.0 12m³ (Diesel);2023
208;9714;DAILY FURGÃO 55-170 3.0 16m³ (Diesel);2023
208;9715;DAILY Minibus 45-170 Fretam. (Diesel);2023
208;9716;DAILY Minibus 45-170 Turismo (Diesel);2023
208;9717;DAILY Minibus 50-170 Fretam. (Diesel);2023
208;9718;DAILY Minibus 50-170 Turismo (Diesel);2023
177;9664;iEV 350T 150cv Aut. (Elétrico);2023
177;11192;iEV 750V 163cv 4p Aut. (Elétrico);2022
177;9283;T40 PLUS 1.5 JET Flex 16V 5p Mec.;2022
177;9284;T40 PLUS 1.6 16V 5p Aut.;2022
177;9285;T50 PLUS 1.6 16V 5p Aut.;2022
177;9286;T60 PLUS 1.5 TURBO 16V 5p Aut.;2022
177;8082;V260 2.0 16V Diesel;2022
28;10969;E-Pace R-Dyn. HSE 2.0 AWD 250cv Aut Flex;2024
28;8495;E-Pace R-Dyn. SE 2.0 AWD 250cv Aut/Flex.;2023
28;8286;E-Pace R-Dynamic S 2.0 AWD 249cv/ Flex;2022
28;10400;F-Pace 2.0 R-Dynamic S 404cv (Híbrido);2023
28;9523;F-Pace 3.0 AWD R-Dynamic S 340cv Aut.;2021
28;10880;F-Pace 3.0 R-Dyn.SE AWD 340cv (Híbrido);2023
28;9554;F-Pace 3.0 R-Dynamic SE AWD 340cv Aut.;2023
28;9720;F-Pace 3.0 S AWD 340 cv Aut.;2021
28;8901;F-PACE SVR Supercharged 5.0 V8;2024
28;8454;F-Type 2.0 R-Dynamic Cabriolet 300cv Aut;2024
28;8455;F-Type 2.0 R-Dynamic Coupe 300cv Aut.;2024
28;10776;F-Type 75 Cabrio 2.0 300cv Aut.;2024
28;10018;I-Pace BLACK EV 400 AWD Aut. (Elétrico);2023
28;10174;I-Pace HSE EV400 AWD Aut. (Elétrico);2023
28;8695;I-Pace SE EV400 AWD Aut. (Elétrico);2023
28;8902;XE 2.0 R-Dynamic S 250cv Aut.;2021
29;9612;Commander Limited TD380 2.0 4x4 Die.Aut.;2024
29;9458;COMPASS LONG. TD 350 2.0 4x4 Diesel Aut.;2024
29;9980;COMPASS S 1.3 TB 4XE Aut. (Híbrido);2023
29;9461;COMPASS T270 80 Anos 1.3 TB 4x2 Flex Aut;2022
29;9462;COMPASS TD 350 80 Anos 2.0 4x4 Die. Aut.;2022
29;9463;COMPASS TRAILHAWK TD350 2.0 4x4 Die. Aut;2024
29;9661;Grand Cherokee 80 Anos 3.0 TB Dies.Aut. ;2021
29;4830;Grand Cherokee Limited 3.0 TB Dies. Aut;2021
29;11732;Renegade 1.8 4x2 Flex 16V Aut.;2021
29;9746;Renegade S T270 1.3 TB 4x4 Flex Aut.;2024
29;8665;Wrangler SAHARA 2.0 4x4 271cv 2p Aut.;2023
29;8666;Wrangler SAHARA Overland 2.0 4x4 4p Aut.;2021
29;9926;Wrangler Unlimited SAHARA 2.0 TB 4p Aut;2023
31;4476;Bongo K-2500 2.5 4x2 TB Diesel;2023
31;8861;Cerato EX 2.0 16V Flex Aut.;2022
31;8862;Cerato SX 2.0 16V Flex Aut.;2022
31;10928;Niro SX Rio Limited Edt 1.6 GDI  (Híb.) ;2024
31;10063;Sportage EX 1.6 T-GDI (Híbrido);2024
31;5418;Sportage EX 2.0 16V/ 2.0 16V Flex Aut.;2022
171;8863;AVENTADOR LP 770-4 SVJ;2022
171;8958;HURACAN EVO Coupe LP 640-4;2023
171;8959;HURACAN EVO Spyder LP 640-4;2024
171;11226;HURACAN LP 640-2 STO;2023
171;10953;HURACAN Tecnica Coupe LP 640-2;2024
171;11517;URUS 650-4;2023
171;11518;URUS Performante 650-4;2024
171;11519;URUS S 650-4;2024
33;11944; Range R. VEL. R-Dyn. S 2.0 Aut. (Híbrido);2023
33;10912;Defe. 110 X-DY HSE P400e Aut. (Hib.);2024
33;10653;Defe. 110 X-DY SE D300 Die Aut. (Hib.);2023
33;10913;Defe. 130 Outbound D300 Die. Aut. (Hib.);2024
33;10914;Defe. 130 X-DY S 3.0 I6 Die.Aut.(Hib.);2023
33;9136;Defender 110 2.0 Turbo HSE Si4 Aut.;2022
33;9138;Defender 110 2.0 Turbo SE Si4 Aut.;2022
33;10655;Defender 110 75th 3.0 Diesel Aut. (Hib.);2023
33;10656;Defender 110 HSE D300 Die. Aut.(Híb.);2024
33;10657;Defender 110 X D300  Die. Aut. (Híb.);2024
33;10915;Defender 110 X P400e Aut. (Hibrido);2024
33;10658;Defender 110 X-DY S D300 Die Aut. (Hib.);2023
33;9630;Defender 90 2.0 Turbo SE Si4 Aut.;2022
33;10099;Defender 90 D300 HSE Diesel Aut.( Hibr.);2024
33;10564;Defender 90 D300 S Diesel Aut. (Hibrido);2023
33;9997;Disc. Sp. S 2.0 4x4 Dies. Aut. (Híb.);2023
33;9348;Discovery HSE 3.0 I6 Diesel Aut.;2022
33;10395;Discovery R- Dyn HSE 3.0 4x4 Die. (Hib.);2024
33;10396;Discovery R-Dynamic S 3.0 4x4 Die (Hib.);2023
33;9349;Discovery SE 3.0 I6 Diesel Aut.;2022
33;9999;Discovery Sp. SE 2.0 4x4 Dies Aut.(Híb.);2023
33;10000;Discovery Sp. SE R-Dyn 2.0 TB Die.(Híb.);2024
33;9022;Discovery Sport S 2.0 4x4 Flex Aut.;2023
33;7194;Discovery Sport SE 2.0 4x4 Aut./Flex;2023
33;9023;Discovery Sport SE R-Dyn 2.0 Si4 Flex;2023
33;11731;Range R. First Ed.3.0 350cv Die.(Hib.);2023
33;10221;Range R. First.Ed. 4.4 V8 TB 530cv Aut.;2023
33;10673;Range R. Sp. Dyn. HSE 3.0I6 Die. (Hib.);2024
33;10675;Range R. Sp. First Ed. 3.0 510cv (Híb.);2023
33;9559;Range R. Sp.SVR AWD 5.0 Carbon Ed. Aut.;2022
33;9341;Range R. SV Autob. Sc. Dyn. SWB 5.0 V8;2021
33;9053;Range R. SV Autob. Super. LWB 5.0 V8;2021
33;10112;Range R. VEL. R-Dyn HSE 3.0 Aut.(Híb.);2024
33;10407;Range R. VEL. R-Dyn. HSE 2.0 Aut. (Híb.);2023
33;10409;Range R. VEL. R-Dyn. SE 3.0 Aut. (Híb.);2022
33;7375;Range R.EVOQUE Si4 SE 2.0 Aut.5p/Flex;2023
33;10177;Range R.Sp. First.Ed.4.4 V8 TB 530cv Aut;2023
33;10053;Range R.Sp. SE 3.0 4x4 I6 TB Die. (Híb.);2022
33;10054;Range R.Sp.HSE Dyn.Bl. 3.0 I6 Die.(Híb.);2022
33;10676;Range R.Sport First.Ed.3.0 I6 Die.(Hib.);2023
33;10055;Range R.Sport HSE 3.0 I6 TB Die. (Híb.);2022
33;10222;Range Rover Autobio 4.4 V8 TB 530cv Aut.;2023
33;10677;Range Rover Autobio.3.0 I6 510cv (Híb.);2023
33;10678;Range Rover HSE 3.0 I6 510cv (Híbrido);2023
33;10679;Range Rover SE 3.0 I6 510cv (Híbrido);2023
33;10223;Range Rover SE 4.4 V8 TB 530cv Aut.;2023
33;10224;Range Rover SE. 3.0 I6 TB Die. (Híb.);2023
33;8993;Range Rover Sport HSE 2.0 Si4 (Híbrido);2022
33;10760;Range Rover Sport SE Dy.3.0 I6 Die.(Hib);2023
33;7157;Range Rover Sport SVR SUPERCHA. 5.0 V8;2022
33;10225;Range Rover SV 4.4 V8 TB 530cv Aut.;2023
33;10226;Range Rover SV. 3.0 I6 TB Die. (Híb.);2024
33;9305;Range.R. SP.HSE Dyn.BL. 2.0 Si4(Hibrido);2022
34;11408;NX-200t F-Sport AWD 2.0 16v 238cv Aut.;2017
34;11409;NX-200t Luxury AWD 2.0 16V 238cv Aut.;2017
34;11410;NX-300 Dynamic 4x4 2.0 16V 238cv Aut.;2018
34;11411;NX-300 F-Sport 4x4 2.0 16V 238cv Aut.;2018
34;11412;NX-300 Luxury 4x4 2.0 16V 238cv Aut.;2018
34;11413;NX-300h Dynamic 4x4 2.5 16V Aut. (Híb.);2021
34;11414;NX-300h F-Sport 4x4 2.5 16V Aut. (Híb.);2021
34;11415;NX-300h Luxury 4x4 2.5 16V Aut. (Híb.);2021
34;11421;RX 300 4x4 3.0 V6 24V;2002
34;11422;RX-350 4x4 3.5 24V  Aut.;2019
34;11423;RX-350 F-Sport 4x4 3.5 24V Aut.;2019
34;11424;RX-450h F-Sport AWD 3.5 24V V6 Aut(Híb.);2022
34;11425;RX-450h Luxury AWD 3.5 24V V6 Aut (Híb.);2022
34;10072;UX-250h Dynamic 2.0 16V Aut. (Híbrido);2024
34;10074;UX-250h Luxury 2.0 16V Aut. (Híbrido);2024
168;8414;X80 VIP 2.0 Turbo 184cv 5p Aut.;2019
36;7799;Levante 3.0 V6 350cv Aut.;2021
36;10023;Levante GT 2.0 330cv Aut. (Híb.);2023
36;8546;Levante Trofeo 3.8 V8 590cv Aut.;2021
211;9431;720S Coupe 4.0 Bi-Turbo V8 2p;2022
211;9432;720S Spider 4.0 Bi-Turbo V8 2p;2022
211;9440;GT Coupé 4.0 Bi-Turbo V8 2p;2023
39;8752;A 200 1.3 TB Advance Aut.;2022
39;10775;A 200 AMG Line 1.3 TB Aut.;2024
39;9318;A 250 2.0 TB Hatch;2023
39;9117;A-35 AMG 4MATIC 2.0 TB Aut.;2023
39;11836;A-35 AMG Laun. Edition 4MATIC 2.0 TB Aut ;2020
39;9118;A-35 AMG Sedan 4MATIC 2.0 TB Aut.;2023
39;8866;CLA-250 2.0 16V TB Aut.;2023
39;9139;CLA-35 AMG 4MATIC 2.0 TB Aut.;2024
39;9551;E-300 AMG Line 2.0 TB 258cv Aut.;2022
39;8782;E-300 Exclusive 2.0 TB 258cv Aut.;2023
39;10164;EQB 250 (Elétrico);2023
39;9830;EQC 400 4MATIC AMG Line (Elétrico);2023
39;11222;EQE 300 AMG Line (Elétrico) ;2024
39;10165;EQE 300 Edition One (Elétrico) ;2024
39;10879;EQE 300 SUV AMG Line (Elétrico) ;2024
39;11187;EQS 450+ SUV AMG Line ( Elétrico);2023
39;9329;GLA 200 AMG Line 1.3 16V TB Aut.;2024
39;9762;GLA 35 AMG 4MATIC 2.0 Turbo Aut.;2023
39;9351;GLB 200 Progressive 1.3 TB 16V Aut.;2024
39;10971;GLB 200 Progressive 1.3 TB 16V Aut.(Híb);2024
39;9793;GLB 35 AMG 4MATIC 2.0 Turbo Aut.;2023
39;9615;GLC 220D 2.0 TB 4M Enduro Diesel;2022
39;9616;GLC 220D 2.0 TB 4M Off-Road Diesel;2022
39;9721;GLC-300 AMG Line Coupe 4M 2.0 TB Aut.;2024
39;11841;GLC-300 Coupe 4MATIC 2.0 TB 16V Aut.;2023
39;7802;GLC-43 AMG 4MATIC 3.0 V6 Bi-Turbo Aut.;2024
39;9660;GLC-43 AMG Coupe 3.0 V6 Bi-TB Aut.;2023
39;9251;GLE-400 3.0 TB 4MATIC Coupe Diesel Aut.;2023
39;9056;GLE-400 3.0 TB 4MATIC Diesel Aut.;2023
39;11842;GLK-220 CDI 2.2 TB 4X4 170cv Aut. Diesel;2015
39;11843;GLK-220 Sport CDI 2.2 TB 4X4 Aut. Diesel;2015
39;11844;GLK-280 3.0 V6 24V 4x4 231cv Aut.;2009
39;11845;GLK-300 3.0 V6 24V 4x4 231cv Aut.;2013
39;11846;GLK-300 3.5 CGI V6 4x4 252cv Aut.;2013
39;8964;Sprinter 314 Chassi E.L T.B. 2.2 Dies.;2022
39;8965;Sprinter 314 Chassi Longo T.B. 2.2 Dies.;2022
39;8910;Sprinter 314 Furgão Curto T.B. 2.2 Dies.;2023
39;8911;Sprinter 314 Furgão E.L. T.A.  2.2 Dies.;2023
39;8912;Sprinter 314 Furgão Longo T.A. 2.2 Dies.;2023
39;8913;Sprinter 314 Furgão Longo T.B. 2.2 Dies.;2023
39;9873;Sprinter 314 Truck E.Longo T.B. 2.2 Dies;2023
39;9874;Sprinter 314 Truck Longo T.B. 2.2 Dies.;2023
39;8914;Sprinter 416 Chassi Longo T.B. 2.2 Dies.;2022
39;9058;Sprinter 416 F. Vidrado E.L T.A. 2.2 Die;2022
39;9083;Sprinter 416 F. Vidrado L. T.A. 2.2 Die.;2022
39;8915;Sprinter 416 Furgão Curto T.B. 2.2 Dies.;2022
39;8916;Sprinter 416 Furgão E.L. T. A. 2.2 Dies.;2022
39;8917;Sprinter 416 Furgão Longo T.A. 2.2 Dies.;2022
39;8918;Sprinter 416 Furgão Longo T.B. 2.2 Dies.;2022
39;8919;Sprinter 416 VAN L. T.A. 10L 2.2 Diesel;2022
39;8920;Sprinter 416 VAN L. T.A. 16L 2.2 Diesel;2022
39;8921;Sprinter 416 VAN L. T.B. 10L 2.2 Diesel;2022
39;8922;Sprinter 416 VAN L. T.B. 16L 2.2 Diesel;2022
39;8923;Sprinter 516 Chassi E.L. T.B. 2.2 Dies.;2022
39;8924;Sprinter 516 Chassi Longo T.B. 2.2 Dies.;2022
39;9084;Sprinter 516 F.Vidrado E.L. T.A. 2.2 Die;2022
39;8925;Sprinter 516 Furgão E.L.T. Alto 2.2 Dies;2022
39;9197;Sprinter 516 VAN E.L. T.A  20L 2.2 Dies.;2022
39;8966;Sprinter 516 VAN E.L. T.A. 18L 2.2 Dies.;2022
39;8967;Sprinter 516 VAN E.L. T.A. 21L 2.2 Dies.;2022
156;9981;COOPER COU. SE SHAD. ED. ALL4 1.5 (Híb.);2022
156;9982;COOPER Countryman S E ALL4 1.5  (Híb.);2024
156;11070;COOPER COUPE John Works 1.6;2014
156;10750;COOPER John Works 25K Edit. 2.0 Turbo 3p;2024
156;10098;COOPER John.W.Pat.Moss 2.0 Turbo 3p Aut.;2023
156;11017;COOPER S Mayfield Edition 2.0 TB. 3p Aut;2024
156;9548;COOPER SE Exclusive 3p (Elétrico);2024
156;10628;COOPER SE Multitone Edit. 3p (Elétrico);2023
156;9983;COOPER SE Resolute Edition 3p (Elétrico);2023
156;10161;COOPER SE Sport 3p (Elétrico);2023
156;9549;COOPER SE Top 3p (Elétrico);2024
156;9550;COOPER SE Top Collection 3p (Elétrico);2022
41;11757;Eclipse Cross GLS 1.5 16V TB 165cv Aut.;2024
41;11765;Eclipse Cross HPE-S Outd. 1.5 16V AWC TB 165cv Aut;2020
41;10397;Eclipse GSX 2.0 16V Turbo;1995
41;10783;L200 Tri. Sav. SERTOES 2.4 CD 4x4 Dies.;2024
41;10733;L200 Triton OUTDOOR 2.4 16V CD Flex Mec.;2018
41;8590;OUTLANDER HPE 2.0 16V 5p Aut.;2022
41;9147;OUTLANDER Sport HPE 2.0 16V Flex Aut.;2022
41;9148;OUTLANDER Sport HPE 4x4 2.0 16V Flex Aut;2022
43;10139;KICKS Active 1.6 16V Flex Aut.;2024
43;9335;KICKS Advance 1.6 16V Flex Aut.;2024
43;9336;KICKS Exclusive 1.6 16V Flex Aut.;2024
43;9337;KICKS Sense 1.6 16V Flex Aut.;2024
43;9338;KICKS Sense 1.6 16V Flex Mec.;2022
43;9633;KICKS XPlay 1.6 16V Flex Aut.;2024
43;9234;VERSA Sense 1.6 16V Flex Mec.;2022
44;7201;2008 Allure 1.6 Flex 16V 5p Aut.;2024
44;8700;2008 Allure Pack 1.6 Flex 16V Aut.;2024
44;8928;2008 Griffe 1.6 Turbo Flex 16V 5p Aut.;2024
44;10362;2008 Roadtrip 1.6 Flex 16V 5p Aut.;2024
44;8417;2008 Style 1.6 Flex 16V 5p Aut.;2023
44;9889;2008 Style 1.6 Turbo Flex 16V 5p Aut.;2024
44;9200;208 Active 1.6 Flex 16V 5p Aut.;2024
44;7267;208 Allure 1.6 Flex 16V 5p Aut.;2023
44;11094;208 Griffe 1.0 Turbo Flex 5p Aut.;2024
44;6398;208 Griffe 1.6 Flex 16V 5p Aut.;2024
44;9852;208 Like 1.0 Flex 6V 5p Mec.;2024
44;10363;208 Roadtrip 1.6 Flex 16V 5p Aut.;2024
44;10800;208 Style 1.0 Turbo Flex 5p Aut.;2024
44;5428;3008 Griffe 1.6 Turbo 16V 5p Aut.;2023
44;9542;3008 GT Pack 1.6 Turbo 16V 5p Aut.;2023
44;8527;Boxer Business Furgão 2.0 Turbo Diesel;2022
44;9544;Boxer Cargo Furgão 2.0 Turbo Diesel ;2022
44;8929;Boxer Minibus 2.0 16L Turbo Diesel;2022
44;11126;e-2008 GT 5p Aut. ( Elétrico);2023
44;9631;e-208 GT 5p Aut. (Elétrico);2023
44;9758;E-Expert Cargo 136cv (Elétrico);2023
44;10106;Partner Rapid Busin.1.4 Flex Mec.;2023
47;10191;718 Boxster Style Edition 2.0 300cv;2024
47;9445;718 Boxster T 2.0 300cv;2023
47;9297;718 Cayman GT4 4.0 420cv;2023
47;10160;718 Cayman GT4 RS 4.0 500cv;2024
47;10192;718 Cayman Style Edition 2.0 300cv;2024
47;9446;718 Cayman T 2.0 300cv;2023
47;10193;718 Spyder 4.0 420cv;2023
47;10801;718 Spyder RS 4.0 500cv;2024
47;10802;911 Carrera 4 GTS Cabri. 3.0 24V (992);2024
47;10803;911 Carrera 4 GTS Coupe 3.0 24V (992);2024
47;10905;911 Dakar Coupe-4 3.0;2024
47;7633;911 GT3 RS;2024
47;10944;911 Sport Classic 3.8 550cv;2023
47;9854;911 Targa 4 GTS 3.0 ;2024
47;9449;911 Turbo Cabriolet 3.6/3.8 (991/992);2024
47;9317;911 Turbo Coupe 3.6/3.8 (991/992);2024
47;9450;911 Turbo S Cabriolet 3.6/3.8(991/992);2024
47;1975;911 Turbo S Coupe 3.6/3.8 24V (991/992);2024
47;9972;Cayenne Coupe Platinum Ed. 3.0 (Híbrido);2023
47;9323;Cayenne Coupe Turbo 4.0 V8 550cv;2023
47;9973;Cayenne Coupe Turbo S  4.0 (Híbrido);2023
47;9974;Cayenne Platinum Ed. 3.0 (Híbrido);2023
47;8462;Cayenne Turbo 4.0 V8 550cv;2023
47;9976;Cayenne Turbo S  4.0 V8 680cv (Híbrido);2023
47;10038;Panamera 4 Plat.Edt 2.9 462cv (Híbrido) ;2023
47;10039;Panamera 4 Sport Tur. 2.9 462cv (Híb.);2023
185;10650;1500 LIMITED 5.7 CD 4x4 Aut.;2024
185;10651;1500 LIMITED NIGHT EDITION 5.7 4x4 Aut.;2024
185;9287;1500 REBEL 5.7 HEMI CD V8 4x4 Aut.;2024
185;9784;3500 LARAMIE 6.7 TB CD 4x4 Diesel;2024
185;10391;3500 YELLOWSTONE EDITION 6.7 TB CD Die.;2022
185;10135;CLASSIC LARAMIE 5.7 CD V8 4X4 Aut.;2023
185;10136;CLASSIC LARAMIE NIGHT ED. 5.7 4X4 Aut.;2023
185;11100;CLASSIC R/T 5.7 CD V8 4X4 Aut.;2023
185;10737;RAMPAGE LARAMIE 2.0 TB CD 4X4 Die. Aut.;2024
185;10739;RAMPAGE REBEL 2.0 TB CD 4X4 Diesel Aut.;2024
48;9545;CAPTUR Iconic 1.3 TB 16V Flex 5p Aut.;2024
48;9546;CAPTUR Intense 1.3 TB 16V Flex 5p Aut.;2024
48;9547;CAPTUR Zen 1.3 TB 16V Flex 5p Aut.;2024
48;9738;DUSTER Iconic 1.3 TB 16V Flex Aut.;2024
48;9061;DUSTER Iconic 1.6 16V Flex Aut.;2024
48;9062;DUSTER Intense 1.6 16V Flex Aut.;2024
48;10100;DUSTER Intense 1.6 16V Flex Mec.;2024
48;9063;DUSTER Zen 1.6 16V Flex Aut.;2023
48;9064;DUSTER Zen 1.6 16V Flex Mec.;2024
48;9865;Kangoo Z.E. Maxi Furgão (Elétrico);2023
48;10022;KWID Intense (Elétrico) ;2024
48;9255;SANDERO GT line/RLIN Flex 1.0 12v 5p;2023
48;9667;SANDERO S Edition Flex 1.0 12V 5p Mec.;2023
48;8755;STEPWAY Iconic Flex 1.6 16V Aut.;2024
48;8757;STEPWAY Zen Flex 1.6 16V Mec.;2024
48;9497;ZOE Intense (Elétrico);2023
195;9659;Ghost 6.7 V12 Aut.;2022
247;10929;SERES 3 BEV  (Elétrico);2023
247;10930;SERES 5 BEV (Elétrico);2023
54;9798;XV 2.0 S e-Boxer 16V 4x4 Aut.;2022
54;6331;XV 2.0/2.0 S/2.0 ES 16V 4x4 Aut.;2021
55;9025;Jimny 4SPORT FOREST 1.3 16V;2022
55;6074;Jimny 4SPORT/ 4WORK 1.3 16V;2022
55;2186;Jimny Wide/ Jimny/4ALL 1.3 16V;2022
56;10171;Hilux CD Conquest 4x4 2.8  Die.Aut;2024
56;8554;Hilux CD GR-S 4x4 2.8 TDI Dies. Aut.;2024
56;10172;Hilux CD SRX Limited 4x4 2.8 TDI Die.Aut;2023
56;9663;Hilux SW4 GRS 2.8 TB 4x4 Diesel Aut.;2024
56;7491;Hilux SW4 SRX 4x4 2.8 TDI 16V Dies. Aut.;2024
58;9968;C40 Pure  (Elétrico);2022
58;10876;C40 Recharge Plus (Elétrico);2024
58;10196;C40 Twin Ultimate (Elétrico);2024
58;11069;V60 T-5 R-DESIGN 2.0 5p;2015
58;10080;XC 40 Pure (Elétrico);2022
58;10377;XC 40 Recharge Plus (Elétrico);2024
58;9932;XC 40 Twin Ultimate (Elétrico);2024
58;9933;XC 60 T-8 INSC. EXPRESS. 2.0 (Híbrido);2022
58;9934;XC 60 T-8 INSCRIPTION 2.0 (Híbrido);2022
58;9938;XC 60 T-8 POLESTAR 2.0 (Híbrido);2022
58;9939;XC 60 T-8 R-DESIGN 2.0 (Híbrido);2022
58;9940;XC 60 T-8 Ultim.Dark 2.0 AWD (Híbrido);2024
58;9941;XC 60 T-8 Ultimate 2.0 AWD (Híbrido);2024
58;9943;XC 90 T-8 INSC. EXPRESS. 2.0 (Híbrido);2022
58;9944;XC 90 T-8 INSCRIPT 2.0 (Híbrido);2022
58;9947;XC 90 T-8 R-DESIGN 2.0 (Híbrido);2022
58;9948;XC 90 T-8 Ultim. Dark 2.0 AWD (Híbrido);2024
58;9949;XC 90 T-8 Ultimate 2.0 AWD (Híbrido);2024
59;10137;Delivery Express+ Turbo Diesel;2023
59;8323;Gol 1.0 Flex 12V 5p;2023
59;10166;Gol Last Edition 1.0 Flex 12V 5p;2023
59;9152;Nivus Launching Ed. 1.0 200 TSI Flex Aut;2022
59;8070;Polo 1.0 Flex 12V 5p;2022
59;8068;Polo Comfort. 200 TSI 1.0 Flex 12V Aut.;2022
59;8069;Polo Highline 200 TSI 1.0 Flex 12V Aut.;2022
59;10406;Polo Track First Edition 1.0 Flex 12V 5p;2023
59;6941;Saveiro CROSS 1.6 T.Flex 16V CD;2023
59;7566;Saveiro Robust 1.6 Total Flex 8V;2023
59;7960;Saveiro Robust 1.6 Total Flex 8V CD;2023
59;9531;TAOS Launching Ed. 1.4 250 TSI Flex Aut.;2022
59;8997;VIRTUS GTS 1.4 TSI 16V Flex 4p;2022
59;8325;VOYAGE 1.0 Flex 12V 4p;2023
